candidate_small_codes,candidate_count,candidate_major_codes,normalized_major_code,normalized_major_name,candidate_middle_codes,normalized_middle_code,normalized_middle_name,normalized_small_code,normalized_small_name,mapping_level,mapping_confidence,source_system,mapping_type,mapping_basis,crosswalk_types,is_added_category,source_small_code
G20404,1,G2,G2,소매업,G204,G204,종합 소매업,G20404,슈퍼마켓,small,소분류확정,837,통합,837→247 연계,통합,False,D01A01
G20509,1,G2,G2,소매업,G205,G205,식료품 소매업,G20509,반찬/식료품 소매업,small,소분류확정,837,통합,837→247 연계,통합,False,D01A02
G20503,1,G2,G2,소매업,G205,G205,식료품 소매업,G20503,정육점,small,소분류확정,837,통합,837→247 연계,통합,False,D01A03
G20503,1,G2,G2,소매업,G205,G205,식료품 소매업,G20503,정육점,small,소분류확정,837,통합,837→247 연계,통합,False,D01A04
G20503,1,G2,G2,소매업,G205,G205,식료품 소매업,G20503,정육점,small,소분류확정,837,통합,837→247 연계,통합,False,D01A05
G20503,1,G2,G2,소매업,G205,G205,식료품 소매업,G20503,정육점,small,소분류확정,837,통합,837→247 연계,통합,False,D01A06
G20509,1,G2,G2,소매업,G205,G205,식료품 소매업,G20509,반찬/식료품 소매업,small,소분류확정,837,통합,837→247 연계,통합,False,D01A07
G20499,1,G2,G2,소매업,G204,G204,종합 소매업,G20499,그 외 기타 종합 소매업,small,소분류확정,837,통합,837→247 연계,통합,False,D01A08
G20404,1,G2,G2,소매업,G204,G204,종합 소매업,G20404,슈퍼마켓,small,소분류확정,837,통합,837→247 연계,통합,False,D01A09
G20505,1,G2,G2,소매업,G205,G205,식료품 소매업,G20505,수산물 소매업,small,소분류확정,837,통합,837→247 연계,통합,False,D01A10
G20504,1,G2,G2,소매업,G205,G205,식료품 소매업,G20504,건어물/젓갈 소매업,small,소분류확정,837,유지,837→247 연계,유지,False,D01A11
G20505,1,G2,G2,소매업,G205,G205,식료품 소매업,G20505,수산물 소매업,small,소분류확정,837,통합,837→247 연계,통합,False,D01A12
G20506,1,G2,G2,소매업,G205,G205,식료품 소매업,G20506,채소/과일 소매업,small,소분류확정,837,통합,837→247 연계,통합,False,D01A13
G20501,1,G2,G2,소매업,G205,G205,식료품 소매업,G20501,곡물/곡분 소매업,small,소분류확정,837,통합,837→247 연계,통합,False,D01A14
G20501,1,G2,G2,소매업,G205,G205,식료품 소매업,G20501,곡물/곡분 소매업,small,소분류확정,837,통합,837→247 연계,통합,False,D01A15
G20506,1,G2,G2,소매업,G205,G205,식료품 소매업,G20506,채소/과일 소매업,small,소분류확정,837,통합,837→247 연계,통합,False,D01A18
G20603,1,G2,G2,소매업,G206,G206,음료 소매업,G20603,생수/음료 소매업,small,소분류확정,837,유지,837→247 연계,유지,False,D01A19
G20601,1,G2,G2,소매업,G206,G206,음료 소매업,G20601,얼음 소매업,small,소분류확정,837,유지,837→247 연계,유지,False,D01A20
G20604,1,G2,G2,소매업,G206,G206,음료 소매업,G20604,우유 소매업,small,소분류확정,837,유지,837→247 연계,유지,False,D01A21
G20404,1,G2,G2,소매업,G204,G204,종합 소매업,G20404,슈퍼마켓,small,소분류확정,837,통합,837→247 연계,통합,False,D01A22
G20404,1,G2,G2,소매업,G204,G204,종합 소매업,G20404,슈퍼마켓,small,소분류확정,837,통합,837→247 연계,통합,False,D01A23
G20404,1,G2,G2,소매업,G204,G204,종합 소매업,G20404,슈퍼마켓,small,소분류확정,837,통합,837→247 연계,통합,False,D01A24
G20404,1,G2,G2,소매업,G204,G204,종합 소매업,G20404,슈퍼마켓,small,소분류확정,837,통합,837→247 연계,통합,False,D01A25
G20499,1,G2,G2,소매업,G204,G204,종합 소매업,G20499,그 외 기타 종합 소매업,small,소분류확정,837,통합,837→247 연계,통합,False,D01A26
G20499,1,G2,G2,소매업,G204,G204,종합 소매업,G20499,그 외 기타 종합 소매업,small,소분류확정,837,통합,837→247 연계,통합,False,D01A27
G21802,1,G2,G2,소매업,G218,G218,"예술품, 기념품 및 장식용품 소매업",G21802,기념품점,small,소분류확정,837,통합,837→247 연계,통합,False,D02A01
G21901,1,G2,G2,소매업,G219,G219,화초 및 식물 소매업,G21901,꽃집,small,소분류확정,837,유지,837→247 연계,유지,False,D02A02
G21802,1,G2,G2,소매업,G218,G218,"예술품, 기념품 및 장식용품 소매업",G21802,기념품점,small,소분류확정,837,통합,837→247 연계,통합,False,D02A03
G21802,1,G2,G2,소매업,G218,G218,"예술품, 기념품 및 장식용품 소매업",G21802,기념품점,small,소분류확정,837,통합,837→247 연계,통합,False,D02A04
G21802,1,G2,G2,소매업,G218,G218,"예술품, 기념품 및 장식용품 소매업",G21802,기념품점,small,소분류확정,837,통합,837→247 연계,통합,False,D02A05
G21802,1,G2,G2,소매업,G218,G218,"예술품, 기념품 및 장식용품 소매업",G21802,기념품점,small,소분류확정,837,통합,837→247 연계,통합,False,D02A06
G21802,1,G2,G2,소매업,G218,G218,"예술품, 기념품 및 장식용품 소매업",G21802,기념품점,small,소분류확정,837,통합,837→247 연계,통합,False,D02A07
G21802,1,G2,G2,소매업,G218,G218,"예술품, 기념품 및 장식용품 소매업",G21802,기념품점,small,소분류확정,837,통합,837→247 연계,통합,False,D02A08
G20405,1,G2,G2,소매업,G204,G204,종합 소매업,G20405,편의점,small,소분류확정,837,유지,837→247 연계,유지,False,D03A01
G20404,1,G2,G2,소매업,G204,G204,종합 소매업,G20404,슈퍼마켓,small,소분류확정,837,통합,837→247 연계,통합,False,D03A02
G20499,1,G2,G2,소매업,G204,G204,종합 소매업,G20499,그 외 기타 종합 소매업,small,소분류확정,837,통합,837→247 연계,통합,False,D03A03
G20499,1,G2,G2,소매업,G204,G204,종합 소매업,G20499,그 외 기타 종합 소매업,small,소분류확정,837,통합,837→247 연계,통합,False,D03A04
G20499,1,G2,G2,소매업,G204,G204,종합 소매업,G20499,그 외 기타 종합 소매업,small,소분류확정,837,통합,837→247 연계,통합,False,D03A05
G20499,1,G2,G2,소매업,G204,G204,종합 소매업,G20499,그 외 기타 종합 소매업,small,소분류확정,837,통합,837→247 연계,통합,False,D03A06
G20499,1,G2,G2,소매업,G204,G204,종합 소매업,G20499,그 외 기타 종합 소매업,small,소분류확정,837,통합,837→247 연계,통합,False,D03A07
,0,,,,,,,,,none,제외확정,837,제외,837→247 연계,제외,False,D03B01
,0,,,,,,,,,none,제외확정,837,제외,837→247 연계,제외,False,D03B02
,0,,,,,,,,,none,제외확정,837,제외,837→247 연계,제외,False,D03B03
,0,,,,,,,,,none,제외확정,837,제외,837→247 연계,제외,False,D03B04
G20499,1,G2,G2,소매업,G204,G204,종합 소매업,G20499,그 외 기타 종합 소매업,small,소분류확정,837,통합,837→247 연계,통합,False,D03B05
G20499,1,G2,G2,소매업,G204,G204,종합 소매업,G20499,그 외 기타 종합 소매업,small,소분류확정,837,통합,837→247 연계,통합,False,D03B06
G20499,1,G2,G2,소매업,G204,G204,종합 소매업,G20499,그 외 기타 종합 소매업,small,소분류확정,837,통합,837→247 연계,통합,False,D03B09
G20499,1,G2,G2,소매업,G204,G204,종합 소매업,G20499,그 외 기타 종합 소매업,small,소분류확정,837,통합,837→247 연계,통합,False,D03B10
G21306,1,G2,G2,소매업,G213,G213,"문화, 오락 및 여가 용품 소매업",G21306,장난감 소매업,small,소분류확정,837,통합,837→247 연계,통합,False,D04A01
G21306,1,G2,G2,소매업,G213,G213,"문화, 오락 및 여가 용품 소매업",G21306,장난감 소매업,small,소분류확정,837,통합,837→247 연계,통합,False,D04A02
G21202,1,G2,G2,소매업,G212,G212,기타 생활용품 소매업,G21202,주방/가정용품 소매업,small,소분류확정,837,통합,837→247 연계,통합,False,D04A03
G21202,1,G2,G2,소매업,G212,G212,기타 생활용품 소매업,G21202,주방/가정용품 소매업,small,소분류확정,837,통합,837→247 연계,통합,False,D04A04
G21202,1,G2,G2,소매업,G212,G212,기타 생활용품 소매업,G21202,주방/가정용품 소매업,small,소분류확정,837,통합,837→247 연계,통합,False,D04A05
G21202,1,G2,G2,소매업,G212,G212,기타 생활용품 소매업,G21202,주방/가정용품 소매업,small,소분류확정,837,통합,837→247 연계,통합,False,D04A06
G21801,1,G2,G2,소매업,G218,G218,"예술품, 기념품 및 장식용품 소매업",G21801,예술품 소매업,small,소분류확정,837,통합,837→247 연계,통합,False,D04A07
G21203,1,G2,G2,소매업,G212,G212,기타 생활용품 소매업,G21203,악기 소매업,small,소분류확정,837,유지,837→247 연계,유지,False,D04A09
G21302,1,G2,G2,소매업,G213,G213,"문화, 오락 및 여가 용품 소매업",G21302,문구/회화용품 소매업,small,소분류확정,837,통합,837→247 연계,통합,False,D04A10
G21202,1,G2,G2,소매업,G212,G212,기타 생활용품 소매업,G21202,주방/가정용품 소매업,small,소분류확정,837,통합,837→247 연계,통합,False,D04A11
G21202,1,G2,G2,소매업,G212,G212,기타 생활용품 소매업,G21202,주방/가정용품 소매업,small,소분류확정,837,통합,837→247 연계,통합,False,D04A12
G21202,1,G2,G2,소매업,G212,G212,기타 생활용품 소매업,G21202,주방/가정용품 소매업,small,소분류확정,837,통합,837→247 연계,통합,False,D04A13
G21202,1,G2,G2,소매업,G212,G212,기타 생활용품 소매업,G21202,주방/가정용품 소매업,small,소분류확정,837,통합,837→247 연계,통합,False,D04A14
G20902,1,G2,G2,소매업,G209,G209,"섬유, 의복, 신발 및 가죽제품 소매업",G20902,여성 의류 소매업,small,소분류확정,837,통합,837→247 연계,통합,False,D05A01
G20905,1,G2,G2,소매업,G209,G209,"섬유, 의복, 신발 및 가죽제품 소매업",G20905,기타 의류 소매업,small,소분류확정,837,통합,837→247 연계,통합,False,D05A02
G20902,1,G2,G2,소매업,G209,G209,"섬유, 의복, 신발 및 가죽제품 소매업",G20902,여성 의류 소매업,small,소분류확정,837,통합,837→247 연계,통합,False,D05A03
G20905,1,G2,G2,소매업,G209,G209,"섬유, 의복, 신발 및 가죽제품 소매업",G20905,기타 의류 소매업,small,소분류확정,837,통합,837→247 연계,통합,False,D05A04
G20903,1,G2,G2,소매업,G209,G209,"섬유, 의복, 신발 및 가죽제품 소매업",G20903,유아용 의류 소매업,small,소분류확정,837,통합,837→247 연계,통합,False,D05A05
G20902,1,G2,G2,소매업,G209,G209,"섬유, 의복, 신발 및 가죽제품 소매업",G20902,여성 의류 소매업,small,소분류확정,837,통합,837→247 연계,통합,False,D05A06
G20905,1,G2,G2,소매업,G209,G209,"섬유, 의복, 신발 및 가죽제품 소매업",G20905,기타 의류 소매업,small,소분류확정,837,통합,837→247 연계,통합,False,D05A07
G20901,1,G2,G2,소매업,G209,G209,"섬유, 의복, 신발 및 가죽제품 소매업",G20901,남성 의류 소매업,small,소분류확정,837,통합,837→247 연계,통합,False,D05A08
G20901,1,G2,G2,소매업,G209,G209,"섬유, 의복, 신발 및 가죽제품 소매업",G20901,남성 의류 소매업,small,소분류확정,837,통합,837→247 연계,통합,False,D05A09
G20904,1,G2,G2,소매업,G209,G209,"섬유, 의복, 신발 및 가죽제품 소매업",G20904,한복 소매업,small,소분류확정,837,유지,837→247 연계,유지,False,D05A10
G20905,1,G2,G2,소매업,G209,G209,"섬유, 의복, 신발 및 가죽제품 소매업",G20905,기타 의류 소매업,small,소분류확정,837,통합,837→247 연계,통합,False,D05A11
G20905,1,G2,G2,소매업,G209,G209,"섬유, 의복, 신발 및 가죽제품 소매업",G20905,기타 의류 소매업,small,소분류확정,837,통합,837→247 연계,통합,False,D05A12
G20905,1,G2,G2,소매업,G209,G209,"섬유, 의복, 신발 및 가죽제품 소매업",G20905,기타 의류 소매업,small,소분류확정,837,통합,837→247 연계,통합,False,D05A13
G20905,1,G2,G2,소매업,G209,G209,"섬유, 의복, 신발 및 가죽제품 소매업",G20905,기타 의류 소매업,small,소분류확정,837,통합,837→247 연계,통합,False,D05A14
G20905,1,G2,G2,소매업,G209,G209,"섬유, 의복, 신발 및 가죽제품 소매업",G20905,기타 의류 소매업,small,소분류확정,837,통합,837→247 연계,통합,False,D05A15
G20905,1,G2,G2,소매업,G209,G209,"섬유, 의복, 신발 및 가죽제품 소매업",G20905,기타 의류 소매업,small,소분류확정,837,통합,837→247 연계,통합,False,D05A16
G20909,1,G2,G2,소매업,G209,G209,"섬유, 의복, 신발 및 가죽제품 소매업",G20909,실/섬유제품 소매업,small,소분류확정,837,유지,837→247 연계,유지,False,D05A18
G20905,1,G2,G2,소매업,G209,G209,"섬유, 의복, 신발 및 가죽제품 소매업",G20905,기타 의류 소매업,small,소분류확정,837,통합,837→247 연계,통합,False,D05A19
G20910,1,G2,G2,소매업,G209,G209,"섬유, 의복, 신발 및 가죽제품 소매업",G20910,신발 소매업,small,소분류확정,837,통합,837→247 연계,통합,False,D06A01
G20910,1,G2,G2,소매업,G209,G209,"섬유, 의복, 신발 및 가죽제품 소매업",G20910,신발 소매업,small,소분류확정,837,통합,837→247 연계,통합,False,D06A02
G20910,1,G2,G2,소매업,G209,G209,"섬유, 의복, 신발 및 가죽제품 소매업",G20910,신발 소매업,small,소분류확정,837,통합,837→247 연계,통합,False,D06A03
G20907,1,G2,G2,소매업,G209,G209,"섬유, 의복, 신발 및 가죽제품 소매업",G20907,액세서리/잡화 소매업,small,소분류확정,837,통합,837→247 연계,통합,False,D06A05
S20201,1,S2,S2,수리 및 개인 서비스업,S202,S202,통신장비 수리업,S20201,핸드폰/통신장비 수리업,small,소분류확정,837,통합,837→247 연계,통합,False,D06A06
G20901,1,G2,G2,소매업,G209,G209,"섬유, 의복, 신발 및 가죽제품 소매업",G20901,남성 의류 소매업,small,소분류확정,837,통합,837→247 연계,통합,False,D06A07
G20908,1,G2,G2,소매업,G209,G209,"섬유, 의복, 신발 및 가죽제품 소매업",G20908,가발 소매업,small,소분류확정,837,유지,837→247 연계,유지,False,D06A08
G20907,1,G2,G2,소매업,G209,G209,"섬유, 의복, 신발 및 가죽제품 소매업",G20907,액세서리/잡화 소매업,small,소분류확정,837,통합,837→247 연계,통합,False,D06A09
G20911,1,G2,G2,소매업,G209,G209,"섬유, 의복, 신발 및 가죽제품 소매업",G20911,가방 소매업,small,소분류확정,837,통합,837→247 연계,통합,False,D06A10
G21202,1,G2,G2,소매업,G212,G212,기타 생활용품 소매업,G21202,주방/가정용품 소매업,small,소분류확정,837,통합,837→247 연계,통합,False,D06A11
G20906,1,G2,G2,소매업,G209,G209,"섬유, 의복, 신발 및 가죽제품 소매업",G20906,침구류/커튼 소매업,small,소분류확정,837,유지,837→247 연계,유지,False,D07A01
G21202,1,G2,G2,소매업,G212,G212,기타 생활용품 소매업,G21202,주방/가정용품 소매업,small,소분류확정,837,통합,837→247 연계,통합,False,D07A02
G21202,1,G2,G2,소매업,G212,G212,기타 생활용품 소매업,G21202,주방/가정용품 소매업,small,소분류확정,837,통합,837→247 연계,통합,False,D07A03
G21202,1,G2,G2,소매업,G212,G212,기타 생활용품 소매업,G21202,주방/가정용품 소매업,small,소분류확정,837,통합,837→247 연계,통합,False,D07A04
G21202,1,G2,G2,소매업,G212,G212,기타 생활용품 소매업,G21202,주방/가정용품 소매업,small,소분류확정,837,통합,837→247 연계,통합,False,D07A05
G21002,1,G2,G2,소매업,G210,G210,"철물, 공구, 창호 및 건설자재 소매업",G21002,벽지/장판/마루 소매업,small,소분류확정,837,유지,837→247 연계,유지,False,D07A06
G21202,1,G2,G2,소매업,G212,G212,기타 생활용품 소매업,G21202,주방/가정용품 소매업,small,소분류확정,837,통합,837→247 연계,통합,False,D07A07
G21202,1,G2,G2,소매업,G212,G212,기타 생활용품 소매업,G21202,주방/가정용품 소매업,small,소분류확정,837,통합,837→247 연계,통합,False,D07A08
G21202,1,G2,G2,소매업,G212,G212,기타 생활용품 소매업,G21202,주방/가정용품 소매업,small,소분류확정,837,통합,837→247 연계,통합,False,D07A09
G21201,1,G2,G2,소매업,G212,G212,기타 생활용품 소매업,G21201,전기용품/조명장치 소매업,small,소분류확정,837,유지,837→247 연계,유지,False,D07A10
G20907,1,G2,G2,소매업,G209,G209,"섬유, 의복, 신발 및 가죽제품 소매업",G20907,액세서리/잡화 소매업,small,소분류확정,837,통합,837→247 연계,통합,False,D07A11
G20907,1,G2,G2,소매업,G209,G209,"섬유, 의복, 신발 및 가죽제품 소매업",G20907,액세서리/잡화 소매업,small,소분류확정,837,통합,837→247 연계,통합,False,D07A12
G20907,1,G2,G2,소매업,G209,G209,"섬유, 의복, 신발 및 가죽제품 소매업",G20907,액세서리/잡화 소매업,small,소분류확정,837,통합,837→247 연계,통합,False,D07A13
G20907,1,G2,G2,소매업,G209,G209,"섬유, 의복, 신발 및 가죽제품 소매업",G20907,액세서리/잡화 소매업,small,소분류확정,837,통합,837→247 연계,통합,False,D07A14
G21001,1,G2,G2,소매업,G210,G210,"철물, 공구, 창호 및 건설자재 소매업",G21001,철물/공구 소매업,small,소분류확정,837,통합,837→247 연계,통합,False,D07A15
G21202,1,G2,G2,소매업,G212,G212,기타 생활용품 소매업,G21202,주방/가정용품 소매업,small,소분류확정,837,통합,837→247 연계,통합,False,D07A16
G21202,1,G2,G2,소매업,G212,G212,기타 생활용품 소매업,G21202,주방/가정용품 소매업,small,소분류확정,837,통합,837→247 연계,통합,False,D07A17
G21202,1,G2,G2,소매업,G212,G212,기타 생활용품 소매업,G21202,주방/가정용품 소매업,small,소분류확정,837,통합,837→247 연계,통합,False,D07A18
G21202,1,G2,G2,소매업,G212,G212,기타 생활용품 소매업,G21202,주방/가정용품 소매업,small,소분류확정,837,통합,837→247 연계,통합,False,D07A19
G21302,1,G2,G2,소매업,G213,G213,"문화, 오락 및 여가 용품 소매업",G21302,문구/회화용품 소매업,small,소분류확정,837,통합,837→247 연계,통합,False,D08A01
G21601,1,G2,G2,소매업,G216,G216,"사무용 기기, 안경, 사진장비 및 정밀기기 소매업",G21601,사무기기 소매업,small,소분류확정,837,통합,837→247 연계,통합,False,D08A02
G21601,1,G2,G2,소매업,G216,G216,"사무용 기기, 안경, 사진장비 및 정밀기기 소매업",G21601,사무기기 소매업,small,소분류확정,837,통합,837→247 연계,통합,False,D08A03
G20801,1,G2,G2,소매업,G208,G208,가전제품 및 정보 통신장비 소매업,G20801,컴퓨터/소프트웨어 소매업,small,소분류확정,837,통합,837→247 연계,통합,False,D08A04
G20801,1,G2,G2,소매업,G208,G208,가전제품 및 정보 통신장비 소매업,G20801,컴퓨터/소프트웨어 소매업,small,소분류확정,837,통합,837→247 연계,통합,False,D08A05
G21801,1,G2,G2,소매업,G218,G218,"예술품, 기념품 및 장식용품 소매업",G21801,예술품 소매업,small,소분류확정,837,통합,837→247 연계,통합,False,D08A06
G20801,1,G2,G2,소매업,G208,G208,가전제품 및 정보 통신장비 소매업,G20801,컴퓨터/소프트웨어 소매업,small,소분류확정,837,통합,837→247 연계,통합,False,D08A08
G21302,1,G2,G2,소매업,G213,G213,"문화, 오락 및 여가 용품 소매업",G21302,문구/회화용품 소매업,small,소분류확정,837,통합,837→247 연계,통합,False,D08A10
G20801,1,G2,G2,소매업,G208,G208,가전제품 및 정보 통신장비 소매업,G20801,컴퓨터/소프트웨어 소매업,small,소분류확정,837,통합,837→247 연계,통합,False,D08A11
G22001,1,G2,G2,소매업,G220,G220,애완용 동물 및 관련용품 소매업,G22001,애완동물/애완용품 소매업,small,소분류확정,837,통합,837→247 연계,통합,False,D09A01
G22001,1,G2,G2,소매업,G220,G220,애완용 동물 및 관련용품 소매업,G22001,애완동물/애완용품 소매업,small,소분류확정,837,통합,837→247 연계,통합,False,D09A02
G20508,1,G2,G2,소매업,G205,G205,식료품 소매업,G20508,건강보조식품 소매업,small,소분류확정,837,통합,837→247 연계,통합,False,D10A01
G20508,1,G2,G2,소매업,G205,G205,식료품 소매업,G20508,건강보조식품 소매업,small,소분류확정,837,통합,837→247 연계,통합,False,D10A02
G20508,1,G2,G2,소매업,G205,G205,식료품 소매업,G20508,건강보조식품 소매업,small,소분류확정,837,통합,837→247 연계,통합,False,D10A03
G20508,1,G2,G2,소매업,G205,G205,식료품 소매업,G20508,건강보조식품 소매업,small,소분류확정,837,통합,837→247 연계,통합,False,D10A04
G20508,1,G2,G2,소매업,G205,G205,식료품 소매업,G20508,건강보조식품 소매업,small,소분류확정,837,통합,837→247 연계,통합,False,D10A05
G20508,1,G2,G2,소매업,G205,G205,식료품 소매업,G20508,건강보조식품 소매업,small,소분류확정,837,통합,837→247 연계,통합,False,D10A06
G20508,1,G2,G2,소매업,G205,G205,식료품 소매업,G20508,건강보조식품 소매업,small,소분류확정,837,통합,837→247 연계,통합,False,D10A07
G20508,1,G2,G2,소매업,G205,G205,식료품 소매업,G20508,건강보조식품 소매업,small,소분류확정,837,통합,837→247 연계,통합,False,D10A08
G20903,1,G2,G2,소매업,G209,G209,"섬유, 의복, 신발 및 가죽제품 소매업",G20903,유아용 의류 소매업,small,소분류확정,837,통합,837→247 연계,통합,False,D11A01
G21202,1,G2,G2,소매업,G212,G212,기타 생활용품 소매업,G21202,주방/가정용품 소매업,small,소분류확정,837,통합,837→247 연계,통합,False,D11A02
G21202,1,G2,G2,소매업,G212,G212,기타 생활용품 소매업,G21202,주방/가정용품 소매업,small,소분류확정,837,통합,837→247 연계,통합,False,D11A03
G21202,1,G2,G2,소매업,G212,G212,기타 생활용품 소매업,G21202,주방/가정용품 소매업,small,소분류확정,837,통합,837→247 연계,통합,False,D11A04
G20803,1,G2,G2,소매업,G208,G208,가전제품 및 정보 통신장비 소매업,G20803,가전제품 소매업,small,소분류확정,837,통합,837→247 연계,통합,False,D12A01
G20803,1,G2,G2,소매업,G208,G208,가전제품 및 정보 통신장비 소매업,G20803,가전제품 소매업,small,소분류확정,837,통합,837→247 연계,통합,False,D12A02
G22201,1,G2,G2,소매업,G222,G222,중고 상품 소매업,G22201,중고 상품 소매업,small,소분류확정,837,유지,837→247 연계,유지,False,D12A03
G20803,1,G2,G2,소매업,G208,G208,가전제품 및 정보 통신장비 소매업,G20803,가전제품 소매업,small,소분류확정,837,통합,837→247 연계,통합,False,D12A04
G20802,1,G2,G2,소매업,G208,G208,가전제품 및 정보 통신장비 소매업,G20802,핸드폰 소매업,small,소분류확정,837,통합,837→247 연계,통합,False,D12A05
G21301,1,G2,G2,소매업,G213,G213,"문화, 오락 및 여가 용품 소매업",G21301,서점,small,소분류확정,837,통합,837→247 연계,통합,False,D13A01
G21301,1,G2,G2,소매업,G213,G213,"문화, 오락 및 여가 용품 소매업",G21301,서점,small,소분류확정,837,통합,837→247 연계,통합,False,D13A02
G21301,1,G2,G2,소매업,G213,G213,"문화, 오락 및 여가 용품 소매업",G21301,서점,small,소분류확정,837,통합,837→247 연계,통합,False,D13A03
G21301,1,G2,G2,소매업,G213,G213,"문화, 오락 및 여가 용품 소매업",G21301,서점,small,소분류확정,837,통합,837→247 연계,통합,False,D13A04
G21301,1,G2,G2,소매업,G213,G213,"문화, 오락 및 여가 용품 소매업",G21301,서점,small,소분류확정,837,통합,837→247 연계,통합,False,D13A05
G21301,1,G2,G2,소매업,G213,G213,"문화, 오락 및 여가 용품 소매업",G21301,서점,small,소분류확정,837,통합,837→247 연계,통합,False,D13A06
G21301,1,G2,G2,소매업,G213,G213,"문화, 오락 및 여가 용품 소매업",G21301,서점,small,소분류확정,837,통합,837→247 연계,통합,False,D13A07
G21301,1,G2,G2,소매업,G213,G213,"문화, 오락 및 여가 용품 소매업",G21301,서점,small,소분류확정,837,통합,837→247 연계,통합,False,D13A08
G21301,1,G2,G2,소매업,G213,G213,"문화, 오락 및 여가 용품 소매업",G21301,서점,small,소분류확정,837,통합,837→247 연계,통합,False,D13A09
G21301,1,G2,G2,소매업,G213,G213,"문화, 오락 및 여가 용품 소매업",G21301,서점,small,소분류확정,837,통합,837→247 연계,통합,False,D13A10
G21301,1,G2,G2,소매업,G213,G213,"문화, 오락 및 여가 용품 소매업",G21301,서점,small,소분류확정,837,통합,837→247 연계,통합,False,D13A11
G21301,1,G2,G2,소매업,G213,G213,"문화, 오락 및 여가 용품 소매업",G21301,서점,small,소분류확정,837,통합,837→247 연계,통합,False,D13A12
G21301,1,G2,G2,소매업,G213,G213,"문화, 오락 및 여가 용품 소매업",G21301,서점,small,소분류확정,837,통합,837→247 연계,통합,False,D13A13
G21304,1,G2,G2,소매업,G213,G213,"문화, 오락 및 여가 용품 소매업",G21304,운동용품 소매업,small,소분류확정,837,통합,837→247 연계,통합,False,D14A01
G21304,1,G2,G2,소매업,G213,G213,"문화, 오락 및 여가 용품 소매업",G21304,운동용품 소매업,small,소분류확정,837,통합,837→247 연계,통합,False,D14A02
G21305,1,G2,G2,소매업,G213,G213,"문화, 오락 및 여가 용품 소매업",G21305,자전거 소매업,small,소분류확정,837,유지,837→247 연계,분리,False,D14A03
G21304,1,G2,G2,소매업,G213,G213,"문화, 오락 및 여가 용품 소매업",G21304,운동용품 소매업,small,소분류확정,837,통합,837→247 연계,통합,False,D14A05
G21304,1,G2,G2,소매업,G213,G213,"문화, 오락 및 여가 용품 소매업",G21304,운동용품 소매업,small,소분류확정,837,통합,837→247 연계,통합,False,D14A06
G21304,1,G2,G2,소매업,G213,G213,"문화, 오락 및 여가 용품 소매업",G21304,운동용품 소매업,small,소분류확정,837,통합,837→247 연계,통합,False,D14A07
G21304,1,G2,G2,소매업,G213,G213,"문화, 오락 및 여가 용품 소매업",G21304,운동용품 소매업,small,소분류확정,837,통합,837→247 연계,통합,False,D14A08
G21304,1,G2,G2,소매업,G213,G213,"문화, 오락 및 여가 용품 소매업",G21304,운동용품 소매업,small,소분류확정,837,통합,837→247 연계,통합,False,D14A09
G21304,1,G2,G2,소매업,G213,G213,"문화, 오락 및 여가 용품 소매업",G21304,운동용품 소매업,small,소분류확정,837,통합,837→247 연계,통합,False,D14A10
G21304,1,G2,G2,소매업,G213,G213,"문화, 오락 및 여가 용품 소매업",G21304,운동용품 소매업,small,소분류확정,837,통합,837→247 연계,통합,False,D14A11
G21304,1,G2,G2,소매업,G213,G213,"문화, 오락 및 여가 용품 소매업",G21304,운동용품 소매업,small,소분류확정,837,통합,837→247 연계,통합,False,D14A12
G21304,1,G2,G2,소매업,G213,G213,"문화, 오락 및 여가 용품 소매업",G21304,운동용품 소매업,small,소분류확정,837,통합,837→247 연계,통합,False,D14A13
G22199,1,G2,G2,소매업,G221,G221,기타 상품 전문 소매업,G22199,그 외 기타 상품 전문 소매업,small,소분류확정,837,통합,837→247 연계,통합,False,D14A14
G21101,1,G2,G2,소매업,G211,G211,가구 소매업,G21101,가구 소매업,small,소분류확정,837,통합,837→247 연계,통합,False,D15A01
G21101,1,G2,G2,소매업,G211,G211,가구 소매업,G21101,가구 소매업,small,소분류확정,837,통합,837→247 연계,통합,False,D15A02
G21101,1,G2,G2,소매업,G211,G211,가구 소매업,G21101,가구 소매업,small,소분류확정,837,통합,837→247 연계,통합,False,D15A03
G21101,1,G2,G2,소매업,G211,G211,가구 소매업,G21101,가구 소매업,small,소분류확정,837,통합,837→247 연계,통합,False,D15A04
G21101,1,G2,G2,소매업,G211,G211,가구 소매업,G21101,가구 소매업,small,소분류확정,837,통합,837→247 연계,통합,False,D15A05
G21101,1,G2,G2,소매업,G211,G211,가구 소매업,G21101,가구 소매업,small,소분류확정,837,통합,837→247 연계,통합,False,D15A06
G21101,1,G2,G2,소매업,G211,G211,가구 소매업,G21101,가구 소매업,small,소분류확정,837,통합,837→247 연계,통합,False,D15A07
G21101,1,G2,G2,소매업,G211,G211,가구 소매업,G21101,가구 소매업,small,소분류확정,837,통합,837→247 연계,통합,False,D15A08
G21503,1,G2,G2,소매업,G215,G215,"의약품, 의료용 기구, 화장품 및 방향제 소매업",G21503,화장품 소매업,small,소분류확정,837,통합,837→247 연계,통합,False,D16A01
G21503,1,G2,G2,소매업,G215,G215,"의약품, 의료용 기구, 화장품 및 방향제 소매업",G21503,화장품 소매업,small,소분류확정,837,통합,837→247 연계,통합,False,D16A02
G21801,1,G2,G2,소매업,G218,G218,"예술품, 기념품 및 장식용품 소매업",G21801,예술품 소매업,small,소분류확정,837,통합,837→247 연계,통합,False,D17A01
G21801,1,G2,G2,소매업,G218,G218,"예술품, 기념품 및 장식용품 소매업",G21801,예술품 소매업,small,소분류확정,837,통합,837→247 연계,통합,False,D17A02
G21801,1,G2,G2,소매업,G218,G218,"예술품, 기념품 및 장식용품 소매업",G21801,예술품 소매업,small,소분류확정,837,통합,837→247 연계,통합,False,D17A03
G21801,1,G2,G2,소매업,G218,G218,"예술품, 기념품 및 장식용품 소매업",G21801,예술품 소매업,small,소분류확정,837,통합,837→247 연계,통합,False,D17A04
G21801,1,G2,G2,소매업,G218,G218,"예술품, 기념품 및 장식용품 소매업",G21801,예술품 소매업,small,소분류확정,837,통합,837→247 연계,통합,False,D17A05
G21801,1,G2,G2,소매업,G218,G218,"예술품, 기념품 및 장식용품 소매업",G21801,예술품 소매업,small,소분류확정,837,통합,837→247 연계,통합,False,D17A06
G21603,1,G2,G2,소매업,G216,G216,"사무용 기기, 안경, 사진장비 및 정밀기기 소매업",G21603,사진기/기타 광학기기 소매업,small,소분류확정,837,통합,837→247 연계,통합,False,D18A01
G20802,1,G2,G2,소매업,G208,G208,가전제품 및 정보 통신장비 소매업,G20802,핸드폰 소매업,small,소분류확정,837,통합,837→247 연계,통합,False,D18A02
G21603,1,G2,G2,소매업,G216,G216,"사무용 기기, 안경, 사진장비 및 정밀기기 소매업",G21603,사진기/기타 광학기기 소매업,small,소분류확정,837,통합,837→247 연계,통합,False,D18A03
G21602,1,G2,G2,소매업,G216,G216,"사무용 기기, 안경, 사진장비 및 정밀기기 소매업",G21602,안경렌즈 소매업,small,소분류확정,837,유지,837→247 연계,유지,False,D18A04
G21603,1,G2,G2,소매업,G216,G216,"사무용 기기, 안경, 사진장비 및 정밀기기 소매업",G21603,사진기/기타 광학기기 소매업,small,소분류확정,837,통합,837→247 연계,통합,False,D18A05
G21603,1,G2,G2,소매업,G216,G216,"사무용 기기, 안경, 사진장비 및 정밀기기 소매업",G21603,사진기/기타 광학기기 소매업,small,소분류확정,837,통합,837→247 연계,통합,False,D18A06
G21603,1,G2,G2,소매업,G216,G216,"사무용 기기, 안경, 사진장비 및 정밀기기 소매업",G21603,사진기/기타 광학기기 소매업,small,소분류확정,837,통합,837→247 연계,통합,False,D18A07
G21603,1,G2,G2,소매업,G216,G216,"사무용 기기, 안경, 사진장비 및 정밀기기 소매업",G21603,사진기/기타 광학기기 소매업,small,소분류확정,837,통합,837→247 연계,통합,False,D18A08
G21603,1,G2,G2,소매업,G216,G216,"사무용 기기, 안경, 사진장비 및 정밀기기 소매업",G21603,사진기/기타 광학기기 소매업,small,소분류확정,837,통합,837→247 연계,통합,False,D18A09
G21603,1,G2,G2,소매업,G216,G216,"사무용 기기, 안경, 사진장비 및 정밀기기 소매업",G21603,사진기/기타 광학기기 소매업,small,소분류확정,837,통합,837→247 연계,통합,False,D18A10
G21603,1,G2,G2,소매업,G216,G216,"사무용 기기, 안경, 사진장비 및 정밀기기 소매업",G21603,사진기/기타 광학기기 소매업,small,소분류확정,837,통합,837→247 연계,통합,False,D18A11
G21603,1,G2,G2,소매업,G216,G216,"사무용 기기, 안경, 사진장비 및 정밀기기 소매업",G21603,사진기/기타 광학기기 소매업,small,소분류확정,837,통합,837→247 연계,통합,False,D18A12
G22199,1,G2,G2,소매업,G221,G221,기타 상품 전문 소매업,G22199,그 외 기타 상품 전문 소매업,small,소분류확정,837,통합,837→247 연계,통합,False,D19A01
G22199,1,G2,G2,소매업,G221,G221,기타 상품 전문 소매업,G22199,그 외 기타 상품 전문 소매업,small,소분류확정,837,통합,837→247 연계,통합,False,D19A02
G22199,1,G2,G2,소매업,G221,G221,기타 상품 전문 소매업,G22199,그 외 기타 상품 전문 소매업,small,소분류확정,837,통합,837→247 연계,통합,False,D19A03
G22199,1,G2,G2,소매업,G221,G221,기타 상품 전문 소매업,G22199,그 외 기타 상품 전문 소매업,small,소분류확정,837,통합,837→247 연계,통합,False,D19A04
G21502,1,G2,G2,소매업,G215,G215,"의약품, 의료용 기구, 화장품 및 방향제 소매업",G21502,의료기기 소매업,small,소분류확정,837,통합,837→247 연계,통합,False,D20A01
G21502,1,G2,G2,소매업,G215,G215,"의약품, 의료용 기구, 화장품 및 방향제 소매업",G21502,의료기기 소매업,small,소분류확정,837,통합,837→247 연계,통합,False,D20A02
G21502,1,G2,G2,소매업,G215,G215,"의약품, 의료용 기구, 화장품 및 방향제 소매업",G21502,의료기기 소매업,small,소분류확정,837,통합,837→247 연계,통합,False,D20A03
G21502,1,G2,G2,소매업,G215,G215,"의약품, 의료용 기구, 화장품 및 방향제 소매업",G21502,의료기기 소매업,small,소분류확정,837,통합,837→247 연계,통합,False,D20A04
G21501,1,G2,G2,소매업,G215,G215,"의약품, 의료용 기구, 화장품 및 방향제 소매업",G21501,약국,small,소분류확정,837,통합,837→247 연계,통합,False,D20B01
G21001,1,G2,G2,소매업,G210,G210,"철물, 공구, 창호 및 건설자재 소매업",G21001,철물/공구 소매업,small,소분류확정,837,통합,837→247 연계,통합,False,D21A01
G21001,1,G2,G2,소매업,G210,G210,"철물, 공구, 창호 및 건설자재 소매업",G21001,철물/공구 소매업,small,소분류확정,837,통합,837→247 연계,통합,False,D21A02
G21001,1,G2,G2,소매업,G210,G210,"철물, 공구, 창호 및 건설자재 소매업",G21001,철물/공구 소매업,small,소분류확정,837,통합,837→247 연계,통합,False,D21A03
G21001,1,G2,G2,소매업,G210,G210,"철물, 공구, 창호 및 건설자재 소매업",G21001,철물/공구 소매업,small,소분류확정,837,통합,837→247 연계,통합,False,D21A04
G21001,1,G2,G2,소매업,G210,G210,"철물, 공구, 창호 및 건설자재 소매업",G21001,철물/공구 소매업,small,소분류확정,837,통합,837→247 연계,통합,False,D21A05
G21001,1,G2,G2,소매업,G210,G210,"철물, 공구, 창호 및 건설자재 소매업",G21001,철물/공구 소매업,small,소분류확정,837,통합,837→247 연계,통합,False,D21A06
G21001,1,G2,G2,소매업,G210,G210,"철물, 공구, 창호 및 건설자재 소매업",G21001,철물/공구 소매업,small,소분류확정,837,통합,837→247 연계,통합,False,D21A07
G21001,1,G2,G2,소매업,G210,G210,"철물, 공구, 창호 및 건설자재 소매업",G21001,철물/공구 소매업,small,소분류확정,837,통합,837→247 연계,통합,False,D21A08
G21001,1,G2,G2,소매업,G210,G210,"철물, 공구, 창호 및 건설자재 소매업",G21001,철물/공구 소매업,small,소분류확정,837,통합,837→247 연계,통합,False,D21A09
G21001,1,G2,G2,소매업,G210,G210,"철물, 공구, 창호 및 건설자재 소매업",G21001,철물/공구 소매업,small,소분류확정,837,통합,837→247 연계,통합,False,D21A11
G21003,1,G2,G2,소매업,G210,G210,"철물, 공구, 창호 및 건설자재 소매업",G21003,건설/건축자재 소매업,small,소분류확정,837,통합,837→247 연계,통합,False,D22A01
G21003,1,G2,G2,소매업,G210,G210,"철물, 공구, 창호 및 건설자재 소매업",G21003,건설/건축자재 소매업,small,소분류확정,837,통합,837→247 연계,통합,False,D22A02
G21099,1,G2,G2,소매업,G210,G210,"철물, 공구, 창호 및 건설자재 소매업",G21099,기타 건설/건축자재 소매업,small,소분류확정,837,통합,837→247 연계,통합,False,D22A03
,0,,,,,,,,,none,제외확정,837,제외,837→247 연계,제외,False,D23A01
,0,,,,,,,,,none,제외확정,837,제외,837→247 연계,제외,False,D23A02
G20202,1,G2,G2,소매업,G202,G202,자동차 부품 및 내장품 소매업,G20202,자동차 부품 소매업,small,소분류확정,837,통합,837→247 연계,통합,False,D23A03
G20201,1,G2,G2,소매업,G202,G202,자동차 부품 및 내장품 소매업,G20201,타이어 소매업,small,소분류확정,837,유지,837→247 연계,유지,False,D23A04
G20202,1,G2,G2,소매업,G202,G202,자동차 부품 및 내장품 소매업,G20202,자동차 부품 소매업,small,소분류확정,837,통합,837→247 연계,통합,False,D23A05
G20202,1,G2,G2,소매업,G202,G202,자동차 부품 및 내장품 소매업,G20202,자동차 부품 소매업,small,소분류확정,837,통합,837→247 연계,통합,False,D23A06
G20202,1,G2,G2,소매업,G202,G202,자동차 부품 및 내장품 소매업,G20202,자동차 부품 소매업,small,소분류확정,837,통합,837→247 연계,통합,False,D23A07
G20202,1,G2,G2,소매업,G202,G202,자동차 부품 및 내장품 소매업,G20202,자동차 부품 소매업,small,소분류확정,837,통합,837→247 연계,통합,False,D23A08
,0,,,,,,,,,none,제외확정,837,제외,837→247 연계,제외,False,D23A09
,0,,,,,,,,,none,제외확정,837,제외,837→247 연계,제외,False,D23A10
G20202,1,G2,G2,소매업,G202,G202,자동차 부품 및 내장품 소매업,G20202,자동차 부품 소매업,small,소분류확정,837,통합,837→247 연계,통합,False,D23A11
G22201,1,G2,G2,소매업,G222,G222,중고 상품 소매업,G22201,중고 상품 소매업,small,소분류확정,837,통합,837→247 연계,통합,False,D24A01
G22201,1,G2,G2,소매업,G222,G222,중고 상품 소매업,G22201,중고 상품 소매업,small,소분류확정,837,통합,837→247 연계,통합,False,D24A02
G22201,1,G2,G2,소매업,G222,G222,중고 상품 소매업,G22201,중고 상품 소매업,small,소분류확정,837,통합,837→247 연계,통합,False,D24A03
G22201,1,G2,G2,소매업,G222,G222,중고 상품 소매업,G22201,중고 상품 소매업,small,소분류확정,837,통합,837→247 연계,통합,False,D24A04
G21303,1,G2,G2,소매업,G213,G213,"문화, 오락 및 여가 용품 소매업",G21303,음반/비디오물 소매업,small,소분류확정,837,통합,837→247 연계,통합,False,D25A01
R10410,1,R1,R1,"예술, 스포츠 및 여가관련 서비스업",R104,R104,유원지 및 기타 오락관련 서비스업,R10410,복권 발행/판매업,small,소분류확정,837,유지,837→247 연계,유지,False,D25A02
,0,,,,,,,,,none,제외확정,837,제외,837→247 연계,제외,False,D25A03
G20701,1,G2,G2,소매업,G207,G207,담배 소매업,G20701,담배/전자담배 소매업,small,소분류확정,837,통합,837→247 연계,통합,False,D25A04
G20701,1,G2,G2,소매업,G207,G207,담배 소매업,G20701,담배/전자담배 소매업,small,소분류확정,837,통합,837→247 연계,통합,False,D25A05
G20803,1,G2,G2,소매업,G208,G208,가전제품 및 정보 통신장비 소매업,G20803,가전제품 소매업,small,소분류확정,837,통합,837→247 연계,통합,False,D25A06
G21403,1,G2,G2,소매업,G214,G214,연료소매업,G21403,가정용 연료 소매업,small,소분류확정,837,통합,837→247 연계,통합,False,D25A07
G21403,1,G2,G2,소매업,G214,G214,연료소매업,G21403,가정용 연료 소매업,small,소분류확정,837,통합,837→247 연계,통합,False,D25A08
G22199,1,G2,G2,소매업,G221,G221,기타 상품 전문 소매업,G22199,그 외 기타 상품 전문 소매업,small,소분류확정,837,통합,837→247 연계,통합,False,D25A09
G21403,1,G2,G2,소매업,G214,G214,연료소매업,G21403,가정용 연료 소매업,small,소분류확정,837,통합,837→247 연계,통합,False,D25A10
G22199,1,G2,G2,소매업,G221,G221,기타 상품 전문 소매업,G22199,그 외 기타 상품 전문 소매업,small,소분류확정,837,통합,837→247 연계,통합,False,D25A11
G21403,1,G2,G2,소매업,G214,G214,연료소매업,G21403,가정용 연료 소매업,small,소분류확정,837,통합,837→247 연계,통합,False,D25A12
G21202,1,G2,G2,소매업,G212,G212,기타 생활용품 소매업,G21202,주방/가정용품 소매업,small,소분류확정,837,통합,837→247 연계,통합,False,D25A13
G21202,1,G2,G2,소매업,G212,G212,기타 생활용품 소매업,G21202,주방/가정용품 소매업,small,소분류확정,837,통합,837→247 연계,통합,False,D25A14
G22199,1,G2,G2,소매업,G221,G221,기타 상품 전문 소매업,G22199,그 외 기타 상품 전문 소매업,small,소분류확정,837,통합,837→247 연계,통합,False,D25A15
G21502,1,G2,G2,소매업,G215,G215,"의약품, 의료용 기구, 화장품 및 방향제 소매업",G21502,의료기기 소매업,small,소분류확정,837,통합,837→247 연계,통합,False,D25A16
G22199,1,G2,G2,소매업,G221,G221,기타 상품 전문 소매업,G22199,그 외 기타 상품 전문 소매업,small,소분류확정,837,통합,837→247 연계,통합,False,D25A17
,0,,,,,,,,,none,제외확정,837,제외,837→247 연계,제외,False,D25A18
,0,,,,,,,,,none,제외확정,837,제외,837→247 연계,제외,False,D25A19
G21202,1,G2,G2,소매업,G212,G212,기타 생활용품 소매업,G21202,주방/가정용품 소매업,small,소분류확정,837,통합,837→247 연계,통합,False,D25A20
G21202,1,G2,G2,소매업,G212,G212,기타 생활용품 소매업,G21202,주방/가정용품 소매업,small,소분류확정,837,통합,837→247 연계,통합,False,D25A21
G21202,1,G2,G2,소매업,G212,G212,기타 생활용품 소매업,G21202,주방/가정용품 소매업,small,소분류확정,837,통합,837→247 연계,통합,False,D25A22
,0,,,,,,,,,none,제외확정,837,제외,837→247 연계,제외,False,D25A23
G22199,1,G2,G2,소매업,G221,G221,기타 상품 전문 소매업,G22199,그 외 기타 상품 전문 소매업,small,소분류확정,837,통합,837→247 연계,통합,False,D25A24
G20502,1,G2,G2,소매업,G205,G205,식료품 소매업,G20502,가축 사료 소매업,small,소분류확정,837,유지,837→247 연계,유지,False,D25A25
G21701,1,G2,G2,소매업,G217,G217,시계 및 귀금속 소매업,G21701,시계/귀금속 소매업,small,소분류확정,837,통합,837→247 연계,통합,False,D26A01
G21701,1,G2,G2,소매업,G217,G217,시계 및 귀금속 소매업,G21701,시계/귀금속 소매업,small,소분류확정,837,통합,837→247 연계,통합,False,D26A02
G21701,1,G2,G2,소매업,G217,G217,시계 및 귀금속 소매업,G21701,시계/귀금속 소매업,small,소분류확정,837,통합,837→247 연계,통합,False,D26A03
G21701,1,G2,G2,소매업,G217,G217,시계 및 귀금속 소매업,G21701,시계/귀금속 소매업,small,소분류확정,837,통합,837→247 연계,통합,False,D26A04
S20701,1,S2,S2,수리 및 개인 서비스업,S207,S207,이용 및 미용업,S20701,미용실,small,소분류확정,837,통합,837→247 연계,통합,False,F01A01
S20703,1,S2,S2,수리 및 개인 서비스업,S207,S207,이용 및 미용업,S20703,네일숍,small,소분류확정,837,유지,837→247 연계,유지,False,F01A02
S20702,1,S2,S2,수리 및 개인 서비스업,S207,S207,이용 및 미용업,S20702,피부 관리실,small,소분류확정,837,유지,837→247 연계,유지,False,F01A03
S20701,1,S2,S2,수리 및 개인 서비스업,S207,S207,이용 및 미용업,S20701,미용실,small,소분류확정,837,통합,837→247 연계,통합,False,F01A04
S20701,1,S2,S2,수리 및 개인 서비스업,S207,S207,이용 및 미용업,S20701,미용실,small,소분류확정,837,통합,837→247 연계,통합,False,F01A05
S20901,1,S2,S2,수리 및 개인 서비스업,S209,S209,세탁업,S20901,세탁소,small,소분류확정,837,통합,837→247 연계,통합,False,F02A01
S20901,1,S2,S2,수리 및 개인 서비스업,S209,S209,세탁업,S20901,세탁소,small,소분류확정,837,통합,837→247 연계,통합,False,F02A02
S20901,1,S2,S2,수리 및 개인 서비스업,S209,S209,세탁업,S20901,세탁소,small,소분류확정,837,통합,837→247 연계,통합,False,F02A03
,0,,,,,,,,,none,제외확정,837,제외,837→247 연계,제외,False,F02A04
N10201|N10202|N10203,3,N1,N1,"사업시설 관리, 사업 지원 및 임대 서비스업",N102,N102,건물ㆍ산업설비 청소 및 방제 서비스업,,,middle,중분류확정,837,분리,837→247 연계,분리,False,F02A05
S20901,1,S2,S2,수리 및 개인 서비스업,S209,S209,세탁업,S20901,세탁소,small,소분류확정,837,통합,837→247 연계,통합,False,F02A06
,0,,,,,,,,,none,제외확정,837,제외,837→247 연계,제외,False,F02A07
S20901,1,S2,S2,수리 및 개인 서비스업,S209,S209,세탁업,S20901,세탁소,small,소분류확정,837,통합,837→247 연계,통합,False,F02A08
S20501,1,S2,S2,수리 및 개인 서비스업,S205,S205,가전제품 수리업,S20501,가전제품 수리업,small,소분류확정,837,통합,837→247 연계,통합,False,F02A09
S20501,1,S2,S2,수리 및 개인 서비스업,S205,S205,가전제품 수리업,S20501,가전제품 수리업,small,소분류확정,837,통합,837→247 연계,통합,False,F03A01
S20501,1,S2,S2,수리 및 개인 서비스업,S205,S205,가전제품 수리업,S20501,가전제품 수리업,small,소분류확정,837,통합,837→247 연계,통합,False,F03A02
S20602,1,S2,S2,수리 및 개인 서비스업,S206,S206,기타 개인 및 가정용품 수리업,S20602,가죽/가방/신발 수선업,small,소분류확정,837,통합,837→247 연계,통합,False,F03A03
S20699,1,S2,S2,수리 및 개인 서비스업,S206,S206,기타 개인 및 가정용품 수리업,S20699,그 외 기타 개인/가정용품 수리업,small,소분류확정,837,통합,837→247 연계,통합,False,F03A04
S20501,1,S2,S2,수리 및 개인 서비스업,S205,S205,가전제품 수리업,S20501,가전제품 수리업,small,소분류확정,837,통합,837→247 연계,통합,False,F03A05
S20201,1,S2,S2,수리 및 개인 서비스업,S202,S202,통신장비 수리업,S20201,핸드폰/통신장비 수리업,small,소분류확정,837,통합,837→247 연계,통합,False,F03A06
S20101,1,S2,S2,수리 및 개인 서비스업,S201,S201,컴퓨터 및 주변 기기 수리업,S20101,컴퓨터/노트북/프린터 수리업,small,소분류확정,837,유지,837→247 연계,유지,False,F03A07
S20601,1,S2,S2,수리 및 개인 서비스업,S206,S206,기타 개인 및 가정용품 수리업,S20601,의류/이불 수선업,small,소분류확정,837,유지,837→247 연계,유지,False,F03A08
S20602,1,S2,S2,수리 및 개인 서비스업,S206,S206,기타 개인 및 가정용품 수리업,S20602,가죽/가방/신발 수선업,small,소분류확정,837,통합,837→247 연계,통합,False,F03A09
S20603,1,S2,S2,수리 및 개인 서비스업,S206,S206,기타 개인 및 가정용품 수리업,S20603,시계/귀금속/악기 수리업,small,소분류확정,837,통합,837→247 연계,통합,False,F03A10
S20603,1,S2,S2,수리 및 개인 서비스업,S206,S206,기타 개인 및 가정용품 수리업,S20603,시계/귀금속/악기 수리업,small,소분류확정,837,통합,837→247 연계,통합,False,F03A11
S20699,1,S2,S2,수리 및 개인 서비스업,S206,S206,기타 개인 및 가정용품 수리업,S20699,그 외 기타 개인/가정용품 수리업,small,소분류확정,837,통합,837→247 연계,통합,False,F03A12
S20699,1,S2,S2,수리 및 개인 서비스업,S206,S206,기타 개인 및 가정용품 수리업,S20699,그 외 기타 개인/가정용품 수리업,small,소분류확정,837,통합,837→247 연계,통합,False,F03A13
S20603,1,S2,S2,수리 및 개인 서비스업,S206,S206,기타 개인 및 가정용품 수리업,S20603,시계/귀금속/악기 수리업,small,소분류확정,837,통합,837→247 연계,통합,False,F03A14
S20699,1,S2,S2,수리 및 개인 서비스업,S206,S206,기타 개인 및 가정용품 수리업,S20699,그 외 기타 개인/가정용품 수리업,small,소분류확정,837,통합,837→247 연계,통합,False,F03A15
S20699,1,S2,S2,수리 및 개인 서비스업,S206,S206,기타 개인 및 가정용품 수리업,S20699,그 외 기타 개인/가정용품 수리업,small,소분류확정,837,통합,837→247 연계,통합,False,F03A16
,0,,,,,,,,,none,제외확정,837,제외,837→247 연계,제외,False,F04A01
,0,,,,,,,,,none,제외확정,837,제외,837→247 연계,제외,False,F04A02
,0,,,,,,,,,none,제외확정,837,제외,837→247 연계,제외,False,F04A04
,0,,,,,,,,,none,제외확정,837,제외,837→247 연계,제외,False,F04A05
,0,,,,,,,,,none,제외확정,837,제외,837→247 연계,제외,False,F04A06
,0,,,,,,,,,none,제외확정,837,제외,837→247 연계,제외,False,F04A07
,0,,,,,,,,,none,제외확정,837,제외,837→247 연계,제외,False,F04A09
,0,,,,,,,,,none,제외확정,837,제외,837→247 연계,제외,False,F04A10
,0,,,,,,,,,none,제외확정,837,제외,837→247 연계,제외,False,F04A11
,0,,,,,,,,,none,제외확정,837,제외,837→247 연계,제외,False,F04A12
N10799,1,N1,N1,"사업시설 관리, 사업 지원 및 임대 서비스업",N107,N107,사무 지원 서비스업,N10799,기타 사무 지원 서비스업,small,소분류확정,837,통합,837→247 연계,통합,False,F04A13
,0,,,,,,,,,none,제외확정,837,제외,837→247 연계,제외,False,F04B08
N10401,1,N1,N1,"사업시설 관리, 사업 지원 및 임대 서비스업",N104,N104,고용 알선 및 인력 공급업,N10401,고용 알선업,small,소분류확정,837,통합,837→247 연계,통합,False,F05A01
N10401|N10402|N10403,3,N1,N1,"사업시설 관리, 사업 지원 및 임대 서비스업",N104,N104,고용 알선 및 인력 공급업,,,middle,중분류확정,837,분리,837→247 연계,분리|통합,False,F05A02
N10401,1,N1,N1,"사업시설 관리, 사업 지원 및 임대 서비스업",N104,N104,고용 알선 및 인력 공급업,N10401,고용 알선업,small,소분류확정,837,통합,837→247 연계,통합,False,F05A03
M11301,1,M1,M1,"전문, 과학 및 기술 서비스업",M113,M113,사진 촬영 및 처리업,M11301,사진촬영업,small,소분류확정,837,통합,837→247 연계,통합,False,F06A01
M11301,1,M1,M1,"전문, 과학 및 기술 서비스업",M113,M113,사진 촬영 및 처리업,M11301,사진촬영업,small,소분류확정,837,통합,837→247 연계,통합,False,F06A02
M11301,1,M1,M1,"전문, 과학 및 기술 서비스업",M113,M113,사진 촬영 및 처리업,M11301,사진촬영업,small,소분류확정,837,통합,837→247 연계,통합,False,F06A03
N11099,1,N1,N1,"사업시설 관리, 사업 지원 및 임대 서비스업",N110,N110,개인 및 가정용품 대여업,N11099,기타 개인/가정용품 대여업,small,소분류확정,837,통합,837→247 연계,통합,False,F07A01
N11001,1,N1,N1,"사업시설 관리, 사업 지원 및 임대 서비스업",N110,N110,개인 및 가정용품 대여업,N11001,스포츠/레크리에이션 용품 대여업,small,소분류확정,837,유지,837→247 연계,유지,False,F07A02
N11002,1,N1,N1,"사업시설 관리, 사업 지원 및 임대 서비스업",N110,N110,개인 및 가정용품 대여업,N11002,음반/비디오물 대여업,small,소분류확정,837,유지,837→247 연계,유지,False,F07A03
N11003,1,N1,N1,"사업시설 관리, 사업 지원 및 임대 서비스업",N110,N110,개인 및 가정용품 대여업,N11003,만화방,small,소분류확정,837,유지,837→247 연계,유지,False,F07A04
N11004,1,N1,N1,"사업시설 관리, 사업 지원 및 임대 서비스업",N110,N110,개인 및 가정용품 대여업,N11004,의류 대여업,small,소분류확정,837,통합,837→247 연계,통합,False,F07A05
N11099,1,N1,N1,"사업시설 관리, 사업 지원 및 임대 서비스업",N110,N110,개인 및 가정용품 대여업,N11099,기타 개인/가정용품 대여업,small,소분류확정,837,통합,837→247 연계,통합,False,F07A06
N11004,1,N1,N1,"사업시설 관리, 사업 지원 및 임대 서비스업",N110,N110,개인 및 가정용품 대여업,N11004,의류 대여업,small,소분류확정,837,통합,837→247 연계,통합,False,F07A07
N11099,1,N1,N1,"사업시설 관리, 사업 지원 및 임대 서비스업",N110,N110,개인 및 가정용품 대여업,N11099,기타 개인/가정용품 대여업,small,소분류확정,837,통합,837→247 연계,통합,False,F07A08
N11102,1,N1,N1,"사업시설 관리, 사업 지원 및 임대 서비스업",N111,N111,산업용 기계 및 장비 대여업,N11102,컴퓨터/사무기기 대여업,small,소분류확정,837,통합,837→247 연계,통합,False,F07A09
N11102,1,N1,N1,"사업시설 관리, 사업 지원 및 임대 서비스업",N111,N111,산업용 기계 및 장비 대여업,N11102,컴퓨터/사무기기 대여업,small,소분류확정,837,통합,837→247 연계,통합,False,F07A10
N10901,1,N1,N1,"사업시설 관리, 사업 지원 및 임대 서비스업",N109,N109,운송장비 대여업,N10901,자동차 대여업,small,소분류확정,837,유지,837→247 연계,유지,False,F07A11
N11099,1,N1,N1,"사업시설 관리, 사업 지원 및 임대 서비스업",N110,N110,개인 및 가정용품 대여업,N11099,기타 개인/가정용품 대여업,small,소분류확정,837,통합,837→247 연계,통합,False,F07A12
N11099,1,N1,N1,"사업시설 관리, 사업 지원 및 임대 서비스업",N110,N110,개인 및 가정용품 대여업,N11099,기타 개인/가정용품 대여업,small,소분류확정,837,통합,837→247 연계,통합,False,F07A13
N11099,1,N1,N1,"사업시설 관리, 사업 지원 및 임대 서비스업",N110,N110,개인 및 가정용품 대여업,N11099,기타 개인/가정용품 대여업,small,소분류확정,837,통합,837→247 연계,통합,False,F07A14
N11099,1,N1,N1,"사업시설 관리, 사업 지원 및 임대 서비스업",N110,N110,개인 및 가정용품 대여업,N11099,기타 개인/가정용품 대여업,small,소분류확정,837,통합,837→247 연계,통합,False,F07A15
N11004,1,N1,N1,"사업시설 관리, 사업 지원 및 임대 서비스업",N110,N110,개인 및 가정용품 대여업,N11004,의류 대여업,small,소분류확정,837,통합,837→247 연계,통합,False,F07A16
N11099,1,N1,N1,"사업시설 관리, 사업 지원 및 임대 서비스업",N110,N110,개인 및 가정용품 대여업,N11099,기타 개인/가정용품 대여업,small,소분류확정,837,통합,837→247 연계,통합,False,F07A17
N11099,1,N1,N1,"사업시설 관리, 사업 지원 및 임대 서비스업",N110,N110,개인 및 가정용품 대여업,N11099,기타 개인/가정용품 대여업,small,소분류확정,837,통합,837→247 연계,통합,False,F07A18
N11099,1,N1,N1,"사업시설 관리, 사업 지원 및 임대 서비스업",N110,N110,개인 및 가정용품 대여업,N11099,기타 개인/가정용품 대여업,small,소분류확정,837,통합,837→247 연계,통합,False,F07A19
N11099,1,N1,N1,"사업시설 관리, 사업 지원 및 임대 서비스업",N110,N110,개인 및 가정용품 대여업,N11099,기타 개인/가정용품 대여업,small,소분류확정,837,통합,837→247 연계,통합,False,F07A20
N11099,1,N1,N1,"사업시설 관리, 사업 지원 및 임대 서비스업",N110,N110,개인 및 가정용품 대여업,N11099,기타 개인/가정용품 대여업,small,소분류확정,837,통합,837→247 연계,통합,False,F07A99
,0,,,,,,,,,none,제외확정,837,제외,837→247 연계,제외,False,F08A01
,0,,,,,,,,,none,제외확정,837,제외,837→247 연계,제외,False,F08A02
N10799,1,N1,N1,"사업시설 관리, 사업 지원 및 임대 서비스업",N107,N107,사무 지원 서비스업,N10799,기타 사무 지원 서비스업,small,소분류확정,837,통합,837→247 연계,통합,False,F08A03
,0,,,,,,,,,none,제외확정,837,제외,837→247 연계,제외,False,F08A04
N10799,1,N1,N1,"사업시설 관리, 사업 지원 및 임대 서비스업",N107,N107,사무 지원 서비스업,N10799,기타 사무 지원 서비스업,small,소분류확정,837,통합,837→247 연계,통합,False,F08A05
N10703,1,N1,N1,"사업시설 관리, 사업 지원 및 임대 서비스업",N107,N107,사무 지원 서비스업,N10703,복사업,small,소분류확정,837,유지,837→247 연계,유지,False,F08A06
N10799,1,N1,N1,"사업시설 관리, 사업 지원 및 임대 서비스업",N107,N107,사무 지원 서비스업,N10799,기타 사무 지원 서비스업,small,소분류확정,837,통합,837→247 연계,통합,False,F08A07
,0,,,,,,,,,none,제외확정,837,제외,837→247 연계,제외,False,F08A08
S20801,1,S2,S2,수리 및 개인 서비스업,S208,S208,"욕탕, 마사지 및 기타 신체 관리 서비스업",S20801,목욕탕/사우나,small,소분류확정,837,통합,837→247 연계,통합,False,F09A01
S20801,1,S2,S2,수리 및 개인 서비스업,S208,S208,"욕탕, 마사지 및 기타 신체 관리 서비스업",S20801,목욕탕/사우나,small,소분류확정,837,통합,837→247 연계,통합,False,F09A02
S20801,1,S2,S2,수리 및 개인 서비스업,S208,S208,"욕탕, 마사지 및 기타 신체 관리 서비스업",S20801,목욕탕/사우나,small,소분류확정,837,통합,837→247 연계,통합,False,F09A03
I10299,1,I1,I1,숙박업,I102,I102,기타 숙박업,I10299,그 외 기타 숙박업,small,소분류확정,837,통합,837→247 연계,통합,False,F09A04
,0,,,,,,,,,none,제외확정,837,제외,837→247 연계,제외,False,F11A01
,0,,,,,,,,,none,제외확정,837,제외,837→247 연계,제외,False,F11A02
,0,,,,,,,,,none,제외확정,837,제외,837→247 연계,제외,False,F11A03
,0,,,,,,,,,none,제외확정,837,제외,837→247 연계,제외,False,F11A04
M11502,1,M1,M1,"전문, 과학 및 기술 서비스업",M115,M115,"그 외 기타 전문, 과학 및 기술 서비스업",M11502,번역/통역 서비스업,small,소분류확정,837,유지,837→247 연계,유지,False,F11A05
,0,,,,,,,,,none,제외확정,837,제외,837→247 연계,제외,False,F11A06
M11401,1,M1,M1,"전문, 과학 및 기술 서비스업",M114,M114,인쇄 및 제품 제작업,M11401,명함/간판/광고물 제작,small,소분류확정,837,통합,837→247 연계,통합,False,F12A01
M11401,1,M1,M1,"전문, 과학 및 기술 서비스업",M114,M114,인쇄 및 제품 제작업,M11401,명함/간판/광고물 제작,small,소분류확정,837,통합,837→247 연계,통합,False,F12A02
M10504,1,M1,M1,"전문, 과학 및 기술 서비스업",M105,M105,광고업,M10504,광고물 설계/제작업,small,소분류확정,837,통합,837→247 연계,통합,False,F12A03
M10599,1,M1,M1,"전문, 과학 및 기술 서비스업",M105,M105,광고업,M10599,기타 광고 관련 서비스업,small,소분류확정,837,통합,837→247 연계,통합,False,F12A04
M10504,1,M1,M1,"전문, 과학 및 기술 서비스업",M105,M105,광고업,M10504,광고물 설계/제작업,small,소분류확정,837,통합,837→247 연계,통합,False,F12A05
M10599,1,M1,M1,"전문, 과학 및 기술 서비스업",M105,M105,광고업,M10599,기타 광고 관련 서비스업,small,소분류확정,837,통합,837→247 연계,통합,False,F12A06
M10599,1,M1,M1,"전문, 과학 및 기술 서비스업",M105,M105,광고업,M10599,기타 광고 관련 서비스업,small,소분류확정,837,통합,837→247 연계,통합,False,F12A07
M10501,1,M1,M1,"전문, 과학 및 기술 서비스업",M105,M105,광고업,M10501,광고 대행업,small,소분류확정,837,유지,837→247 연계,유지,False,F12A08
,0,,,,,,,,,none,제외확정,837,제외,837→247 연계,제외,False,F12A09
,0,,,,,,,,,none,제외확정,837,제외,837→247 연계,제외,False,F12A10
M10703,1,M1,M1,"전문, 과학 및 기술 서비스업",M107,M107,회사 본부 및 경영 컨설팅 서비스업,M10703,경영 컨설팅업,small,소분류확정,837,유지,837→247 연계,유지,False,F13A01
,0,,,,,,,,,none,제외확정,837,제외,837→247 연계,제외,False,F13A02
N10805,1,N1,N1,"사업시설 관리, 사업 지원 및 임대 서비스업",N108,N108,기타 사업 지원 서비스업,N10805,포장/충전업,small,소분류확정,837,유지,837→247 연계,유지,False,F13A03
N10802,1,N1,N1,"사업시설 관리, 사업 지원 및 임대 서비스업",N108,N108,기타 사업 지원 서비스업,N10802,전시/컨벤션/행사 대행 서비스업,small,소분류확정,837,통합,837→247 연계,통합,False,F13A04
,0,,,,,,,,,none,제외확정,837,제외,837→247 연계,제외,False,F13A05
,0,,,,,,,,,none,제외확정,837,제외,837→247 연계,제외,False,F13A06
,0,,,,,,,,,none,제외확정,837,제외,837→247 연계,제외,False,F13A07
N10802,1,N1,N1,"사업시설 관리, 사업 지원 및 임대 서비스업",N108,N108,기타 사업 지원 서비스업,N10802,전시/컨벤션/행사 대행 서비스업,small,소분류확정,837,통합,837→247 연계,통합,False,F13A08
,0,,,,,,,,,none,제외확정,837,제외,837→247 연계,제외,False,F13A09
,0,,,,,,,,,none,제외확정,837,제외,837→247 연계,제외,False,F13A10
M11204,1,M1,M1,"전문, 과학 및 기술 서비스업",M112,M112,전문 디자인업,M11204,패션/섬유/기타 전문 디자인업,small,소분류확정,837,통합,837→247 연계,통합,False,F13A11
M11504,1,M1,M1,"전문, 과학 및 기술 서비스업",M115,M115,"그 외 기타 전문, 과학 및 기술 서비스업",M11504,사업/무형 재산권 중개업,small,소분류확정,837,통합,837→247 연계,통합,False,F13A12
N10802,1,N1,N1,"사업시설 관리, 사업 지원 및 임대 서비스업",N108,N108,기타 사업 지원 서비스업,N10802,전시/컨벤션/행사 대행 서비스업,small,소분류확정,837,통합,837→247 연계,통합,False,F13A13
,0,,,,,,,,,none,제외확정,837,제외,837→247 연계,제외,False,F13A14
N10802,1,N1,N1,"사업시설 관리, 사업 지원 및 임대 서비스업",N108,N108,기타 사업 지원 서비스업,N10802,전시/컨벤션/행사 대행 서비스업,small,소분류확정,837,통합,837→247 연계,통합,False,F13A15
,0,,,,,,,,,none,제외확정,837,제외,837→247 연계,제외,False,F13A16
,0,,,,,,,,,none,제외확정,837,제외,837→247 연계,제외,False,F13A17
M11204,1,M1,M1,"전문, 과학 및 기술 서비스업",M112,M112,전문 디자인업,M11204,패션/섬유/기타 전문 디자인업,small,소분류확정,837,통합,837→247 연계,통합,False,F13A18
M11504,1,M1,M1,"전문, 과학 및 기술 서비스업",M115,M115,"그 외 기타 전문, 과학 및 기술 서비스업",M11504,사업/무형 재산권 중개업,small,소분류확정,837,통합,837→247 연계,통합,False,F13A19
M11504,1,M1,M1,"전문, 과학 및 기술 서비스업",M115,M115,"그 외 기타 전문, 과학 및 기술 서비스업",M11504,사업/무형 재산권 중개업,small,소분류확정,837,통합,837→247 연계,통합,False,F13A20
M11504,1,M1,M1,"전문, 과학 및 기술 서비스업",M115,M115,"그 외 기타 전문, 과학 및 기술 서비스업",M11504,사업/무형 재산권 중개업,small,소분류확정,837,통합,837→247 연계,통합,False,F13A21
S20301,1,S2,S2,수리 및 개인 서비스업,S203,S203,자동차 수리 및 세차업,S20301,자동차 정비소,small,소분류확정,837,통합,837→247 연계,통합,False,F14A01
S20699,1,S2,S2,수리 및 개인 서비스업,S206,S206,기타 개인 및 가정용품 수리업,S20699,그 외 기타 개인/가정용품 수리업,small,소분류확정,837,통합,837→247 연계,통합,False,F14A02
G20301|S20401,2,G2|S2,,,G203|S204,,,,,none,미확정,837,분리,837→247 연계,분리,False,F14A03
S20302,1,S2,S2,수리 및 개인 서비스업,S203,S203,자동차 수리 및 세차업,S20302,자동차 세차장,small,소분류확정,837,통합,837→247 연계,통합,False,F14A04
S20302,1,S2,S2,수리 및 개인 서비스업,S203,S203,자동차 수리 및 세차업,S20302,자동차 세차장,small,소분류확정,837,통합,837→247 연계,통합,False,F14A05
S20301,1,S2,S2,수리 및 개인 서비스업,S203,S203,자동차 수리 및 세차업,S20301,자동차 정비소,small,소분류확정,837,통합,837→247 연계,통합,False,F14A06
,0,,,,,,,,,none,제외확정,837,제외,837→247 연계,제외,False,F14A07
S20301,1,S2,S2,수리 및 개인 서비스업,S203,S203,자동차 수리 및 세차업,S20301,자동차 정비소,small,소분류확정,837,통합,837→247 연계,통합,False,F14A08
,0,,,,,,,,,none,제외확정,837,제외,837→247 연계,제외,False,F15A01
M11201,1,M1,M1,"전문, 과학 및 기술 서비스업",M112,M112,전문 디자인업,M11201,인테리어 디자인업,small,소분류확정,837,통합,837→247 연계,통합,False,F15A02
,0,,,,,,,,,none,제외확정,837,제외,837→247 연계,제외,False,F15A03
M11201,1,M1,M1,"전문, 과학 및 기술 서비스업",M112,M112,전문 디자인업,M11201,인테리어 디자인업,small,소분류확정,837,통합,837→247 연계,통합,False,F15A04
,0,,,,,,,,,none,제외확정,837,제외,837→247 연계,제외,False,F15A05
,0,,,,,,,,,none,제외확정,837,제외,837→247 연계,제외,False,F15A06
M11201,1,M1,M1,"전문, 과학 및 기술 서비스업",M112,M112,전문 디자인업,M11201,인테리어 디자인업,small,소분류확정,837,통합,837→247 연계,통합,False,F15A07
G21401,1,G2,G2,소매업,G214,G214,연료소매업,G21401,주유소,small,소분류확정,837,통합,837→247 연계,통합,False,F16A01
G21402,1,G2,G2,소매업,G214,G214,연료소매업,G21402,가스 충전소,small,소분류확정,837,유지,837→247 연계,유지,False,F16A02
G21401,1,G2,G2,소매업,G214,G214,연료소매업,G21401,주유소,small,소분류확정,837,통합,837→247 연계,통합,False,F16A03
S21101,1,S2,S2,수리 및 개인 서비스업,S211,S211,기타 개인서비스,S21101,예식장업,small,소분류확정,837,통합,837→247 연계,통합,False,F17A01
S21101,1,S2,S2,수리 및 개인 서비스업,S211,S211,기타 개인서비스,S21101,예식장업,small,소분류확정,837,통합,837→247 연계,통합,False,F17A02
S21101,1,S2,S2,수리 및 개인 서비스업,S211,S211,기타 개인서비스,S21101,예식장업,small,소분류확정,837,통합,837→247 연계,통합,False,F17A03
S21101,1,S2,S2,수리 및 개인 서비스업,S211,S211,기타 개인서비스,S21101,예식장업,small,소분류확정,837,통합,837→247 연계,통합,False,F17A04
S21105,1,S2,S2,수리 및 개인 서비스업,S211,S211,기타 개인서비스,S21105,결혼 상담 서비스업,small,소분류확정,837,유지,837→247 연계,유지,False,F17A05
S21001,1,S2,S2,수리 및 개인 서비스업,S210,S210,장례식장 및 관련 서비스업,S21001,장례식장,small,소분류확정,837,유지,837→247 연계,유지,False,F18A01
S21002,1,S2,S2,수리 및 개인 서비스업,S210,S210,장례식장 및 관련 서비스업,S21002,화장터/묘지/납골당,small,소분류확정,837,유지,837→247 연계,유지,False,F18A02
M10399,1,M1,M1,"전문, 과학 및 기술 서비스업",M103,M103,법무관련 서비스업,M10399,기타 법무관련 서비스업,small,소분류확정,837,통합,837→247 연계,통합,False,F19B01
M10303,1,M1,M1,"전문, 과학 및 기술 서비스업",M103,M103,법무관련 서비스업,M10303,법무사,small,소분류확정,837,유지,837→247 연계,유지,False,F19B02
M10402,1,M1,M1,"전문, 과학 및 기술 서비스업",M104,M104,회계 및 세무관련 서비스업,M10402,세무사,small,소분류확정,837,유지,837→247 연계,유지,False,F19B03
,0,,,,,,,,,none,제외확정,837,제외,837→247 연계,제외,False,F19B05
M10499,1,M1,M1,"전문, 과학 및 기술 서비스업",M104,M104,회계 및 세무관련 서비스업,M10499,기타 회계 관련 서비스업,small,소분류확정,837,통합,837→247 연계,통합,False,F19B06
M10401,1,M1,M1,"전문, 과학 및 기술 서비스업",M104,M104,회계 및 세무관련 서비스업,M10401,공인회계사,small,소분류확정,837,유지,837→247 연계,유지,False,F19B07
M10307,1,M1,M1,"전문, 과학 및 기술 서비스업",M103,M103,법무관련 서비스업,M10307,공인노무사,small,소분류확정,837,유지,837→247 연계,유지,False,F19B08
M10306,1,M1,M1,"전문, 과학 및 기술 서비스업",M103,M103,법무관련 서비스업,M10306,행정사,small,소분류확정,837,유지,837→247 연계,유지,False,F19B09
,0,,,,,,,,,none,제외확정,837,제외,837→247 연계,제외,False,F19B10
M10301,1,M1,M1,"전문, 과학 및 기술 서비스업",M103,M103,법무관련 서비스업,M10301,변호사,small,소분류확정,837,유지,837→247 연계,유지,False,F19B11
M10302,1,M1,M1,"전문, 과학 및 기술 서비스업",M103,M103,법무관련 서비스업,M10302,변리사,small,소분류확정,837,유지,837→247 연계,유지,False,F19B12
,0,,,,,,,,,none,제외확정,837,제외,837→247 연계,제외,False,F19B13
,0,,,,,,,,,none,제외확정,837,제외,837→247 연계,제외,False,F19B14
N10802,1,N1,N1,"사업시설 관리, 사업 지원 및 임대 서비스업",N108,N108,기타 사업 지원 서비스업,N10802,전시/컨벤션/행사 대행 서비스업,small,소분류확정,837,통합,837→247 연계,통합,False,F20A01
N10802,1,N1,N1,"사업시설 관리, 사업 지원 및 임대 서비스업",N108,N108,기타 사업 지원 서비스업,N10802,전시/컨벤션/행사 대행 서비스업,small,소분류확정,837,통합,837→247 연계,통합,False,F20A02
N10802,1,N1,N1,"사업시설 관리, 사업 지원 및 임대 서비스업",N108,N108,기타 사업 지원 서비스업,N10802,전시/컨벤션/행사 대행 서비스업,small,소분류확정,837,통합,837→247 연계,통합,False,F20A03
N10802,1,N1,N1,"사업시설 관리, 사업 지원 및 임대 서비스업",N108,N108,기타 사업 지원 서비스업,N10802,전시/컨벤션/행사 대행 서비스업,small,소분류확정,837,통합,837→247 연계,통합,False,F20A04
,0,,,,,,,,,none,제외확정,837,제외,837→247 연계,제외,False,F20A05
G20201,1,G2,G2,소매업,G202,G202,자동차 부품 및 내장품 소매업,G20201,타이어 소매업,small,소분류확정,247,유지,최신코드 직접확인,유지,False,G20201
G20202,1,G2,G2,소매업,G202,G202,자동차 부품 및 내장품 소매업,G20202,자동차 부품 소매업,small,소분류확정,247,유지,최신코드 직접확인,통합,False,G20202
G20301,1,G2,G2,소매업,G203,G203,모터사이클 및 부품 소매업,G20301,모터사이클 및 부품 소매업,small,소분류확정,247,유지,최신코드 직접확인,분리,False,G20301
G20404,1,G2,G2,소매업,G204,G204,종합 소매업,G20404,슈퍼마켓,small,소분류확정,247,유지,최신코드 직접확인,통합,False,G20404
G20405,1,G2,G2,소매업,G204,G204,종합 소매업,G20405,편의점,small,소분류확정,247,유지,최신코드 직접확인,유지,False,G20405
G20499,1,G2,G2,소매업,G204,G204,종합 소매업,G20499,그 외 기타 종합 소매업,small,소분류확정,247,유지,최신코드 직접확인,통합,False,G20499
G20501,1,G2,G2,소매업,G205,G205,식료품 소매업,G20501,곡물/곡분 소매업,small,소분류확정,247,유지,최신코드 직접확인,통합,False,G20501
G20502,1,G2,G2,소매업,G205,G205,식료품 소매업,G20502,가축 사료 소매업,small,소분류확정,247,유지,최신코드 직접확인,유지,False,G20502
G20503,1,G2,G2,소매업,G205,G205,식료품 소매업,G20503,정육점,small,소분류확정,247,유지,최신코드 직접확인,통합,False,G20503
G20504,1,G2,G2,소매업,G205,G205,식료품 소매업,G20504,건어물/젓갈 소매업,small,소분류확정,247,유지,최신코드 직접확인,유지,False,G20504
G20505,1,G2,G2,소매업,G205,G205,식료품 소매업,G20505,수산물 소매업,small,소분류확정,247,유지,최신코드 직접확인,통합,False,G20505
G20506,1,G2,G2,소매업,G205,G205,식료품 소매업,G20506,채소/과일 소매업,small,소분류확정,247,유지,최신코드 직접확인,통합,False,G20506
G20507,1,G2,G2,소매업,G205,G205,식료품 소매업,G20507,아이스크림 할인점,small,소분류확정,247,유지,최신코드 직접확인,유지,False,G20507
G20508,1,G2,G2,소매업,G205,G205,식료품 소매업,G20508,건강보조식품 소매업,small,소분류확정,247,유지,최신코드 직접확인,통합,False,G20508
G20509,1,G2,G2,소매업,G205,G205,식료품 소매업,G20509,반찬/식료품 소매업,small,소분류확정,247,유지,최신코드 직접확인,통합,False,G20509
G20601,1,G2,G2,소매업,G206,G206,음료 소매업,G20601,얼음 소매업,small,소분류확정,247,유지,최신코드 직접확인,유지,False,G20601
G20602,1,G2,G2,소매업,G206,G206,음료 소매업,G20602,주류 소매업,small,소분류확정,247,유지,최신코드 직접확인,추가,True,G20602
G20603,1,G2,G2,소매업,G206,G206,음료 소매업,G20603,생수/음료 소매업,small,소분류확정,247,유지,최신코드 직접확인,유지,False,G20603
G20604,1,G2,G2,소매업,G206,G206,음료 소매업,G20604,우유 소매업,small,소분류확정,247,유지,최신코드 직접확인,유지,False,G20604
G20701,1,G2,G2,소매업,G207,G207,담배 소매업,G20701,담배/전자담배 소매업,small,소분류확정,247,유지,최신코드 직접확인,통합,False,G20701
G20801,1,G2,G2,소매업,G208,G208,가전제품 및 정보 통신장비 소매업,G20801,컴퓨터/소프트웨어 소매업,small,소분류확정,247,유지,최신코드 직접확인,통합,False,G20801
G20802,1,G2,G2,소매업,G208,G208,가전제품 및 정보 통신장비 소매업,G20802,핸드폰 소매업,small,소분류확정,247,유지,최신코드 직접확인,통합,False,G20802
G20803,1,G2,G2,소매업,G208,G208,가전제품 및 정보 통신장비 소매업,G20803,가전제품 소매업,small,소분류확정,247,유지,최신코드 직접확인,통합,False,G20803
G20901,1,G2,G2,소매업,G209,G209,"섬유, 의복, 신발 및 가죽제품 소매업",G20901,남성 의류 소매업,small,소분류확정,247,유지,최신코드 직접확인,통합,False,G20901
G20902,1,G2,G2,소매업,G209,G209,"섬유, 의복, 신발 및 가죽제품 소매업",G20902,여성 의류 소매업,small,소분류확정,247,유지,최신코드 직접확인,통합,False,G20902
G20903,1,G2,G2,소매업,G209,G209,"섬유, 의복, 신발 및 가죽제품 소매업",G20903,유아용 의류 소매업,small,소분류확정,247,유지,최신코드 직접확인,통합,False,G20903
G20904,1,G2,G2,소매업,G209,G209,"섬유, 의복, 신발 및 가죽제품 소매업",G20904,한복 소매업,small,소분류확정,247,유지,최신코드 직접확인,유지,False,G20904
G20905,1,G2,G2,소매업,G209,G209,"섬유, 의복, 신발 및 가죽제품 소매업",G20905,기타 의류 소매업,small,소분류확정,247,유지,최신코드 직접확인,통합,False,G20905
G20906,1,G2,G2,소매업,G209,G209,"섬유, 의복, 신발 및 가죽제품 소매업",G20906,침구류/커튼 소매업,small,소분류확정,247,유지,최신코드 직접확인,유지,False,G20906
G20907,1,G2,G2,소매업,G209,G209,"섬유, 의복, 신발 및 가죽제품 소매업",G20907,액세서리/잡화 소매업,small,소분류확정,247,유지,최신코드 직접확인,통합,False,G20907
G20908,1,G2,G2,소매업,G209,G209,"섬유, 의복, 신발 및 가죽제품 소매업",G20908,가발 소매업,small,소분류확정,247,유지,최신코드 직접확인,유지,False,G20908
G20909,1,G2,G2,소매업,G209,G209,"섬유, 의복, 신발 및 가죽제품 소매업",G20909,실/섬유제품 소매업,small,소분류확정,247,유지,최신코드 직접확인,유지,False,G20909
G20910,1,G2,G2,소매업,G209,G209,"섬유, 의복, 신발 및 가죽제품 소매업",G20910,신발 소매업,small,소분류확정,247,유지,최신코드 직접확인,통합,False,G20910
G20911,1,G2,G2,소매업,G209,G209,"섬유, 의복, 신발 및 가죽제품 소매업",G20911,가방 소매업,small,소분류확정,247,유지,최신코드 직접확인,통합,False,G20911
G21001,1,G2,G2,소매업,G210,G210,"철물, 공구, 창호 및 건설자재 소매업",G21001,철물/공구 소매업,small,소분류확정,247,유지,최신코드 직접확인,통합,False,G21001
G21002,1,G2,G2,소매업,G210,G210,"철물, 공구, 창호 및 건설자재 소매업",G21002,벽지/장판/마루 소매업,small,소분류확정,247,유지,최신코드 직접확인,유지,False,G21002
G21003,1,G2,G2,소매업,G210,G210,"철물, 공구, 창호 및 건설자재 소매업",G21003,건설/건축자재 소매업,small,소분류확정,247,유지,최신코드 직접확인,통합,False,G21003
G21099,1,G2,G2,소매업,G210,G210,"철물, 공구, 창호 및 건설자재 소매업",G21099,기타 건설/건축자재 소매업,small,소분류확정,247,유지,최신코드 직접확인,통합,False,G21099
G21101,1,G2,G2,소매업,G211,G211,가구 소매업,G21101,가구 소매업,small,소분류확정,247,유지,최신코드 직접확인,통합,False,G21101
G21201,1,G2,G2,소매업,G212,G212,기타 생활용품 소매업,G21201,전기용품/조명장치 소매업,small,소분류확정,247,유지,최신코드 직접확인,유지,False,G21201
G21202,1,G2,G2,소매업,G212,G212,기타 생활용품 소매업,G21202,주방/가정용품 소매업,small,소분류확정,247,유지,최신코드 직접확인,통합,False,G21202
G21203,1,G2,G2,소매업,G212,G212,기타 생활용품 소매업,G21203,악기 소매업,small,소분류확정,247,유지,최신코드 직접확인,유지,False,G21203
G21301,1,G2,G2,소매업,G213,G213,"문화, 오락 및 여가 용품 소매업",G21301,서점,small,소분류확정,247,유지,최신코드 직접확인,통합,False,G21301
G21302,1,G2,G2,소매업,G213,G213,"문화, 오락 및 여가 용품 소매업",G21302,문구/회화용품 소매업,small,소분류확정,247,유지,최신코드 직접확인,통합,False,G21302
G21303,1,G2,G2,소매업,G213,G213,"문화, 오락 및 여가 용품 소매업",G21303,음반/비디오물 소매업,small,소분류확정,247,유지,최신코드 직접확인,통합,False,G21303
G21304,1,G2,G2,소매업,G213,G213,"문화, 오락 및 여가 용품 소매업",G21304,운동용품 소매업,small,소분류확정,247,유지,최신코드 직접확인,통합,False,G21304
G21305,1,G2,G2,소매업,G213,G213,"문화, 오락 및 여가 용품 소매업",G21305,자전거 소매업,small,소분류확정,247,유지,최신코드 직접확인,분리,False,G21305
G21306,1,G2,G2,소매업,G213,G213,"문화, 오락 및 여가 용품 소매업",G21306,장난감 소매업,small,소분류확정,247,유지,최신코드 직접확인,통합,False,G21306
G21401,1,G2,G2,소매업,G214,G214,연료소매업,G21401,주유소,small,소분류확정,247,유지,최신코드 직접확인,통합,False,G21401
G21402,1,G2,G2,소매업,G214,G214,연료소매업,G21402,가스 충전소,small,소분류확정,247,유지,최신코드 직접확인,유지,False,G21402
G21403,1,G2,G2,소매업,G214,G214,연료소매업,G21403,가정용 연료 소매업,small,소분류확정,247,유지,최신코드 직접확인,통합,False,G21403
G21501,1,G2,G2,소매업,G215,G215,"의약품, 의료용 기구, 화장품 및 방향제 소매업",G21501,약국,small,소분류확정,247,유지,최신코드 직접확인,통합,False,G21501
G21502,1,G2,G2,소매업,G215,G215,"의약품, 의료용 기구, 화장품 및 방향제 소매업",G21502,의료기기 소매업,small,소분류확정,247,유지,최신코드 직접확인,통합,False,G21502
G21503,1,G2,G2,소매업,G215,G215,"의약품, 의료용 기구, 화장품 및 방향제 소매업",G21503,화장품 소매업,small,소분류확정,247,유지,최신코드 직접확인,통합,False,G21503
G21601,1,G2,G2,소매업,G216,G216,"사무용 기기, 안경, 사진장비 및 정밀기기 소매업",G21601,사무기기 소매업,small,소분류확정,247,유지,최신코드 직접확인,통합,False,G21601
G21602,1,G2,G2,소매업,G216,G216,"사무용 기기, 안경, 사진장비 및 정밀기기 소매업",G21602,안경렌즈 소매업,small,소분류확정,247,유지,최신코드 직접확인,유지,False,G21602
G21603,1,G2,G2,소매업,G216,G216,"사무용 기기, 안경, 사진장비 및 정밀기기 소매업",G21603,사진기/기타 광학기기 소매업,small,소분류확정,247,유지,최신코드 직접확인,통합,False,G21603
G21701,1,G2,G2,소매업,G217,G217,시계 및 귀금속 소매업,G21701,시계/귀금속 소매업,small,소분류확정,247,유지,최신코드 직접확인,통합,False,G21701
G21801,1,G2,G2,소매업,G218,G218,"예술품, 기념품 및 장식용품 소매업",G21801,예술품 소매업,small,소분류확정,247,유지,최신코드 직접확인,통합,False,G21801
G21802,1,G2,G2,소매업,G218,G218,"예술품, 기념품 및 장식용품 소매업",G21802,기념품점,small,소분류확정,247,유지,최신코드 직접확인,통합,False,G21802
G21901,1,G2,G2,소매업,G219,G219,화초 및 식물 소매업,G21901,꽃집,small,소분류확정,247,유지,최신코드 직접확인,유지,False,G21901
G22001,1,G2,G2,소매업,G220,G220,애완용 동물 및 관련용품 소매업,G22001,애완동물/애완용품 소매업,small,소분류확정,247,유지,최신코드 직접확인,통합,False,G22001
G22199,1,G2,G2,소매업,G221,G221,기타 상품 전문 소매업,G22199,그 외 기타 상품 전문 소매업,small,소분류확정,247,유지,최신코드 직접확인,통합,False,G22199
G22201,1,G2,G2,소매업,G222,G222,중고 상품 소매업,G22201,중고 상품 소매업,small,소분류확정,247,유지,최신코드 직접확인,유지|통합,False,G22201
I10101,1,I1,I1,숙박업,I101,I101,일반 및 생활 숙박시설 운영업,I10101,호텔/리조트,small,소분류확정,247,유지,최신코드 직접확인,유지,False,I10101
I10102,1,I1,I1,숙박업,I101,I101,일반 및 생활 숙박시설 운영업,I10102,여관/모텔,small,소분류확정,247,유지,최신코드 직접확인,유지,False,I10102
I10103,1,I1,I1,숙박업,I101,I101,일반 및 생활 숙박시설 운영업,I10103,펜션,small,소분류확정,247,유지,최신코드 직접확인,통합,False,I10103
I10104,1,I1,I1,숙박업,I101,I101,일반 및 생활 숙박시설 운영업,I10104,캠핑/글램핑,small,소분류확정,247,유지,최신코드 직접확인,유지,False,I10104
I10201,1,I1,I1,숙박업,I102,I102,기타 숙박업,I10201,기숙사/고시원,small,소분류확정,247,유지,최신코드 직접확인,유지,False,I10201
I10299,1,I1,I1,숙박업,I102,I102,기타 숙박업,I10299,그 외 기타 숙박업,small,소분류확정,247,유지,최신코드 직접확인,통합,False,I10299
I20101,1,I2,I2,음식점업,I201,I201,한식 음식점업,I20101,백반/한정식,small,소분류확정,247,유지,최신코드 직접확인,통합,False,I20101
I20102,1,I2,I2,음식점업,I201,I201,한식 음식점업,I20102,국/탕/찌개류,small,소분류확정,247,유지,최신코드 직접확인,통합,False,I20102
I20103,1,I2,I2,음식점업,I201,I201,한식 음식점업,I20103,족발/보쌈,small,소분류확정,247,유지,최신코드 직접확인,유지,False,I20103
I20104,1,I2,I2,음식점업,I201,I201,한식 음식점업,I20104,전/부침개,small,소분류확정,247,유지,최신코드 직접확인,유지,False,I20104
I20105,1,I2,I2,음식점업,I201,I201,한식 음식점업,I20105,국수/칼국수,small,소분류확정,247,유지,최신코드 직접확인,유지,False,I20105
I20106,1,I2,I2,음식점업,I201,I201,한식 음식점업,I20106,냉면/밀면,small,소분류확정,247,유지,최신코드 직접확인,유지,False,I20106
I20107,1,I2,I2,음식점업,I201,I201,한식 음식점업,I20107,돼지고기 구이/찜,small,소분류확정,247,유지,최신코드 직접확인,통합,False,I20107
I20108,1,I2,I2,음식점업,I201,I201,한식 음식점업,I20108,소고기 구이/찜,small,소분류확정,247,유지,최신코드 직접확인,통합,False,I20108
I20109,1,I2,I2,음식점업,I201,I201,한식 음식점업,I20109,곱창 전골/구이,small,소분류확정,247,유지,최신코드 직접확인,유지,False,I20109
I20110,1,I2,I2,음식점업,I201,I201,한식 음식점업,I20110,닭/오리고기 구이/찜,small,소분류확정,247,유지,최신코드 직접확인,통합,False,I20110
I20111,1,I2,I2,음식점업,I201,I201,한식 음식점업,I20111,횟집,small,소분류확정,247,유지,최신코드 직접확인,통합,False,I20111
I20112,1,I2,I2,음식점업,I201,I201,한식 음식점업,I20112,해산물 구이/찜,small,소분류확정,247,유지,최신코드 직접확인,통합,False,I20112
I20113,1,I2,I2,음식점업,I201,I201,한식 음식점업,I20113,복 요리 전문,small,소분류확정,247,유지,최신코드 직접확인,유지,False,I20113
I20199,1,I2,I2,음식점업,I201,I201,한식 음식점업,I20199,기타 한식 음식점,small,소분류확정,247,유지,최신코드 직접확인,통합,False,I20199
I20201,1,I2,I2,음식점업,I202,I202,중식 음식점업,I20201,중국집,small,소분류확정,247,유지,최신코드 직접확인,통합,False,I20201
I20202,1,I2,I2,음식점업,I202,I202,중식 음식점업,I20202,마라탕/훠궈,small,소분류확정,247,유지,최신코드 직접확인,추가,True,I20202
I20301,1,I2,I2,음식점업,I203,I203,일식 음식점업,I20301,일식 회/초밥,small,소분류확정,247,유지,최신코드 직접확인,통합,False,I20301
I20302,1,I2,I2,음식점업,I203,I203,일식 음식점업,I20302,일식 카레/돈가스/덮밥,small,소분류확정,247,유지,최신코드 직접확인,유지,False,I20302
I20303,1,I2,I2,음식점업,I203,I203,일식 음식점업,I20303,일식 면 요리,small,소분류확정,247,유지,최신코드 직접확인,유지,False,I20303
I20399,1,I2,I2,음식점업,I203,I203,일식 음식점업,I20399,기타 일식 음식점,small,소분류확정,247,유지,최신코드 직접확인,통합,False,I20399
I20401,1,I2,I2,음식점업,I204,I204,서양식 음식점업,I20401,경양식,small,소분류확정,247,유지,최신코드 직접확인,통합,False,I20401
I20402,1,I2,I2,음식점업,I204,I204,서양식 음식점업,I20402,파스타/스테이크,small,소분류확정,247,유지,최신코드 직접확인,통합,False,I20402
I20403,1,I2,I2,음식점업,I204,I204,서양식 음식점업,I20403,패밀리레스토랑,small,소분류확정,247,유지,최신코드 직접확인,유지,False,I20403
I20499,1,I2,I2,음식점업,I204,I204,서양식 음식점업,I20499,기타 서양식 음식점,small,소분류확정,247,유지,최신코드 직접확인,통합,False,I20499
I20501,1,I2,I2,음식점업,I205,I205,동남아시아 음식점업,I20501,베트남식 전문,small,소분류확정,247,유지,최신코드 직접확인,유지,False,I20501
I20599,1,I2,I2,음식점업,I205,I205,동남아시아 음식점업,I20599,기타 동남아식 전문,small,소분류확정,247,유지,최신코드 직접확인,통합,False,I20599
I20601,1,I2,I2,음식점업,I206,I206,기타 외국식 음식점업,I20601,분류 안된 외국식 음식점,small,소분류확정,247,유지,최신코드 직접확인,통합,False,I20601
I20701,1,I2,I2,음식점업,I207,I207,구내식당 및 뷔페,I20701,구내식당,small,소분류확정,247,유지,최신코드 직접확인,유지,False,I20701
I20702,1,I2,I2,음식점업,I207,I207,구내식당 및 뷔페,I20702,뷔페,small,소분류확정,247,유지,최신코드 직접확인,통합,False,I20702
I21001,1,I2,I2,음식점업,I210,I210,기타 간이 음식점업,I21001,빵/도넛,small,소분류확정,247,유지,최신코드 직접확인,통합,False,I21001
I21002,1,I2,I2,음식점업,I210,I210,기타 간이 음식점업,I21002,떡/한과,small,소분류확정,247,유지,최신코드 직접확인,통합,False,I21002
I21003,1,I2,I2,음식점업,I210,I210,기타 간이 음식점업,I21003,피자,small,소분류확정,247,유지,최신코드 직접확인,유지,False,I21003
I21004,1,I2,I2,음식점업,I210,I210,기타 간이 음식점업,I21004,버거,small,소분류확정,247,유지,최신코드 직접확인,유지,False,I21004
I21005,1,I2,I2,음식점업,I210,I210,기타 간이 음식점업,I21005,토스트/샌드위치/샐러드,small,소분류확정,247,유지,최신코드 직접확인,통합,False,I21005
I21006,1,I2,I2,음식점업,I210,I210,기타 간이 음식점업,I21006,치킨,small,소분류확정,247,유지,최신코드 직접확인,유지,False,I21006
I21007,1,I2,I2,음식점업,I210,I210,기타 간이 음식점업,I21007,김밥/만두/분식,small,소분류확정,247,유지,최신코드 직접확인,통합,False,I21007
I21008,1,I2,I2,음식점업,I210,I210,기타 간이 음식점업,I21008,아이스크림/빙수,small,소분류확정,247,유지,최신코드 직접확인,통합,False,I21008
I21099,1,I2,I2,음식점업,I210,I210,기타 간이 음식점업,I21099,그 외 기타 간이 음식점,small,소분류확정,247,유지,최신코드 직접확인,통합,False,I21099
I21101,1,I2,I2,음식점업,I211,I211,주점업,I21101,일반 유흥 주점,small,소분류확정,247,유지,최신코드 직접확인,통합,False,I21101
I21102,1,I2,I2,음식점업,I211,I211,주점업,I21102,무도 유흥 주점,small,소분류확정,247,유지,최신코드 직접확인,통합,False,I21102
I21103,1,I2,I2,음식점업,I211,I211,주점업,I21103,생맥주 전문,small,소분류확정,247,유지,최신코드 직접확인,유지,False,I21103
I21104,1,I2,I2,음식점업,I211,I211,주점업,I21104,요리 주점,small,소분류확정,247,유지,최신코드 직접확인,통합,False,I21104
I21201,1,I2,I2,음식점업,I212,I212,비알코올 음료점업,I21201,카페,small,소분류확정,247,유지,최신코드 직접확인,통합,False,I21201
L10203,1,L1,L1,부동산업,L102,L102,부동산관련 서비스업,L10203,부동산 중개/대리업,small,소분류확정,837,유지,837→247 연계,유지,False,L01A01
,0,,,,,,,,,none,제외확정,837,제외,837→247 연계,제외,False,L02A01
,0,,,,,,,,,none,제외확정,837,제외,837→247 연계,제외,False,L02A02
,0,,,,,,,,,none,제외확정,837,제외,837→247 연계,제외,False,L02A03
,0,,,,,,,,,none,제외확정,837,제외,837→247 연계,제외,False,L02A04
,0,,,,,,,,,none,제외확정,837,제외,837→247 연계,제외,False,L03A01
,0,,,,,,,,,none,제외확정,837,제외,837→247 연계,제외,False,L03A02
,0,,,,,,,,,none,제외확정,837,제외,837→247 연계,제외,False,L03A03
,0,,,,,,,,,none,제외확정,837,제외,837→247 연계,제외,False,L03A04
,0,,,,,,,,,none,제외확정,837,제외,837→247 연계,제외,False,L04A01
N10101,1,N1,N1,"사업시설 관리, 사업 지원 및 임대 서비스업",N101,N101,사업시설 유지ㆍ관리 서비스업,N10101,사업시설 유지·관리 서비스업,small,소분류확정,837,유지,837→247 연계,유지,False,L04A02
,0,,,,,,,,,none,제외확정,837,제외,837→247 연계,제외,False,L04A03
,0,,,,,,,,,none,제외확정,837,제외,837→247 연계,제외,False,L04A04
,0,,,,,,,,,none,제외확정,837,제외,837→247 연계,제외,False,L04A05
,0,,,,,,,,,none,제외확정,837,제외,837→247 연계,제외,False,L04A06
,0,,,,,,,,,none,제외확정,837,제외,837→247 연계,제외,False,L04A07
,0,,,,,,,,,none,제외확정,837,제외,837→247 연계,제외,False,L05A01
,0,,,,,,,,,none,제외확정,837,제외,837→247 연계,제외,False,L05A02
L10203,1,L1,L1,부동산업,L102,L102,부동산관련 서비스업,L10203,부동산 중개/대리업,small,소분류확정,247,유지,최신코드 직접확인,유지,False,L10203
M10301,1,M1,M1,"전문, 과학 및 기술 서비스업",M103,M103,법무관련 서비스업,M10301,변호사,small,소분류확정,247,유지,최신코드 직접확인,유지,False,M10301
M10302,1,M1,M1,"전문, 과학 및 기술 서비스업",M103,M103,법무관련 서비스업,M10302,변리사,small,소분류확정,247,유지,최신코드 직접확인,유지,False,M10302
M10303,1,M1,M1,"전문, 과학 및 기술 서비스업",M103,M103,법무관련 서비스업,M10303,법무사,small,소분류확정,247,유지,최신코드 직접확인,유지,False,M10303
M10306,1,M1,M1,"전문, 과학 및 기술 서비스업",M103,M103,법무관련 서비스업,M10306,행정사,small,소분류확정,247,유지,최신코드 직접확인,유지,False,M10306
M10307,1,M1,M1,"전문, 과학 및 기술 서비스업",M103,M103,법무관련 서비스업,M10307,공인노무사,small,소분류확정,247,유지,최신코드 직접확인,유지,False,M10307
M10399,1,M1,M1,"전문, 과학 및 기술 서비스업",M103,M103,법무관련 서비스업,M10399,기타 법무관련 서비스업,small,소분류확정,247,유지,최신코드 직접확인,통합,False,M10399
M10401,1,M1,M1,"전문, 과학 및 기술 서비스업",M104,M104,회계 및 세무관련 서비스업,M10401,공인회계사,small,소분류확정,247,유지,최신코드 직접확인,유지,False,M10401
M10402,1,M1,M1,"전문, 과학 및 기술 서비스업",M104,M104,회계 및 세무관련 서비스업,M10402,세무사,small,소분류확정,247,유지,최신코드 직접확인,유지,False,M10402
M10499,1,M1,M1,"전문, 과학 및 기술 서비스업",M104,M104,회계 및 세무관련 서비스업,M10499,기타 회계 관련 서비스업,small,소분류확정,247,유지,최신코드 직접확인,통합,False,M10499
M10501,1,M1,M1,"전문, 과학 및 기술 서비스업",M105,M105,광고업,M10501,광고 대행업,small,소분류확정,247,유지,최신코드 직접확인,유지,False,M10501
M10502,1,M1,M1,"전문, 과학 및 기술 서비스업",M105,M105,광고업,M10502,옥외/전시 광고 대행업,small,소분류확정,247,유지,최신코드 직접확인,추가,True,M10502
M10503,1,M1,M1,"전문, 과학 및 기술 서비스업",M105,M105,광고업,M10503,광고 매체 판매업,small,소분류확정,247,유지,최신코드 직접확인,추가,True,M10503
M10504,1,M1,M1,"전문, 과학 및 기술 서비스업",M105,M105,광고업,M10504,광고물 설계/제작업,small,소분류확정,247,유지,최신코드 직접확인,통합,False,M10504
M10599,1,M1,M1,"전문, 과학 및 기술 서비스업",M105,M105,광고업,M10599,기타 광고 관련 서비스업,small,소분류확정,247,유지,최신코드 직접확인,통합,False,M10599
M10601,1,M1,M1,"전문, 과학 및 기술 서비스업",M106,M106,시장 조사 및 여론 조사업,M10601,시장 조사 및 여론 조사업,small,소분류확정,247,유지,최신코드 직접확인,추가,True,M10601
M10703,1,M1,M1,"전문, 과학 및 기술 서비스업",M107,M107,회사 본부 및 경영 컨설팅 서비스업,M10703,경영 컨설팅업,small,소분류확정,247,유지,최신코드 직접확인,유지,False,M10703
M10901,1,M1,M1,"전문, 과학 및 기술 서비스업",M109,M109,"건축 기술, 엔지니어링 및 관련 기술 서비스업",M10901,건축 설계 및 관련 서비스업,small,소분류확정,247,유지,최신코드 직접확인,추가,True,M10901
M10902,1,M1,M1,"전문, 과학 및 기술 서비스업",M109,M109,"건축 기술, 엔지니어링 및 관련 기술 서비스업",M10902,도시 계획 및 조경 설계 서비스업,small,소분류확정,247,유지,최신코드 직접확인,추가,True,M10902
M10903,1,M1,M1,"전문, 과학 및 기술 서비스업",M109,M109,"건축 기술, 엔지니어링 및 관련 기술 서비스업",M10903,건물 및 토목 엔지니어링 서비스업,small,소분류확정,247,유지,최신코드 직접확인,추가,True,M10903
M10904,1,M1,M1,"전문, 과학 및 기술 서비스업",M109,M109,"건축 기술, 엔지니어링 및 관련 기술 서비스업",M10904,환경 관련 엔지니어링 서비스업,small,소분류확정,247,유지,최신코드 직접확인,추가,True,M10904
M10999,1,M1,M1,"전문, 과학 및 기술 서비스업",M109,M109,"건축 기술, 엔지니어링 및 관련 기술 서비스업",M10999,기타 엔지니어링 서비스업,small,소분류확정,247,유지,최신코드 직접확인,추가,True,M10999
M11101,1,M1,M1,"전문, 과학 및 기술 서비스업",M111,M111,수의업,M11101,동물병원,small,소분류확정,247,유지,최신코드 직접확인,추가,True,M11101
M11201,1,M1,M1,"전문, 과학 및 기술 서비스업",M112,M112,전문 디자인업,M11201,인테리어 디자인업,small,소분류확정,247,유지,최신코드 직접확인,추가|통합,True,M11201
M11202,1,M1,M1,"전문, 과학 및 기술 서비스업",M112,M112,전문 디자인업,M11202,제품 디자인업,small,소분류확정,247,유지,최신코드 직접확인,추가,True,M11202
M11203,1,M1,M1,"전문, 과학 및 기술 서비스업",M112,M112,전문 디자인업,M11203,시각 디자인업,small,소분류확정,247,유지,최신코드 직접확인,추가,True,M11203
M11204,1,M1,M1,"전문, 과학 및 기술 서비스업",M112,M112,전문 디자인업,M11204,패션/섬유/기타 전문 디자인업,small,소분류확정,247,유지,최신코드 직접확인,통합,False,M11204
M11301,1,M1,M1,"전문, 과학 및 기술 서비스업",M113,M113,사진 촬영 및 처리업,M11301,사진촬영업,small,소분류확정,247,유지,최신코드 직접확인,통합,False,M11301
M11401,1,M1,M1,"전문, 과학 및 기술 서비스업",M114,M114,인쇄 및 제품 제작업,M11401,명함/간판/광고물 제작,small,소분류확정,247,유지,최신코드 직접확인,통합,False,M11401
M11502,1,M1,M1,"전문, 과학 및 기술 서비스업",M115,M115,"그 외 기타 전문, 과학 및 기술 서비스업",M11502,번역/통역 서비스업,small,소분류확정,247,유지,최신코드 직접확인,유지,False,M11502
M11504,1,M1,M1,"전문, 과학 및 기술 서비스업",M115,M115,"그 외 기타 전문, 과학 및 기술 서비스업",M11504,사업/무형 재산권 중개업,small,소분류확정,247,유지,최신코드 직접확인,통합,False,M11504
R10406,1,R1,R1,"예술, 스포츠 및 여가관련 서비스업",R104,R104,유원지 및 기타 오락관련 서비스업,R10406,PC방,small,소분류확정,837,통합,837→247 연계,통합,False,N01A01
R10402,1,R1,R1,"예술, 스포츠 및 여가관련 서비스업",R104,R104,유원지 및 기타 오락관련 서비스업,R10402,비디오방,small,소분류확정,837,유지,837→247 연계,유지,False,N01A02
R10310,1,R1,R1,"예술, 스포츠 및 여가관련 서비스업",R103,R103,스포츠 서비스업,R10310,당구장,small,소분류확정,837,통합,837→247 연계,통합,False,N01A03
R10405,1,R1,R1,"예술, 스포츠 및 여가관련 서비스업",R104,R104,유원지 및 기타 오락관련 서비스업,R10405,기타 오락장,small,소분류확정,837,통합,837→247 연계,통합,False,N01A04
R10313,1,R1,R1,"예술, 스포츠 및 여가관련 서비스업",R103,R103,스포츠 서비스업,R10313,탁구장,small,소분류확정,837,유지,837→247 연계,유지,False,N01A05
R10309,1,R1,R1,"예술, 스포츠 및 여가관련 서비스업",R103,R103,스포츠 서비스업,R10309,볼링장,small,소분류확정,837,유지,837→247 연계,유지,False,N01A06
R10310,1,R1,R1,"예술, 스포츠 및 여가관련 서비스업",R103,R103,스포츠 서비스업,R10310,당구장,small,소분류확정,837,통합,837→247 연계,통합,False,N01A07
R10404,1,R1,R1,"예술, 스포츠 및 여가관련 서비스업",R104,R104,유원지 및 기타 오락관련 서비스업,R10404,전자 게임장,small,소분류확정,837,유지,837→247 연계,유지,False,N01A08
R10414,1,R1,R1,"예술, 스포츠 및 여가관련 서비스업",R104,R104,유원지 및 기타 오락관련 서비스업,R10414,바둑/장기/체스 경기 운영업,small,소분류확정,837,유지,837→247 연계,유지,False,N01A09
R10407,1,R1,R1,"예술, 스포츠 및 여가관련 서비스업",R104,R104,유원지 및 기타 오락관련 서비스업,R10407,노래방,small,소분류확정,837,유지,837→247 연계,유지,False,N02A01
I21102,1,I2,I2,음식점업,I211,I211,주점업,I21102,무도 유흥 주점,small,소분류확정,837,통합,837→247 연계,통합,False,N02A02
I21102,1,I2,I2,음식점업,I211,I211,주점업,I21102,무도 유흥 주점,small,소분류확정,837,통합,837→247 연계,통합,False,N02A03
I21102,1,I2,I2,음식점업,I211,I211,주점업,I21102,무도 유흥 주점,small,소분류확정,837,통합,837→247 연계,통합,False,N02A04
I21102,1,I2,I2,음식점업,I211,I211,주점업,I21102,무도 유흥 주점,small,소분류확정,837,통합,837→247 연계,통합,False,N02A05
I21102,1,I2,I2,음식점업,I211,I211,주점업,I21102,무도 유흥 주점,small,소분류확정,837,통합,837→247 연계,통합,False,N02A06
,0,,,,,,,,,none,제외확정,837,제외,837→247 연계,제외,False,N03A01
,0,,,,,,,,,none,제외확정,837,제외,837→247 연계,제외,False,N03A02
,0,,,,,,,,,none,제외확정,837,제외,837→247 연계,제외,False,N03A03
,0,,,,,,,,,none,제외확정,837,제외,837→247 연계,제외,False,N03A04
,0,,,,,,,,,none,제외확정,837,제외,837→247 연계,제외,False,N03A05
,0,,,,,,,,,none,제외확정,837,제외,837→247 연계,제외,False,N03A06
R10314,1,R1,R1,"예술, 스포츠 및 여가관련 서비스업",R103,R103,스포츠 서비스업,R10314,기타 스포츠시설 운영업,small,소분류확정,837,통합,837→247 연계,통합,False,N04A01
R10314,1,R1,R1,"예술, 스포츠 및 여가관련 서비스업",R103,R103,스포츠 서비스업,R10314,기타 스포츠시설 운영업,small,소분류확정,837,통합,837→247 연계,통합,False,N04A02
R10314,1,R1,R1,"예술, 스포츠 및 여가관련 서비스업",R103,R103,스포츠 서비스업,R10314,기타 스포츠시설 운영업,small,소분류확정,837,통합,837→247 연계,통합,False,N04A03
R10314,1,R1,R1,"예술, 스포츠 및 여가관련 서비스업",R103,R103,스포츠 서비스업,R10314,기타 스포츠시설 운영업,small,소분류확정,837,통합,837→247 연계,통합,False,N04A04
R10314,1,R1,R1,"예술, 스포츠 및 여가관련 서비스업",R103,R103,스포츠 서비스업,R10314,기타 스포츠시설 운영업,small,소분류확정,837,통합,837→247 연계,통합,False,N04A05
R10314,1,R1,R1,"예술, 스포츠 및 여가관련 서비스업",R103,R103,스포츠 서비스업,R10314,기타 스포츠시설 운영업,small,소분류확정,837,통합,837→247 연계,통합,False,N04A06
R10314,1,R1,R1,"예술, 스포츠 및 여가관련 서비스업",R103,R103,스포츠 서비스업,R10314,기타 스포츠시설 운영업,small,소분류확정,837,통합,837→247 연계,통합,False,N04A07
R10408,1,R1,R1,"예술, 스포츠 및 여가관련 서비스업",R104,R104,유원지 및 기타 오락관련 서비스업,R10408,낚시터 운영업,small,소분류확정,837,통합,837→247 연계,통합,False,N04A08
P10603,1,P1,P1,교육 서비스업,P106,P106,기타 교육기관,P10603,요가/필라테스 학원,small,소분류확정,837,유지,837→247 연계,유지,False,N05A01
S20803,1,S2,S2,수리 및 개인 서비스업,S208,S208,"욕탕, 마사지 및 기타 신체 관리 서비스업",S20803,체형/비만 관리,small,소분류확정,837,통합,837→247 연계,통합,False,N05A02
S20803,1,S2,S2,수리 및 개인 서비스업,S208,S208,"욕탕, 마사지 및 기타 신체 관리 서비스업",S20803,체형/비만 관리,small,소분류확정,837,통합,837→247 연계,통합,False,N05A03
S20802,1,S2,S2,수리 및 개인 서비스업,S208,S208,"욕탕, 마사지 및 기타 신체 관리 서비스업",S20802,마사지/안마,small,소분류확정,837,통합,837→247 연계,통합,False,N05A04
S20803,1,S2,S2,수리 및 개인 서비스업,S208,S208,"욕탕, 마사지 및 기타 신체 관리 서비스업",S20803,체형/비만 관리,small,소분류확정,837,통합,837→247 연계,통합,False,N05A05
S20802,1,S2,S2,수리 및 개인 서비스업,S208,S208,"욕탕, 마사지 및 기타 신체 관리 서비스업",S20802,마사지/안마,small,소분류확정,837,통합,837→247 연계,통합,False,N05A06
S20802,1,S2,S2,수리 및 개인 서비스업,S208,S208,"욕탕, 마사지 및 기타 신체 관리 서비스업",S20802,마사지/안마,small,소분류확정,837,통합,837→247 연계,통합,False,N05A07
S20802,1,S2,S2,수리 및 개인 서비스업,S208,S208,"욕탕, 마사지 및 기타 신체 관리 서비스업",S20802,마사지/안마,small,소분류확정,837,통합,837→247 연계,통합,False,N05A08
,0,,,,,,,,,none,제외확정,837,제외,837→247 연계,제외,False,N06B01
,0,,,,,,,,,none,제외확정,837,제외,837→247 연계,제외,False,N06B02
,0,,,,,,,,,none,제외확정,837,제외,837→247 연계,제외,False,N06B03
,0,,,,,,,,,none,제외확정,837,제외,837→247 연계,제외,False,N06B04
,0,,,,,,,,,none,제외확정,837,제외,837→247 연계,제외,False,N06B05
,0,,,,,,,,,none,제외확정,837,제외,837→247 연계,제외,False,N06B06
,0,,,,,,,,,none,제외확정,837,제외,837→247 연계,제외,False,N06B07
,0,,,,,,,,,none,제외확정,837,제외,837→247 연계,제외,False,N06B08
,0,,,,,,,,,none,제외확정,837,제외,837→247 연계,제외,False,N06B09
,0,,,,,,,,,none,제외확정,837,제외,837→247 연계,제외,False,N06B10
,0,,,,,,,,,none,제외확정,837,제외,837→247 연계,제외,False,N06B11
,0,,,,,,,,,none,제외확정,837,제외,837→247 연계,제외,False,N06B12
,0,,,,,,,,,none,제외확정,837,제외,837→247 연계,제외,False,N07A01
R10408,1,R1,R1,"예술, 스포츠 및 여가관련 서비스업",R104,R104,유원지 및 기타 오락관련 서비스업,R10408,낚시터 운영업,small,소분류확정,837,통합,837→247 연계,통합,False,N07A02
,0,,,,,,,,,none,제외확정,837,제외,837→247 연계,제외,False,N07A03
,0,,,,,,,,,none,제외확정,837,제외,837→247 연계,제외,False,N07A04
,0,,,,,,,,,none,제외확정,837,제외,837→247 연계,제외,False,N07A05
,0,,,,,,,,,none,제외확정,837,제외,837→247 연계,제외,False,N07A06
R10499,1,R1,R1,"예술, 스포츠 및 여가관련 서비스업",R104,R104,유원지 및 기타 오락관련 서비스업,R10499,기타 오락관련 서비스업,small,소분류확정,837,통합,837→247 연계,통합,False,N07A07
R10499,1,R1,R1,"예술, 스포츠 및 여가관련 서비스업",R104,R104,유원지 및 기타 오락관련 서비스업,R10499,기타 오락관련 서비스업,small,소분류확정,837,통합,837→247 연계,통합,False,N07A08
,0,,,,,,,,,none,제외확정,837,제외,837→247 연계,제외,False,N07A10
R10499,1,R1,R1,"예술, 스포츠 및 여가관련 서비스업",R104,R104,유원지 및 기타 오락관련 서비스업,R10499,기타 오락관련 서비스업,small,소분류확정,837,통합,837→247 연계,통합,False,N07A11
R10406,1,R1,R1,"예술, 스포츠 및 여가관련 서비스업",R104,R104,유원지 및 기타 오락관련 서비스업,R10406,PC방,small,소분류확정,837,통합,837→247 연계,통합,False,N08A01
,0,,,,,,,,,none,제외확정,837,제외,837→247 연계,제외,False,N08A02
,0,,,,,,,,,none,제외확정,837,제외,837→247 연계,제외,False,N08A03
,0,,,,,,,,,none,제외확정,837,제외,837→247 연계,제외,False,N08A04
,0,,,,,,,,,none,제외확정,837,제외,837→247 연계,제외,False,N08A05
N10101,1,N1,N1,"사업시설 관리, 사업 지원 및 임대 서비스업",N101,N101,사업시설 유지ㆍ관리 서비스업,N10101,사업시설 유지·관리 서비스업,small,소분류확정,247,유지,최신코드 직접확인,유지,False,N10101
N10201,1,N1,N1,"사업시설 관리, 사업 지원 및 임대 서비스업",N102,N102,건물ㆍ산업설비 청소 및 방제 서비스업,N10201,건축물 일반 청소업,small,소분류확정,247,유지,최신코드 직접확인,분리,False,N10201
N10202,1,N1,N1,"사업시설 관리, 사업 지원 및 임대 서비스업",N102,N102,건물ㆍ산업설비 청소 및 방제 서비스업,N10202,"산업설비, 운송장비 및 공공장소 청소업",small,소분류확정,247,유지,최신코드 직접확인,분리,False,N10202
N10203,1,N1,N1,"사업시설 관리, 사업 지원 및 임대 서비스업",N102,N102,건물ㆍ산업설비 청소 및 방제 서비스업,N10203,"소독, 구충 및 방제 서비스업",small,소분류확정,247,유지,최신코드 직접확인,분리,False,N10203
N10301,1,N1,N1,"사업시설 관리, 사업 지원 및 임대 서비스업",N103,N103,조경관리 및 유지 서비스업,N10301,조경 유지·관리 서비스업,small,소분류확정,247,유지,최신코드 직접확인,추가,True,N10301
N10401,1,N1,N1,"사업시설 관리, 사업 지원 및 임대 서비스업",N104,N104,고용 알선 및 인력 공급업,N10401,고용 알선업,small,소분류확정,247,유지,최신코드 직접확인,통합,False,N10401
N10402,1,N1,N1,"사업시설 관리, 사업 지원 및 임대 서비스업",N104,N104,고용 알선 및 인력 공급업,N10402,임시/일용 인력 공급업,small,소분류확정,247,유지,최신코드 직접확인,분리,False,N10402
N10403,1,N1,N1,"사업시설 관리, 사업 지원 및 임대 서비스업",N104,N104,고용 알선 및 인력 공급업,N10403,상용 인력 공급 및 인사관리 서비스업,small,소분류확정,247,유지,최신코드 직접확인,분리,False,N10403
N10501,1,N1,N1,"사업시설 관리, 사업 지원 및 임대 서비스업",N105,N105,여행사 및 기타 여행 보조 서비스업,N10501,여행사,small,소분류확정,247,유지,최신코드 직접확인,추가,True,N10501
N10599,1,N1,N1,"사업시설 관리, 사업 지원 및 임대 서비스업",N105,N105,여행사 및 기타 여행 보조 서비스업,N10599,기타 여행 보조/예약 서비스업,small,소분류확정,247,유지,최신코드 직접확인,추가,True,N10599
N10703,1,N1,N1,"사업시설 관리, 사업 지원 및 임대 서비스업",N107,N107,사무 지원 서비스업,N10703,복사업,small,소분류확정,247,유지,최신코드 직접확인,유지,False,N10703
N10799,1,N1,N1,"사업시설 관리, 사업 지원 및 임대 서비스업",N107,N107,사무 지원 서비스업,N10799,기타 사무 지원 서비스업,small,소분류확정,247,유지,최신코드 직접확인,통합,False,N10799
N10802,1,N1,N1,"사업시설 관리, 사업 지원 및 임대 서비스업",N108,N108,기타 사업 지원 서비스업,N10802,전시/컨벤션/행사 대행 서비스업,small,소분류확정,247,유지,최신코드 직접확인,통합,False,N10802
N10805,1,N1,N1,"사업시설 관리, 사업 지원 및 임대 서비스업",N108,N108,기타 사업 지원 서비스업,N10805,포장/충전업,small,소분류확정,247,유지,최신코드 직접확인,유지,False,N10805
N10901,1,N1,N1,"사업시설 관리, 사업 지원 및 임대 서비스업",N109,N109,운송장비 대여업,N10901,자동차 대여업,small,소분류확정,247,유지,최신코드 직접확인,유지,False,N10901
N10999,1,N1,N1,"사업시설 관리, 사업 지원 및 임대 서비스업",N109,N109,운송장비 대여업,N10999,기타 운송장비 대여업,small,소분류확정,247,유지,최신코드 직접확인,추가,True,N10999
N11001,1,N1,N1,"사업시설 관리, 사업 지원 및 임대 서비스업",N110,N110,개인 및 가정용품 대여업,N11001,스포츠/레크리에이션 용품 대여업,small,소분류확정,247,유지,최신코드 직접확인,유지,False,N11001
N11002,1,N1,N1,"사업시설 관리, 사업 지원 및 임대 서비스업",N110,N110,개인 및 가정용품 대여업,N11002,음반/비디오물 대여업,small,소분류확정,247,유지,최신코드 직접확인,유지,False,N11002
N11003,1,N1,N1,"사업시설 관리, 사업 지원 및 임대 서비스업",N110,N110,개인 및 가정용품 대여업,N11003,만화방,small,소분류확정,247,유지,최신코드 직접확인,유지,False,N11003
N11004,1,N1,N1,"사업시설 관리, 사업 지원 및 임대 서비스업",N110,N110,개인 및 가정용품 대여업,N11004,의류 대여업,small,소분류확정,247,유지,최신코드 직접확인,통합,False,N11004
N11099,1,N1,N1,"사업시설 관리, 사업 지원 및 임대 서비스업",N110,N110,개인 및 가정용품 대여업,N11099,기타 개인/가정용품 대여업,small,소분류확정,247,유지,최신코드 직접확인,통합,False,N11099
N11101,1,N1,N1,"사업시설 관리, 사업 지원 및 임대 서비스업",N111,N111,산업용 기계 및 장비 대여업,N11101,건설기계/장비 대여업,small,소분류확정,247,유지,최신코드 직접확인,추가,True,N11101
N11102,1,N1,N1,"사업시설 관리, 사업 지원 및 임대 서비스업",N111,N111,산업용 기계 및 장비 대여업,N11102,컴퓨터/사무기기 대여업,small,소분류확정,247,유지,최신코드 직접확인,통합,False,N11102
N11199,1,N1,N1,"사업시설 관리, 사업 지원 및 임대 서비스업",N111,N111,산업용 기계 및 장비 대여업,N11199,기타 산업용 기계/장비 대여업,small,소분류확정,247,유지,최신코드 직접확인,통합,False,N11199
I10101,1,I1,I1,숙박업,I101,I101,일반 및 생활 숙박시설 운영업,I10101,호텔/리조트,small,소분류확정,837,유지,837→247 연계,유지,False,O01A01
I10102,1,I1,I1,숙박업,I101,I101,일반 및 생활 숙박시설 운영업,I10102,여관/모텔,small,소분류확정,837,유지,837→247 연계,유지,False,O02A01
I10103|I10104,2,I1,I1,숙박업,I101,I101,일반 및 생활 숙박시설 운영업,,,middle,중분류확정,837,분리,837→247 연계,유지|통합,False,O03A01
I10103,1,I1,I1,숙박업,I101,I101,일반 및 생활 숙박시설 운영업,I10103,펜션,small,소분류확정,837,통합,837→247 연계,통합,False,O04A01
I10103,1,I1,I1,숙박업,I101,I101,일반 및 생활 숙박시설 운영업,I10103,펜션,small,소분류확정,837,통합,837→247 연계,통합,False,O05A01
,0,,,,,,,,,none,제외확정,837,제외,837→247 연계,제외,False,P01A00
,0,,,,,,,,,none,제외확정,837,제외,837→247 연계,제외,False,P01A03
,0,,,,,,,,,none,제외확정,837,제외,837→247 연계,제외,False,P01A05
,0,,,,,,,,,none,제외확정,837,제외,837→247 연계,제외,False,P01A06
,0,,,,,,,,,none,제외확정,837,제외,837→247 연계,제외,False,P01A07
,0,,,,,,,,,none,제외확정,837,제외,837→247 연계,제외,False,P01A08
,0,,,,,,,,,none,제외확정,837,제외,837→247 연계,제외,False,P01A09
,0,,,,,,,,,none,제외확정,837,제외,837→247 연계,제외,False,P01A10
,0,,,,,,,,,none,제외확정,837,제외,837→247 연계,제외,False,P01A11
,0,,,,,,,,,none,제외확정,837,제외,837→247 연계,제외,False,P01A12
,0,,,,,,,,,none,제외확정,837,제외,837→247 연계,제외,False,P01A99
R10314,1,R1,R1,"예술, 스포츠 및 여가관련 서비스업",R103,R103,스포츠 서비스업,R10314,기타 스포츠시설 운영업,small,소분류확정,837,통합,837→247 연계,통합,False,P02A01
R10312,1,R1,R1,"예술, 스포츠 및 여가관련 서비스업",R103,R103,스포츠 서비스업,R10312,테니스장,small,소분류확정,837,통합,837→247 연계,통합,False,P02A02
R10308,1,R1,R1,"예술, 스포츠 및 여가관련 서비스업",R103,R103,스포츠 서비스업,R10308,수영장,small,소분류확정,837,통합,837→247 연계,통합,False,P02A03
P10601,1,P1,P1,교육 서비스업,P106,P106,기타 교육기관,P10601,태권도/무술학원,small,소분류확정,837,통합,837→247 연계,통합,False,P02A04
R10314,1,R1,R1,"예술, 스포츠 및 여가관련 서비스업",R103,R103,스포츠 서비스업,R10314,기타 스포츠시설 운영업,small,소분류확정,837,통합,837→247 연계,통합,False,P02A08
R10311,1,R1,R1,"예술, 스포츠 및 여가관련 서비스업",R103,R103,스포츠 서비스업,R10311,골프 연습장,small,소분류확정,837,통합,837→247 연계,통합,False,P02A10
R10307,1,R1,R1,"예술, 스포츠 및 여가관련 서비스업",R103,R103,스포츠 서비스업,R10307,헬스장,small,소분류확정,837,유지,837→247 연계,유지,False,P02A13
R10306,1,R1,R1,"예술, 스포츠 및 여가관련 서비스업",R103,R103,스포츠 서비스업,R10306,종합 스포츠시설,small,소분류확정,837,유지,837→247 연계,유지,False,P02A14
P10601,1,P1,P1,교육 서비스업,P106,P106,기타 교육기관,P10601,태권도/무술학원,small,소분류확정,837,통합,837→247 연계,통합,False,P02A18
R10314,1,R1,R1,"예술, 스포츠 및 여가관련 서비스업",R103,R103,스포츠 서비스업,R10314,기타 스포츠시설 운영업,small,소분류확정,837,통합,837→247 연계,통합,False,P02A22
R10316,1,R1,R1,"예술, 스포츠 및 여가관련 서비스업",R103,R103,스포츠 서비스업,R10316,스쿼시/라켓볼장,small,소분류확정,837,유지,837→247 연계,유지,False,P02A25
P10601,1,P1,P1,교육 서비스업,P106,P106,기타 교육기관,P10601,태권도/무술학원,small,소분류확정,837,통합,837→247 연계,통합,False,P02A26
P10601,1,P1,P1,교육 서비스업,P106,P106,기타 교육기관,P10601,태권도/무술학원,small,소분류확정,837,통합,837→247 연계,통합,False,P02A29
P10601,1,P1,P1,교육 서비스업,P106,P106,기타 교육기관,P10601,태권도/무술학원,small,소분류확정,837,통합,837→247 연계,통합,False,P02A30
R10314,1,R1,R1,"예술, 스포츠 및 여가관련 서비스업",R103,R103,스포츠 서비스업,R10314,기타 스포츠시설 운영업,small,소분류확정,837,통합,837→247 연계,통합,False,P02A99
R10314,1,R1,R1,"예술, 스포츠 및 여가관련 서비스업",R103,R103,스포츠 서비스업,R10314,기타 스포츠시설 운영업,small,소분류확정,837,통합,837→247 연계,통합,False,P03A01
R10314,1,R1,R1,"예술, 스포츠 및 여가관련 서비스업",R103,R103,스포츠 서비스업,R10314,기타 스포츠시설 운영업,small,소분류확정,837,통합,837→247 연계,통합,False,P03A03
,0,,,,,,,,,none,제외확정,837,제외,837→247 연계,제외,False,P03A04
R10311,1,R1,R1,"예술, 스포츠 및 여가관련 서비스업",R103,R103,스포츠 서비스업,R10311,골프 연습장,small,소분류확정,837,통합,837→247 연계,통합,False,P03A05
R10314,1,R1,R1,"예술, 스포츠 및 여가관련 서비스업",R103,R103,스포츠 서비스업,R10314,기타 스포츠시설 운영업,small,소분류확정,837,통합,837→247 연계,통합,False,P03A08
,0,,,,,,,,,none,제외확정,837,제외,837→247 연계,제외,False,P03A09
R10312,1,R1,R1,"예술, 스포츠 및 여가관련 서비스업",R103,R103,스포츠 서비스업,R10312,테니스장,small,소분류확정,837,통합,837→247 연계,통합,False,P03A10
R10308,1,R1,R1,"예술, 스포츠 및 여가관련 서비스업",R103,R103,스포츠 서비스업,R10308,수영장,small,소분류확정,837,통합,837→247 연계,통합,False,P03A11
R10314,1,R1,R1,"예술, 스포츠 및 여가관련 서비스업",R103,R103,스포츠 서비스업,R10314,기타 스포츠시설 운영업,small,소분류확정,837,통합,837→247 연계,통합,False,P03A14
R10314,1,R1,R1,"예술, 스포츠 및 여가관련 서비스업",R103,R103,스포츠 서비스업,R10314,기타 스포츠시설 운영업,small,소분류확정,837,통합,837→247 연계,통합,False,P03A15
R10314,1,R1,R1,"예술, 스포츠 및 여가관련 서비스업",R103,R103,스포츠 서비스업,R10314,기타 스포츠시설 운영업,small,소분류확정,837,통합,837→247 연계,통합,False,P03A16
,0,,,,,,,,,none,제외확정,837,제외,837→247 연계,제외,False,P03A17
R10409,1,R1,R1,"예술, 스포츠 및 여가관련 서비스업",R104,R104,유원지 및 기타 오락관련 서비스업,R10409,수상/해양 레저업,small,소분류확정,837,통합,837→247 연계,통합,False,P03A19
R10314,1,R1,R1,"예술, 스포츠 및 여가관련 서비스업",R103,R103,스포츠 서비스업,R10314,기타 스포츠시설 운영업,small,소분류확정,837,통합,837→247 연계,통합,False,P03A20
R10314,1,R1,R1,"예술, 스포츠 및 여가관련 서비스업",R103,R103,스포츠 서비스업,R10314,기타 스포츠시설 운영업,small,소분류확정,837,통합,837→247 연계,통합,False,P03A21
R10314,1,R1,R1,"예술, 스포츠 및 여가관련 서비스업",R103,R103,스포츠 서비스업,R10314,기타 스포츠시설 운영업,small,소분류확정,837,통합,837→247 연계,통합,False,P03A22
R10409,1,R1,R1,"예술, 스포츠 및 여가관련 서비스업",R104,R104,유원지 및 기타 오락관련 서비스업,R10409,수상/해양 레저업,small,소분류확정,837,통합,837→247 연계,통합,False,P03A23
R10314,1,R1,R1,"예술, 스포츠 및 여가관련 서비스업",R103,R103,스포츠 서비스업,R10314,기타 스포츠시설 운영업,small,소분류확정,837,통합,837→247 연계,통합,False,P03A24
R10314,1,R1,R1,"예술, 스포츠 및 여가관련 서비스업",R103,R103,스포츠 서비스업,R10314,기타 스포츠시설 운영업,small,소분류확정,837,통합,837→247 연계,통합,False,P03A25
R10308,1,R1,R1,"예술, 스포츠 및 여가관련 서비스업",R103,R103,스포츠 서비스업,R10308,수영장,small,소분류확정,837,통합,837→247 연계,통합,False,P03A26
R10314,1,R1,R1,"예술, 스포츠 및 여가관련 서비스업",R103,R103,스포츠 서비스업,R10314,기타 스포츠시설 운영업,small,소분류확정,837,통합,837→247 연계,통합,False,P03A31
R10314,1,R1,R1,"예술, 스포츠 및 여가관련 서비스업",R103,R103,스포츠 서비스업,R10314,기타 스포츠시설 운영업,small,소분류확정,837,통합,837→247 연계,통합,False,P03A99
P10501,1,P1,P1,교육 서비스업,P105,P105,일반 교육기관,P10501,입시·교과학원,small,소분류확정,247,유지,최신코드 직접확인,통합,False,P10501
P10601,1,P1,P1,교육 서비스업,P106,P106,기타 교육기관,P10601,태권도/무술학원,small,소분류확정,247,유지,최신코드 직접확인,통합,False,P10601
P10603,1,P1,P1,교육 서비스업,P106,P106,기타 교육기관,P10603,요가/필라테스 학원,small,소분류확정,247,유지,최신코드 직접확인,유지,False,P10603
P10605,1,P1,P1,교육 서비스업,P106,P106,기타 교육기관,P10605,레크리에이션 교육기관,small,소분류확정,247,유지,최신코드 직접확인,유지,False,P10605
P10607,1,P1,P1,교육 서비스업,P106,P106,기타 교육기관,P10607,청소년 수련시설,small,소분류확정,247,유지,최신코드 직접확인,추가,True,P10607
P10609,1,P1,P1,교육 서비스업,P106,P106,기타 교육기관,P10609,음악학원,small,소분류확정,247,유지,최신코드 직접확인,통합,False,P10609
P10611,1,P1,P1,교육 서비스업,P106,P106,기타 교육기관,P10611,미술학원,small,소분류확정,247,유지,최신코드 직접확인,유지,False,P10611
P10613,1,P1,P1,교육 서비스업,P106,P106,기타 교육기관,P10613,기타 예술/스포츠 교육기관,small,소분류확정,247,유지,최신코드 직접확인,통합,False,P10613
P10615,1,P1,P1,교육 서비스업,P106,P106,기타 교육기관,P10615,외국어학원,small,소분류확정,247,유지,최신코드 직접확인,통합,False,P10615
P10617,1,P1,P1,교육 서비스업,P106,P106,기타 교육기관,P10617,전문자격/고시학원,small,소분류확정,247,유지,최신코드 직접확인,통합,False,P10617
P10619,1,P1,P1,교육 서비스업,P106,P106,기타 교육기관,P10619,사회교육시설,small,소분류확정,247,유지,최신코드 직접확인,유지,False,P10619
P10621,1,P1,P1,교육 서비스업,P106,P106,기타 교육기관,P10621,직원 훈련기관,small,소분류확정,247,유지,최신코드 직접확인,통합,False,P10621
P10623,1,P1,P1,교육 서비스업,P106,P106,기타 교육기관,P10623,운전학원,small,소분류확정,247,유지,최신코드 직접확인,통합,False,P10623
P10625,1,P1,P1,교육 서비스업,P106,P106,기타 교육기관,P10625,기타 기술/직업 훈련학원,small,소분류확정,247,유지,최신코드 직접확인,유지|통합,False,P10625
P10627,1,P1,P1,교육 서비스업,P106,P106,기타 교육기관,P10627,컴퓨터 학원,small,소분류확정,247,유지,최신코드 직접확인,유지,False,P10627
P10629,1,P1,P1,교육 서비스업,P106,P106,기타 교육기관,P10629,그 외 기타 교육기관,small,소분류확정,247,유지,최신코드 직접확인,통합,False,P10629
P10701,1,P1,P1,교육 서비스업,P107,P107,교육 지원 서비스업,P10701,교육컨설팅업,small,소분류확정,247,유지,최신코드 직접확인,추가,True,P10701
P10799,1,P1,P1,교육 서비스업,P107,P107,교육 지원 서비스업,P10799,기타 교육지원 서비스업,small,소분류확정,247,유지,최신코드 직접확인,통합,False,P10799
I20101,1,I2,I2,음식점업,I201,I201,한식 음식점업,I20101,백반/한정식,small,소분류확정,837,통합,837→247 연계,통합,False,Q01A01
I20107,1,I2,I2,음식점업,I201,I201,한식 음식점업,I20107,돼지고기 구이/찜,small,소분류확정,837,통합,837→247 연계,통합,False,Q01A02
I20109,1,I2,I2,음식점업,I201,I201,한식 음식점업,I20109,곱창 전골/구이,small,소분류확정,837,유지,837→247 연계,유지,False,Q01A03
I20101,1,I2,I2,음식점업,I201,I201,한식 음식점업,I20101,백반/한정식,small,소분류확정,837,통합,837→247 연계,통합,False,Q01A04
I20102,1,I2,I2,음식점업,I201,I201,한식 음식점업,I20102,국/탕/찌개류,small,소분류확정,837,통합,837→247 연계,통합,False,Q01A05
I20101,1,I2,I2,음식점업,I201,I201,한식 음식점업,I20101,백반/한정식,small,소분류확정,837,통합,837→247 연계,통합,False,Q01A06
I20102,1,I2,I2,음식점업,I201,I201,한식 음식점업,I20102,국/탕/찌개류,small,소분류확정,837,통합,837→247 연계,통합,False,Q01A07
I20103,1,I2,I2,음식점업,I201,I201,한식 음식점업,I20103,족발/보쌈,small,소분류확정,837,유지,837→247 연계,유지,False,Q01A08
I20102,1,I2,I2,음식점업,I201,I201,한식 음식점업,I20102,국/탕/찌개류,small,소분류확정,837,통합,837→247 연계,통합,False,Q01A09
I20101,1,I2,I2,음식점업,I201,I201,한식 음식점업,I20101,백반/한정식,small,소분류확정,837,통합,837→247 연계,통합,False,Q01A10
I20101,1,I2,I2,음식점업,I201,I201,한식 음식점업,I20101,백반/한정식,small,소분류확정,837,통합,837→247 연계,통합,False,Q01A11
I20102,1,I2,I2,음식점업,I201,I201,한식 음식점업,I20102,국/탕/찌개류,small,소분류확정,837,통합,837→247 연계,통합,False,Q01A12
I20104,1,I2,I2,음식점업,I201,I201,한식 음식점업,I20104,전/부침개,small,소분류확정,837,유지,837→247 연계,유지,False,Q01A13
I20102,1,I2,I2,음식점업,I201,I201,한식 음식점업,I20102,국/탕/찌개류,small,소분류확정,837,통합,837→247 연계,통합,False,Q01A14
I20101,1,I2,I2,음식점업,I201,I201,한식 음식점업,I20101,백반/한정식,small,소분류확정,837,통합,837→247 연계,통합,False,Q01A15
I20101,1,I2,I2,음식점업,I201,I201,한식 음식점업,I20101,백반/한정식,small,소분류확정,837,통합,837→247 연계,통합,False,Q01A16
I20101,1,I2,I2,음식점업,I201,I201,한식 음식점업,I20101,백반/한정식,small,소분류확정,837,통합,837→247 연계,통합,False,Q01A17
I20102,1,I2,I2,음식점업,I201,I201,한식 음식점업,I20102,국/탕/찌개류,small,소분류확정,837,통합,837→247 연계,통합,False,Q01A18
I20106,1,I2,I2,음식점업,I201,I201,한식 음식점업,I20106,냉면/밀면,small,소분류확정,837,유지,837→247 연계,유지,False,Q01A19
I20199,1,I2,I2,음식점업,I201,I201,한식 음식점업,I20199,기타 한식 음식점,small,소분류확정,837,통합,837→247 연계,통합,False,Q01A21
I20108,1,I2,I2,음식점업,I201,I201,한식 음식점업,I20108,소고기 구이/찜,small,소분류확정,837,통합,837→247 연계,통합,False,Q01A99
I20201,1,I2,I2,음식점업,I202,I202,중식 음식점업,I20201,중국집,small,소분류확정,837,통합,837→247 연계,통합,False,Q02A00
I20201,1,I2,I2,음식점업,I202,I202,중식 음식점업,I20201,중국집,small,소분류확정,837,통합,837→247 연계,통합,False,Q02A01
I20111,1,I2,I2,음식점업,I201,I201,한식 음식점업,I20111,횟집,small,소분류확정,837,통합,837→247 연계,통합,False,Q03A01
I20301|I20399,2,I2,I2,음식점업,I203,I203,일식 음식점업,,,middle,중분류확정,837,분리,837→247 연계,통합,False,Q03A02
I20301,1,I2,I2,음식점업,I203,I203,일식 음식점업,I20301,일식 회/초밥,small,소분류확정,837,통합,837→247 연계,통합,False,Q03A03
I20301,1,I2,I2,음식점업,I203,I203,일식 음식점업,I20301,일식 회/초밥,small,소분류확정,837,통합,837→247 연계,통합,False,Q03A04
I20112,1,I2,I2,음식점업,I201,I201,한식 음식점업,I20112,해산물 구이/찜,small,소분류확정,837,통합,837→247 연계,통합,False,Q03A05
I20112,1,I2,I2,음식점업,I201,I201,한식 음식점업,I20112,해산물 구이/찜,small,소분류확정,837,통합,837→247 연계,통합,False,Q03A06
I20112,1,I2,I2,음식점업,I201,I201,한식 음식점업,I20112,해산물 구이/찜,small,소분류확정,837,통합,837→247 연계,통합,False,Q03A07
I20102,1,I2,I2,음식점업,I201,I201,한식 음식점업,I20102,국/탕/찌개류,small,소분류확정,837,통합,837→247 연계,통합,False,Q03A08
I20112,1,I2,I2,음식점업,I201,I201,한식 음식점업,I20112,해산물 구이/찜,small,소분류확정,837,통합,837→247 연계,통합,False,Q03A09
I20112,1,I2,I2,음식점업,I201,I201,한식 음식점업,I20112,해산물 구이/찜,small,소분류확정,837,통합,837→247 연계,통합,False,Q03A10
I20112,1,I2,I2,음식점업,I201,I201,한식 음식점업,I20112,해산물 구이/찜,small,소분류확정,837,통합,837→247 연계,통합,False,Q03A11
I20112,1,I2,I2,음식점업,I201,I201,한식 음식점업,I20112,해산물 구이/찜,small,소분류확정,837,통합,837→247 연계,통합,False,Q03A13
I20112,1,I2,I2,음식점업,I201,I201,한식 음식점업,I20112,해산물 구이/찜,small,소분류확정,837,통합,837→247 연계,통합,False,Q03A14
I20112,1,I2,I2,음식점업,I201,I201,한식 음식점업,I20112,해산물 구이/찜,small,소분류확정,837,통합,837→247 연계,통합,False,Q03A15
I20112,1,I2,I2,음식점업,I201,I201,한식 음식점업,I20112,해산물 구이/찜,small,소분류확정,837,통합,837→247 연계,통합,False,Q03A16
I20112,1,I2,I2,음식점업,I201,I201,한식 음식점업,I20112,해산물 구이/찜,small,소분류확정,837,통합,837→247 연계,통합,False,Q03A17
I20101,1,I2,I2,음식점업,I201,I201,한식 음식점업,I20101,백반/한정식,small,소분류확정,837,통합,837→247 연계,통합,False,Q03A18
I20111,1,I2,I2,음식점업,I201,I201,한식 음식점업,I20111,횟집,small,소분류확정,837,통합,837→247 연계,통합,False,Q03A19
I20113,1,I2,I2,음식점업,I201,I201,한식 음식점업,I20113,복 요리 전문,small,소분류확정,837,유지,837→247 연계,유지,False,Q03A20
I20112,1,I2,I2,음식점업,I201,I201,한식 음식점업,I20112,해산물 구이/찜,small,소분류확정,837,통합,837→247 연계,통합,False,Q03A99
I21007,1,I2,I2,음식점업,I210,I210,기타 간이 음식점업,I21007,김밥/만두/분식,small,소분류확정,837,통합,837→247 연계,통합,False,Q04A01
I20105,1,I2,I2,음식점업,I201,I201,한식 음식점업,I20105,국수/칼국수,small,소분류확정,837,유지,837→247 연계,유지,False,Q04A02
I21007,1,I2,I2,음식점업,I210,I210,기타 간이 음식점업,I21007,김밥/만두/분식,small,소분류확정,837,통합,837→247 연계,통합,False,Q04A03
I20303,1,I2,I2,음식점업,I203,I203,일식 음식점업,I20303,일식 면 요리,small,소분류확정,837,유지,837→247 연계,유지,False,Q04A04
I21008,1,I2,I2,음식점업,I210,I210,기타 간이 음식점업,I21008,아이스크림/빙수,small,소분류확정,837,통합,837→247 연계,통합,False,Q04A05
I20102,1,I2,I2,음식점업,I201,I201,한식 음식점업,I20102,국/탕/찌개류,small,소분류확정,837,통합,837→247 연계,통합,False,Q05A01
I20110,1,I2,I2,음식점업,I201,I201,한식 음식점업,I20110,닭/오리고기 구이/찜,small,소분류확정,837,통합,837→247 연계,통합,False,Q05A02
I20102,1,I2,I2,음식점업,I201,I201,한식 음식점업,I20102,국/탕/찌개류,small,소분류확정,837,통합,837→247 연계,통합,False,Q05A03
I20110,1,I2,I2,음식점업,I201,I201,한식 음식점업,I20110,닭/오리고기 구이/찜,small,소분류확정,837,통합,837→247 연계,통합,False,Q05A04
I20110,1,I2,I2,음식점업,I201,I201,한식 음식점업,I20110,닭/오리고기 구이/찜,small,소분류확정,837,통합,837→247 연계,통합,False,Q05A05
I20110,1,I2,I2,음식점업,I201,I201,한식 음식점업,I20110,닭/오리고기 구이/찜,small,소분류확정,837,통합,837→247 연계,통합,False,Q05A06
I20110,1,I2,I2,음식점업,I201,I201,한식 음식점업,I20110,닭/오리고기 구이/찜,small,소분류확정,837,통합,837→247 연계,통합,False,Q05A07
I21006,1,I2,I2,음식점업,I210,I210,기타 간이 음식점업,I21006,치킨,small,소분류확정,837,유지,837→247 연계,유지,False,Q05A08
I20110,1,I2,I2,음식점업,I201,I201,한식 음식점업,I20110,닭/오리고기 구이/찜,small,소분류확정,837,통합,837→247 연계,통합,False,Q05A09
I20110,1,I2,I2,음식점업,I201,I201,한식 음식점업,I20110,닭/오리고기 구이/찜,small,소분류확정,837,통합,837→247 연계,통합,False,Q05A10
I20401,1,I2,I2,음식점업,I204,I204,서양식 음식점업,I20401,경양식,small,소분류확정,837,통합,837→247 연계,통합,False,Q06A01
I20401,1,I2,I2,음식점업,I204,I204,서양식 음식점업,I20401,경양식,small,소분류확정,837,통합,837→247 연계,통합,False,Q06A02
I20302,1,I2,I2,음식점업,I203,I203,일식 음식점업,I20302,일식 카레/돈가스/덮밥,small,소분류확정,837,유지,837→247 연계,유지,False,Q06A03
I20402,1,I2,I2,음식점업,I204,I204,서양식 음식점업,I20402,파스타/스테이크,small,소분류확정,837,통합,837→247 연계,통합,False,Q06A04
I20403,1,I2,I2,음식점업,I204,I204,서양식 음식점업,I20403,패밀리레스토랑,small,소분류확정,837,유지,837→247 연계,유지,False,Q06A05
I20401,1,I2,I2,음식점업,I204,I204,서양식 음식점업,I20401,경양식,small,소분류확정,837,통합,837→247 연계,통합,False,Q06A06
I20499,1,I2,I2,음식점업,I204,I204,서양식 음식점업,I20499,기타 서양식 음식점,small,소분류확정,837,통합,837→247 연계,통합,False,Q06A07
I20402,1,I2,I2,음식점업,I204,I204,서양식 음식점업,I20402,파스타/스테이크,small,소분류확정,837,통합,837→247 연계,통합,False,Q06A08
I21003,1,I2,I2,음식점업,I210,I210,기타 간이 음식점업,I21003,피자,small,소분류확정,837,유지,837→247 연계,유지,False,Q07A01
I20101,1,I2,I2,음식점업,I201,I201,한식 음식점업,I20101,백반/한정식,small,소분류확정,837,통합,837→247 연계,통합,False,Q07A02
I21005,1,I2,I2,음식점업,I210,I210,기타 간이 음식점업,I21005,토스트/샌드위치/샐러드,small,소분류확정,837,통합,837→247 연계,통합,False,Q07A03
I21004,1,I2,I2,음식점업,I210,I210,기타 간이 음식점업,I21004,버거,small,소분류확정,837,유지,837→247 연계,유지,False,Q07A04
I21005,1,I2,I2,음식점업,I210,I210,기타 간이 음식점업,I21005,토스트/샌드위치/샐러드,small,소분류확정,837,통합,837→247 연계,통합,False,Q07A05
I21001,1,I2,I2,음식점업,I210,I210,기타 간이 음식점업,I21001,빵/도넛,small,소분류확정,837,통합,837→247 연계,통합,False,Q07A06
G20507|I21008,2,G2|I2,,,G205|I210,,,,,none,미확정,837,분리,837→247 연계,유지|통합,False,Q07A07
I21008,1,I2,I2,음식점업,I210,I210,기타 간이 음식점업,I21008,아이스크림/빙수,small,소분류확정,837,통합,837→247 연계,통합,False,Q07A08
I21001,1,I2,I2,음식점업,I210,I210,기타 간이 음식점업,I21001,빵/도넛,small,소분류확정,837,통합,837→247 연계,통합,False,Q07A09
I21005,1,I2,I2,음식점업,I210,I210,기타 간이 음식점업,I21005,토스트/샌드위치/샐러드,small,소분류확정,837,통합,837→247 연계,통합,False,Q07A10
I21001,1,I2,I2,음식점업,I210,I210,기타 간이 음식점업,I21001,빵/도넛,small,소분류확정,837,통합,837→247 연계,통합,False,Q08A01
I21001,1,I2,I2,음식점업,I210,I210,기타 간이 음식점업,I21001,빵/도넛,small,소분류확정,837,통합,837→247 연계,통합,False,Q08A02
I21002,1,I2,I2,음식점업,I210,I210,기타 간이 음식점업,I21002,떡/한과,small,소분류확정,837,통합,837→247 연계,통합,False,Q08A03
I21002,1,I2,I2,음식점업,I210,I210,기타 간이 음식점업,I21002,떡/한과,small,소분류확정,837,통합,837→247 연계,통합,False,Q08A04
I21001,1,I2,I2,음식점업,I210,I210,기타 간이 음식점업,I21001,빵/도넛,small,소분류확정,837,통합,837→247 연계,통합,False,Q08A05
I21103,1,I2,I2,음식점업,I211,I211,주점업,I21103,생맥주 전문,small,소분류확정,837,유지,837→247 연계,유지,False,Q09A01
I21101,1,I2,I2,음식점업,I211,I211,주점업,I21101,일반 유흥 주점,small,소분류확정,837,통합,837→247 연계,통합,False,Q09A02
I21104,1,I2,I2,음식점업,I211,I211,주점업,I21104,요리 주점,small,소분류확정,837,통합,837→247 연계,통합,False,Q09A03
I21101,1,I2,I2,음식점업,I211,I211,주점업,I21101,일반 유흥 주점,small,소분류확정,837,통합,837→247 연계,통합,False,Q09A04
I21101,1,I2,I2,음식점업,I211,I211,주점업,I21101,일반 유흥 주점,small,소분류확정,837,통합,837→247 연계,통합,False,Q09A05
I21101,1,I2,I2,음식점업,I211,I211,주점업,I21101,일반 유흥 주점,small,소분류확정,837,통합,837→247 연계,통합,False,Q09A06
I21101,1,I2,I2,음식점업,I211,I211,주점업,I21101,일반 유흥 주점,small,소분류확정,837,통합,837→247 연계,통합,False,Q09A07
I21101,1,I2,I2,음식점업,I211,I211,주점업,I21101,일반 유흥 주점,small,소분류확정,837,통합,837→247 연계,통합,False,Q09A08
I21102,1,I2,I2,음식점업,I211,I211,주점업,I21102,무도 유흥 주점,small,소분류확정,837,통합,837→247 연계,통합,False,Q09A09
I21102,1,I2,I2,음식점업,I211,I211,주점업,I21102,무도 유흥 주점,small,소분류확정,837,통합,837→247 연계,통합,False,Q09A10
Q10101,1,Q1,Q1,보건의료업,Q101,Q101,병원,Q10101,종합병원,small,소분류확정,247,유지,최신코드 직접확인,추가,True,Q10101
Q10102,1,Q1,Q1,보건의료업,Q101,Q101,병원,Q10102,일반병원,small,소분류확정,247,유지,최신코드 직접확인,추가,True,Q10102
Q10103,1,Q1,Q1,보건의료업,Q101,Q101,병원,Q10103,치과병원,small,소분류확정,247,유지,최신코드 직접확인,추가,True,Q10103
Q10104,1,Q1,Q1,보건의료업,Q101,Q101,병원,Q10104,한방병원,small,소분류확정,247,유지,최신코드 직접확인,추가,True,Q10104
Q10105,1,Q1,Q1,보건의료업,Q101,Q101,병원,Q10105,요양병원,small,소분류확정,247,유지,최신코드 직접확인,추가,True,Q10105
Q10201,1,Q1,Q1,보건의료업,Q102,Q102,의원,Q10201,내과/소아과 의원,small,소분류확정,247,유지,최신코드 직접확인,추가,True,Q10201
Q10202,1,Q1,Q1,보건의료업,Q102,Q102,의원,Q10202,외과 의원,small,소분류확정,247,유지,최신코드 직접확인,추가,True,Q10202
Q10203,1,Q1,Q1,보건의료업,Q102,Q102,의원,Q10203,신경/정신과 의원,small,소분류확정,247,유지,최신코드 직접확인,추가,True,Q10203
Q10204,1,Q1,Q1,보건의료업,Q102,Q102,의원,Q10204,피부/비뇨기과 의원,small,소분류확정,247,유지,최신코드 직접확인,추가,True,Q10204
Q10205,1,Q1,Q1,보건의료업,Q102,Q102,의원,Q10205,안과 의원,small,소분류확정,247,유지,최신코드 직접확인,추가,True,Q10205
Q10206,1,Q1,Q1,보건의료업,Q102,Q102,의원,Q10206,이비인후과 의원,small,소분류확정,247,유지,최신코드 직접확인,추가,True,Q10206
Q10207,1,Q1,Q1,보건의료업,Q102,Q102,의원,Q10207,산부인과 의원,small,소분류확정,247,유지,최신코드 직접확인,추가,True,Q10207
Q10208,1,Q1,Q1,보건의료업,Q102,Q102,의원,Q10208,성형외과 의원,small,소분류확정,247,유지,최신코드 직접확인,추가,True,Q10208
Q10209,1,Q1,Q1,보건의료업,Q102,Q102,의원,Q10209,기타 의원,small,소분류확정,247,유지,최신코드 직접확인,추가,True,Q10209
Q10210,1,Q1,Q1,보건의료업,Q102,Q102,의원,Q10210,치과의원,small,소분류확정,247,유지,최신코드 직접확인,추가,True,Q10210
Q10211,1,Q1,Q1,보건의료업,Q102,Q102,의원,Q10211,한의원,small,소분류확정,247,유지,최신코드 직접확인,추가,True,Q10211
Q10212,1,Q1,Q1,보건의료업,Q102,Q102,의원,Q10212,방사선 진단/병리 검사 의원,small,소분류확정,247,유지,최신코드 직접확인,추가,True,Q10212
Q10402,1,Q1,Q1,보건의료업,Q104,Q104,기타 보건업,Q10402,유사 의료업,small,소분류확정,247,유지,최신코드 직접확인,추가,True,Q10402
I20101,1,I2,I2,음식점업,I201,I201,한식 음식점업,I20101,백반/한정식,small,소분류확정,837,통합,837→247 연계,통합,False,Q10A01
I20101,1,I2,I2,음식점업,I201,I201,한식 음식점업,I20101,백반/한정식,small,소분류확정,837,통합,837→247 연계,통합,False,Q10A02
I20101,1,I2,I2,음식점업,I201,I201,한식 음식점업,I20101,백반/한정식,small,소분류확정,837,통합,837→247 연계,통합,False,Q10A03
I20101,1,I2,I2,음식점업,I201,I201,한식 음식점업,I20101,백반/한정식,small,소분류확정,837,통합,837→247 연계,통합,False,Q10A04
I20101,1,I2,I2,음식점업,I201,I201,한식 음식점업,I20101,백반/한정식,small,소분류확정,837,통합,837→247 연계,통합,False,Q10A05
I20601,1,I2,I2,음식점업,I206,I206,기타 외국식 음식점업,I20601,분류 안된 외국식 음식점,small,소분류확정,837,통합,837→247 연계,통합,False,Q10A06
I20101,1,I2,I2,음식점업,I201,I201,한식 음식점업,I20101,백반/한정식,small,소분류확정,837,통합,837→247 연계,통합,False,Q10A07
I20501|I20599,2,I2,I2,음식점업,I205,I205,동남아시아 음식점업,,,middle,중분류확정,837,분리,837→247 연계,유지|통합,False,Q10A08
I20102,1,I2,I2,음식점업,I201,I201,한식 음식점업,I20102,국/탕/찌개류,small,소분류확정,837,통합,837→247 연계,통합,False,Q10A09
I21201,1,I2,I2,음식점업,I212,I212,비알코올 음료점업,I21201,카페,small,소분류확정,837,통합,837→247 연계,통합,False,Q12A01
I21201,1,I2,I2,음식점업,I212,I212,비알코올 음료점업,I21201,카페,small,소분류확정,837,통합,837→247 연계,통합,False,Q12A03
I21201,1,I2,I2,음식점업,I212,I212,비알코올 음료점업,I21201,카페,small,소분류확정,837,통합,837→247 연계,통합,False,Q12A04
I21201,1,I2,I2,음식점업,I212,I212,비알코올 음료점업,I21201,카페,small,소분류확정,837,통합,837→247 연계,통합,False,Q12A05
I21201,1,I2,I2,음식점업,I212,I212,비알코올 음료점업,I21201,카페,small,소분류확정,837,통합,837→247 연계,통합,False,Q12A06
I21201,1,I2,I2,음식점업,I212,I212,비알코올 음료점업,I21201,카페,small,소분류확정,837,통합,837→247 연계,통합,False,Q12A07
I20101,1,I2,I2,음식점업,I201,I201,한식 음식점업,I20101,백반/한정식,small,소분류확정,837,통합,837→247 연계,통합,False,Q13A01
,0,,,,,,,,,none,제외확정,837,제외,837→247 연계,제외,False,Q13A02
,0,,,,,,,,,none,제외확정,837,제외,837→247 연계,제외,False,Q13A03
I20701,1,I2,I2,음식점업,I207,I207,구내식당 및 뷔페,I20701,구내식당,small,소분류확정,837,유지,837→247 연계,유지,False,Q14A01
I21099,1,I2,I2,음식점업,I210,I210,기타 간이 음식점업,I21099,그 외 기타 간이 음식점,small,소분류확정,837,통합,837→247 연계,통합,False,Q14A02
I21099,1,I2,I2,음식점업,I210,I210,기타 간이 음식점업,I21099,그 외 기타 간이 음식점,small,소분류확정,837,통합,837→247 연계,통합,False,Q14A03
I20702,1,I2,I2,음식점업,I207,I207,구내식당 및 뷔페,I20702,뷔페,small,소분류확정,837,통합,837→247 연계,통합,False,Q15A01
I20702,1,I2,I2,음식점업,I207,I207,구내식당 및 뷔페,I20702,뷔페,small,소분류확정,837,통합,837→247 연계,통합,False,Q15A02
I20702,1,I2,I2,음식점업,I207,I207,구내식당 및 뷔페,I20702,뷔페,small,소분류확정,837,통합,837→247 연계,통합,False,Q15A03
I20702,1,I2,I2,음식점업,I207,I207,구내식당 및 뷔페,I20702,뷔페,small,소분류확정,837,통합,837→247 연계,통합,False,Q15A04
I20702,1,I2,I2,음식점업,I207,I207,구내식당 및 뷔페,I20702,뷔페,small,소분류확정,837,통합,837→247 연계,통합,False,Q15A05
P10501,1,P1,P1,교육 서비스업,P105,P105,일반 교육기관,P10501,입시·교과학원,small,소분류확정,837,통합,837→247 연계,통합,False,R01A01
P10501,1,P1,P1,교육 서비스업,P105,P105,일반 교육기관,P10501,입시·교과학원,small,소분류확정,837,통합,837→247 연계,통합,False,R01A02
P10501,1,P1,P1,교육 서비스업,P105,P105,일반 교육기관,P10501,입시·교과학원,small,소분류확정,837,통합,837→247 연계,통합,False,R01A03
P10625,1,P1,P1,교육 서비스업,P106,P106,기타 교육기관,P10625,기타 기술/직업 훈련학원,small,소분류확정,837,통합,837→247 연계,통합,False,R02A01
P10625,1,P1,P1,교육 서비스업,P106,P106,기타 교육기관,P10625,기타 기술/직업 훈련학원,small,소분류확정,837,통합,837→247 연계,통합,False,R02A02
P10625,1,P1,P1,교육 서비스업,P106,P106,기타 교육기관,P10625,기타 기술/직업 훈련학원,small,소분류확정,837,통합,837→247 연계,통합,False,R02A03
P10625,1,P1,P1,교육 서비스업,P106,P106,기타 교육기관,P10625,기타 기술/직업 훈련학원,small,소분류확정,837,통합,837→247 연계,통합,False,R02A04
P10625,1,P1,P1,교육 서비스업,P106,P106,기타 교육기관,P10625,기타 기술/직업 훈련학원,small,소분류확정,837,통합,837→247 연계,통합,False,R02A05
P10625,1,P1,P1,교육 서비스업,P106,P106,기타 교육기관,P10625,기타 기술/직업 훈련학원,small,소분류확정,837,통합,837→247 연계,통합,False,R02A06
P10625,1,P1,P1,교육 서비스업,P106,P106,기타 교육기관,P10625,기타 기술/직업 훈련학원,small,소분류확정,837,통합,837→247 연계,통합,False,R02A07
P10625,1,P1,P1,교육 서비스업,P106,P106,기타 교육기관,P10625,기타 기술/직업 훈련학원,small,소분류확정,837,통합,837→247 연계,통합,False,R02A08
P10625,1,P1,P1,교육 서비스업,P106,P106,기타 교육기관,P10625,기타 기술/직업 훈련학원,small,소분류확정,837,통합,837→247 연계,통합,False,R02A09
P10625,1,P1,P1,교육 서비스업,P106,P106,기타 교육기관,P10625,기타 기술/직업 훈련학원,small,소분류확정,837,통합,837→247 연계,통합,False,R02A10
P10625,1,P1,P1,교육 서비스업,P106,P106,기타 교육기관,P10625,기타 기술/직업 훈련학원,small,소분류확정,837,통합,837→247 연계,통합,False,R02A11
P10625,1,P1,P1,교육 서비스업,P106,P106,기타 교육기관,P10625,기타 기술/직업 훈련학원,small,소분류확정,837,통합,837→247 연계,통합,False,R02A12
P10625,1,P1,P1,교육 서비스업,P106,P106,기타 교육기관,P10625,기타 기술/직업 훈련학원,small,소분류확정,837,통합,837→247 연계,통합,False,R02A13
P10625,1,P1,P1,교육 서비스업,P106,P106,기타 교육기관,P10625,기타 기술/직업 훈련학원,small,소분류확정,837,통합,837→247 연계,통합,False,R02A14
P10625,1,P1,P1,교육 서비스업,P106,P106,기타 교육기관,P10625,기타 기술/직업 훈련학원,small,소분류확정,837,통합,837→247 연계,통합,False,R02A15
P10625,1,P1,P1,교육 서비스업,P106,P106,기타 교육기관,P10625,기타 기술/직업 훈련학원,small,소분류확정,837,통합,837→247 연계,통합,False,R02A16
P10625,1,P1,P1,교육 서비스업,P106,P106,기타 교육기관,P10625,기타 기술/직업 훈련학원,small,소분류확정,837,통합,837→247 연계,통합,False,R02A17
P10625,1,P1,P1,교육 서비스업,P106,P106,기타 교육기관,P10625,기타 기술/직업 훈련학원,small,소분류확정,837,통합,837→247 연계,통합,False,R02A18
P10625,1,P1,P1,교육 서비스업,P106,P106,기타 교육기관,P10625,기타 기술/직업 훈련학원,small,소분류확정,837,통합,837→247 연계,통합,False,R02A19
P10625,1,P1,P1,교육 서비스업,P106,P106,기타 교육기관,P10625,기타 기술/직업 훈련학원,small,소분류확정,837,통합,837→247 연계,통합,False,R02A20
P10625,1,P1,P1,교육 서비스업,P106,P106,기타 교육기관,P10625,기타 기술/직업 훈련학원,small,소분류확정,837,통합,837→247 연계,통합,False,R02A21
P10625,1,P1,P1,교육 서비스업,P106,P106,기타 교육기관,P10625,기타 기술/직업 훈련학원,small,소분류확정,837,통합,837→247 연계,통합,False,R02A22
P10625,1,P1,P1,교육 서비스업,P106,P106,기타 교육기관,P10625,기타 기술/직업 훈련학원,small,소분류확정,837,통합,837→247 연계,통합,False,R02A23
P10625,1,P1,P1,교육 서비스업,P106,P106,기타 교육기관,P10625,기타 기술/직업 훈련학원,small,소분류확정,837,통합,837→247 연계,통합,False,R02A24
P10625,1,P1,P1,교육 서비스업,P106,P106,기타 교육기관,P10625,기타 기술/직업 훈련학원,small,소분류확정,837,통합,837→247 연계,통합,False,R02A25
P10625,1,P1,P1,교육 서비스업,P106,P106,기타 교육기관,P10625,기타 기술/직업 훈련학원,small,소분류확정,837,통합,837→247 연계,통합,False,R02A26
P10625,1,P1,P1,교육 서비스업,P106,P106,기타 교육기관,P10625,기타 기술/직업 훈련학원,small,소분류확정,837,통합,837→247 연계,통합,False,R02A27
P10625,1,P1,P1,교육 서비스업,P106,P106,기타 교육기관,P10625,기타 기술/직업 훈련학원,small,소분류확정,837,통합,837→247 연계,통합,False,R02A28
P10625,1,P1,P1,교육 서비스업,P106,P106,기타 교육기관,P10625,기타 기술/직업 훈련학원,small,소분류확정,837,통합,837→247 연계,통합,False,R02A29
P10625,1,P1,P1,교육 서비스업,P106,P106,기타 교육기관,P10625,기타 기술/직업 훈련학원,small,소분류확정,837,통합,837→247 연계,통합,False,R02A30
P10625,1,P1,P1,교육 서비스업,P106,P106,기타 교육기관,P10625,기타 기술/직업 훈련학원,small,소분류확정,837,통합,837→247 연계,통합,False,R02A31
P10625,1,P1,P1,교육 서비스업,P106,P106,기타 교육기관,P10625,기타 기술/직업 훈련학원,small,소분류확정,837,통합,837→247 연계,통합,False,R02A32
P10625,1,P1,P1,교육 서비스업,P106,P106,기타 교육기관,P10625,기타 기술/직업 훈련학원,small,소분류확정,837,통합,837→247 연계,통합,False,R02A33
P10625,1,P1,P1,교육 서비스업,P106,P106,기타 교육기관,P10625,기타 기술/직업 훈련학원,small,소분류확정,837,통합,837→247 연계,통합,False,R02A34
P10625,1,P1,P1,교육 서비스업,P106,P106,기타 교육기관,P10625,기타 기술/직업 훈련학원,small,소분류확정,837,통합,837→247 연계,통합,False,R02A35
P10625,1,P1,P1,교육 서비스업,P106,P106,기타 교육기관,P10625,기타 기술/직업 훈련학원,small,소분류확정,837,통합,837→247 연계,통합,False,R02A36
P10625,1,P1,P1,교육 서비스업,P106,P106,기타 교육기관,P10625,기타 기술/직업 훈련학원,small,소분류확정,837,통합,837→247 연계,통합,False,R02A37
P10625,1,P1,P1,교육 서비스업,P106,P106,기타 교육기관,P10625,기타 기술/직업 훈련학원,small,소분류확정,837,통합,837→247 연계,통합,False,R03A01
P10625,1,P1,P1,교육 서비스업,P106,P106,기타 교육기관,P10625,기타 기술/직업 훈련학원,small,소분류확정,837,통합,837→247 연계,통합,False,R03A02
P10617,1,P1,P1,교육 서비스업,P106,P106,기타 교육기관,P10617,전문자격/고시학원,small,소분류확정,837,통합,837→247 연계,통합,False,R03A03
P10625,1,P1,P1,교육 서비스업,P106,P106,기타 교육기관,P10625,기타 기술/직업 훈련학원,small,소분류확정,837,통합,837→247 연계,통합,False,R03A04
P10617,1,P1,P1,교육 서비스업,P106,P106,기타 교육기관,P10617,전문자격/고시학원,small,소분류확정,837,통합,837→247 연계,통합,False,R03A05
P10617,1,P1,P1,교육 서비스업,P106,P106,기타 교육기관,P10617,전문자격/고시학원,small,소분류확정,837,통합,837→247 연계,통합,False,R03A06
P10625,1,P1,P1,교육 서비스업,P106,P106,기타 교육기관,P10625,기타 기술/직업 훈련학원,small,소분류확정,837,통합,837→247 연계,통합,False,R03A07
P10625,1,P1,P1,교육 서비스업,P106,P106,기타 교육기관,P10625,기타 기술/직업 훈련학원,small,소분류확정,837,통합,837→247 연계,통합,False,R03A08
P10625,1,P1,P1,교육 서비스업,P106,P106,기타 교육기관,P10625,기타 기술/직업 훈련학원,small,소분류확정,837,통합,837→247 연계,통합,False,R03A09
P10625,1,P1,P1,교육 서비스업,P106,P106,기타 교육기관,P10625,기타 기술/직업 훈련학원,small,소분류확정,837,통합,837→247 연계,통합,False,R03A10
P10625,1,P1,P1,교육 서비스업,P106,P106,기타 교육기관,P10625,기타 기술/직업 훈련학원,small,소분류확정,837,통합,837→247 연계,통합,False,R03A11
P10625,1,P1,P1,교육 서비스업,P106,P106,기타 교육기관,P10625,기타 기술/직업 훈련학원,small,소분류확정,837,통합,837→247 연계,통합,False,R03A12
P10623,1,P1,P1,교육 서비스업,P106,P106,기타 교육기관,P10623,운전학원,small,소분류확정,837,통합,837→247 연계,통합,False,R03A13
P10625,1,P1,P1,교육 서비스업,P106,P106,기타 교육기관,P10625,기타 기술/직업 훈련학원,small,소분류확정,837,통합,837→247 연계,통합,False,R03A14
P10625,1,P1,P1,교육 서비스업,P106,P106,기타 교육기관,P10625,기타 기술/직업 훈련학원,small,소분류확정,837,통합,837→247 연계,통합,False,R03A15
P10625,1,P1,P1,교육 서비스업,P106,P106,기타 교육기관,P10625,기타 기술/직업 훈련학원,small,소분류확정,837,통합,837→247 연계,통합,False,R03A16
P10625,1,P1,P1,교육 서비스업,P106,P106,기타 교육기관,P10625,기타 기술/직업 훈련학원,small,소분류확정,837,통합,837→247 연계,통합,False,R03A17
P10625,1,P1,P1,교육 서비스업,P106,P106,기타 교육기관,P10625,기타 기술/직업 훈련학원,small,소분류확정,837,통합,837→247 연계,통합,False,R03A18
P10625,1,P1,P1,교육 서비스업,P106,P106,기타 교육기관,P10625,기타 기술/직업 훈련학원,small,소분류확정,837,통합,837→247 연계,통합,False,R03A19
P10625,1,P1,P1,교육 서비스업,P106,P106,기타 교육기관,P10625,기타 기술/직업 훈련학원,small,소분류확정,837,통합,837→247 연계,통합,False,R03A20
P10625,1,P1,P1,교육 서비스업,P106,P106,기타 교육기관,P10625,기타 기술/직업 훈련학원,small,소분류확정,837,통합,837→247 연계,통합,False,R03A21
P10625,1,P1,P1,교육 서비스업,P106,P106,기타 교육기관,P10625,기타 기술/직업 훈련학원,small,소분류확정,837,통합,837→247 연계,통합,False,R03A22
P10625,1,P1,P1,교육 서비스업,P106,P106,기타 교육기관,P10625,기타 기술/직업 훈련학원,small,소분류확정,837,통합,837→247 연계,통합,False,R03A23
P10625,1,P1,P1,교육 서비스업,P106,P106,기타 교육기관,P10625,기타 기술/직업 훈련학원,small,소분류확정,837,통합,837→247 연계,통합,False,R03A24
P10625,1,P1,P1,교육 서비스업,P106,P106,기타 교육기관,P10625,기타 기술/직업 훈련학원,small,소분류확정,837,통합,837→247 연계,통합,False,R03A25
P10625,1,P1,P1,교육 서비스업,P106,P106,기타 교육기관,P10625,기타 기술/직업 훈련학원,small,소분류확정,837,통합,837→247 연계,통합,False,R03A26
P10625,1,P1,P1,교육 서비스업,P106,P106,기타 교육기관,P10625,기타 기술/직업 훈련학원,small,소분류확정,837,통합,837→247 연계,통합,False,R03A27
P10615,1,P1,P1,교육 서비스업,P106,P106,기타 교육기관,P10615,외국어학원,small,소분류확정,837,통합,837→247 연계,통합,False,R04A01
P10615,1,P1,P1,교육 서비스업,P106,P106,기타 교육기관,P10615,외국어학원,small,소분류확정,837,통합,837→247 연계,통합,False,R04A02
P10611,1,P1,P1,교육 서비스업,P106,P106,기타 교육기관,P10611,미술학원,small,소분류확정,837,유지,837→247 연계,유지,False,R05A01
P10609,1,P1,P1,교육 서비스업,P106,P106,기타 교육기관,P10609,음악학원,small,소분류확정,837,통합,837→247 연계,통합,False,R05A02
P10613,1,P1,P1,교육 서비스업,P106,P106,기타 교육기관,P10613,기타 예술/스포츠 교육기관,small,소분류확정,837,통합,837→247 연계,통합,False,R05A05
P10609,1,P1,P1,교육 서비스업,P106,P106,기타 교육기관,P10609,음악학원,small,소분류확정,837,통합,837→247 연계,통합,False,R05A06
P10627,1,P1,P1,교육 서비스업,P106,P106,기타 교육기관,P10627,컴퓨터 학원,small,소분류확정,837,유지,837→247 연계,유지,False,R06A01
P10609,1,P1,P1,교육 서비스업,P106,P106,기타 교육기관,P10609,음악학원,small,소분류확정,837,통합,837→247 연계,통합,False,R07A01
P10625,1,P1,P1,교육 서비스업,P106,P106,기타 교육기관,P10625,기타 기술/직업 훈련학원,small,소분류확정,837,통합,837→247 연계,통합,False,R07A02
P10613,1,P1,P1,교육 서비스업,P106,P106,기타 교육기관,P10613,기타 예술/스포츠 교육기관,small,소분류확정,837,통합,837→247 연계,통합,False,R07A03
P10613,1,P1,P1,교육 서비스업,P106,P106,기타 교육기관,P10613,기타 예술/스포츠 교육기관,small,소분류확정,837,통합,837→247 연계,통합,False,R07A04
P10625,1,P1,P1,교육 서비스업,P106,P106,기타 교육기관,P10625,기타 기술/직업 훈련학원,small,소분류확정,837,통합,837→247 연계,통합,False,R07A05
P10625,1,P1,P1,교육 서비스업,P106,P106,기타 교육기관,P10625,기타 기술/직업 훈련학원,small,소분류확정,837,통합,837→247 연계,통합,False,R07A06
P10613,1,P1,P1,교육 서비스업,P106,P106,기타 교육기관,P10613,기타 예술/스포츠 교육기관,small,소분류확정,837,통합,837→247 연계,통합,False,R07A07
P10625,1,P1,P1,교육 서비스업,P106,P106,기타 교육기관,P10625,기타 기술/직업 훈련학원,small,소분류확정,837,통합,837→247 연계,통합,False,R07A08
P10625,1,P1,P1,교육 서비스업,P106,P106,기타 교육기관,P10625,기타 기술/직업 훈련학원,small,소분류확정,837,통합,837→247 연계,통합,False,R07A09
P10613,1,P1,P1,교육 서비스업,P106,P106,기타 교육기관,P10613,기타 예술/스포츠 교육기관,small,소분류확정,837,통합,837→247 연계,통합,False,R07A10
P10613,1,P1,P1,교육 서비스업,P106,P106,기타 교육기관,P10613,기타 예술/스포츠 교육기관,small,소분류확정,837,통합,837→247 연계,통합,False,R07A11
P10613,1,P1,P1,교육 서비스업,P106,P106,기타 교육기관,P10613,기타 예술/스포츠 교육기관,small,소분류확정,837,통합,837→247 연계,통합,False,R07A12
P10613,1,P1,P1,교육 서비스업,P106,P106,기타 교육기관,P10613,기타 예술/스포츠 교육기관,small,소분류확정,837,통합,837→247 연계,통합,False,R07A13
P10613,1,P1,P1,교육 서비스업,P106,P106,기타 교육기관,P10613,기타 예술/스포츠 교육기관,small,소분류확정,837,통합,837→247 연계,통합,False,R07A14
P10613,1,P1,P1,교육 서비스업,P106,P106,기타 교육기관,P10613,기타 예술/스포츠 교육기관,small,소분류확정,837,통합,837→247 연계,통합,False,R07A15
P10613,1,P1,P1,교육 서비스업,P106,P106,기타 교육기관,P10613,기타 예술/스포츠 교육기관,small,소분류확정,837,통합,837→247 연계,통합,False,R07A16
P10613,1,P1,P1,교육 서비스업,P106,P106,기타 교육기관,P10613,기타 예술/스포츠 교육기관,small,소분류확정,837,통합,837→247 연계,통합,False,R07A17
P10613,1,P1,P1,교육 서비스업,P106,P106,기타 교육기관,P10613,기타 예술/스포츠 교육기관,small,소분류확정,837,통합,837→247 연계,통합,False,R07A18
P10613,1,P1,P1,교육 서비스업,P106,P106,기타 교육기관,P10613,기타 예술/스포츠 교육기관,small,소분류확정,837,통합,837→247 연계,통합,False,R07A19
P10601,1,P1,P1,교육 서비스업,P106,P106,기타 교육기관,P10601,태권도/무술학원,small,소분류확정,837,통합,837→247 연계,통합,False,R07A20
P10601,1,P1,P1,교육 서비스업,P106,P106,기타 교육기관,P10601,태권도/무술학원,small,소분류확정,837,통합,837→247 연계,통합,False,R07A21
P10601,1,P1,P1,교육 서비스업,P106,P106,기타 교육기관,P10601,태권도/무술학원,small,소분류확정,837,통합,837→247 연계,통합,False,R07A22
P10601,1,P1,P1,교육 서비스업,P106,P106,기타 교육기관,P10601,태권도/무술학원,small,소분류확정,837,통합,837→247 연계,통합,False,R07A23
P10605,1,P1,P1,교육 서비스업,P106,P106,기타 교육기관,P10605,레크리에이션 교육기관,small,소분류확정,837,유지,837→247 연계,유지,False,R07A24
,0,,,,,,,,,none,제외확정,837,제외,837→247 연계,제외,False,R08A01
,0,,,,,,,,,none,제외확정,837,제외,837→247 연계,제외,False,R08A02
,0,,,,,,,,,none,제외확정,837,제외,837→247 연계,제외,False,R08A03
,0,,,,,,,,,none,제외확정,837,제외,837→247 연계,제외,False,R08A04
,0,,,,,,,,,none,제외확정,837,제외,837→247 연계,제외,False,R08A05
,0,,,,,,,,,none,제외확정,837,제외,837→247 연계,제외,False,R08A06
,0,,,,,,,,,none,제외확정,837,제외,837→247 연계,제외,False,R08A07
P10625,1,P1,P1,교육 서비스업,P106,P106,기타 교육기관,P10625,기타 기술/직업 훈련학원,small,소분류확정,837,통합,837→247 연계,통합,False,R09A01
P10625,1,P1,P1,교육 서비스업,P106,P106,기타 교육기관,P10625,기타 기술/직업 훈련학원,small,소분류확정,837,통합,837→247 연계,통합,False,R09A02
P10623,1,P1,P1,교육 서비스업,P106,P106,기타 교육기관,P10623,운전학원,small,소분류확정,837,통합,837→247 연계,통합,False,R09A03
P10623,1,P1,P1,교육 서비스업,P106,P106,기타 교육기관,P10623,운전학원,small,소분류확정,837,통합,837→247 연계,통합,False,R09A04
P10625,1,P1,P1,교육 서비스업,P106,P106,기타 교육기관,P10625,기타 기술/직업 훈련학원,small,소분류확정,837,통합,837→247 연계,통합,False,R09A05
P10625,1,P1,P1,교육 서비스업,P106,P106,기타 교육기관,P10625,기타 기술/직업 훈련학원,small,소분류확정,837,통합,837→247 연계,통합,False,R09A06
P10625,1,P1,P1,교육 서비스업,P106,P106,기타 교육기관,P10625,기타 기술/직업 훈련학원,small,소분류확정,837,통합,837→247 연계,통합,False,R09A07
P10625,1,P1,P1,교육 서비스업,P106,P106,기타 교육기관,P10625,기타 기술/직업 훈련학원,small,소분류확정,837,통합,837→247 연계,통합,False,R09A08
P10625,1,P1,P1,교육 서비스업,P106,P106,기타 교육기관,P10625,기타 기술/직업 훈련학원,small,소분류확정,837,통합,837→247 연계,통합,False,R09A09
P10625,1,P1,P1,교육 서비스업,P106,P106,기타 교육기관,P10625,기타 기술/직업 훈련학원,small,소분류확정,837,통합,837→247 연계,통합,False,R09A10
P10625,1,P1,P1,교육 서비스업,P106,P106,기타 교육기관,P10625,기타 기술/직업 훈련학원,small,소분류확정,837,통합,837→247 연계,통합,False,R09A11
R10202,1,R1,R1,"예술, 스포츠 및 여가관련 서비스업",R102,R102,"도서관, 사적지 및 유사 여가관련 서비스업",R10202,독서실/스터디 카페,small,소분류확정,247,유지,최신코드 직접확인,유지,False,R10202
R10306,1,R1,R1,"예술, 스포츠 및 여가관련 서비스업",R103,R103,스포츠 서비스업,R10306,종합 스포츠시설,small,소분류확정,247,유지,최신코드 직접확인,유지,False,R10306
R10307,1,R1,R1,"예술, 스포츠 및 여가관련 서비스업",R103,R103,스포츠 서비스업,R10307,헬스장,small,소분류확정,247,유지,최신코드 직접확인,유지,False,R10307
R10308,1,R1,R1,"예술, 스포츠 및 여가관련 서비스업",R103,R103,스포츠 서비스업,R10308,수영장,small,소분류확정,247,유지,최신코드 직접확인,통합,False,R10308
R10309,1,R1,R1,"예술, 스포츠 및 여가관련 서비스업",R103,R103,스포츠 서비스업,R10309,볼링장,small,소분류확정,247,유지,최신코드 직접확인,유지,False,R10309
R10310,1,R1,R1,"예술, 스포츠 및 여가관련 서비스업",R103,R103,스포츠 서비스업,R10310,당구장,small,소분류확정,247,유지,최신코드 직접확인,통합,False,R10310
R10311,1,R1,R1,"예술, 스포츠 및 여가관련 서비스업",R103,R103,스포츠 서비스업,R10311,골프 연습장,small,소분류확정,247,유지,최신코드 직접확인,통합,False,R10311
R10312,1,R1,R1,"예술, 스포츠 및 여가관련 서비스업",R103,R103,스포츠 서비스업,R10312,테니스장,small,소분류확정,247,유지,최신코드 직접확인,통합,False,R10312
R10313,1,R1,R1,"예술, 스포츠 및 여가관련 서비스업",R103,R103,스포츠 서비스업,R10313,탁구장,small,소분류확정,247,유지,최신코드 직접확인,유지,False,R10313
R10314,1,R1,R1,"예술, 스포츠 및 여가관련 서비스업",R103,R103,스포츠 서비스업,R10314,기타 스포츠시설 운영업,small,소분류확정,247,유지,최신코드 직접확인,통합,False,R10314
R10316,1,R1,R1,"예술, 스포츠 및 여가관련 서비스업",R103,R103,스포츠 서비스업,R10316,스쿼시/라켓볼장,small,소분류확정,247,유지,최신코드 직접확인,유지,False,R10316
R10402,1,R1,R1,"예술, 스포츠 및 여가관련 서비스업",R104,R104,유원지 및 기타 오락관련 서비스업,R10402,비디오방,small,소분류확정,247,유지,최신코드 직접확인,유지,False,R10402
R10404,1,R1,R1,"예술, 스포츠 및 여가관련 서비스업",R104,R104,유원지 및 기타 오락관련 서비스업,R10404,전자 게임장,small,소분류확정,247,유지,최신코드 직접확인,유지,False,R10404
R10405,1,R1,R1,"예술, 스포츠 및 여가관련 서비스업",R104,R104,유원지 및 기타 오락관련 서비스업,R10405,기타 오락장,small,소분류확정,247,유지,최신코드 직접확인,통합,False,R10405
R10406,1,R1,R1,"예술, 스포츠 및 여가관련 서비스업",R104,R104,유원지 및 기타 오락관련 서비스업,R10406,PC방,small,소분류확정,247,유지,최신코드 직접확인,통합,False,R10406
R10407,1,R1,R1,"예술, 스포츠 및 여가관련 서비스업",R104,R104,유원지 및 기타 오락관련 서비스업,R10407,노래방,small,소분류확정,247,유지,최신코드 직접확인,유지,False,R10407
R10408,1,R1,R1,"예술, 스포츠 및 여가관련 서비스업",R104,R104,유원지 및 기타 오락관련 서비스업,R10408,낚시터 운영업,small,소분류확정,247,유지,최신코드 직접확인,통합,False,R10408
R10409,1,R1,R1,"예술, 스포츠 및 여가관련 서비스업",R104,R104,유원지 및 기타 오락관련 서비스업,R10409,수상/해양 레저업,small,소분류확정,247,유지,최신코드 직접확인,통합,False,R10409
R10410,1,R1,R1,"예술, 스포츠 및 여가관련 서비스업",R104,R104,유원지 및 기타 오락관련 서비스업,R10410,복권 발행/판매업,small,소분류확정,247,유지,최신코드 직접확인,유지,False,R10410
R10414,1,R1,R1,"예술, 스포츠 및 여가관련 서비스업",R104,R104,유원지 및 기타 오락관련 서비스업,R10414,바둑/장기/체스 경기 운영업,small,소분류확정,247,유지,최신코드 직접확인,유지,False,R10414
R10499,1,R1,R1,"예술, 스포츠 및 여가관련 서비스업",R104,R104,유원지 및 기타 오락관련 서비스업,R10499,기타 오락관련 서비스업,small,소분류확정,247,유지,최신코드 직접확인,통합,False,R10499
R10202,1,R1,R1,"예술, 스포츠 및 여가관련 서비스업",R102,R102,"도서관, 사적지 및 유사 여가관련 서비스업",R10202,독서실/스터디 카페,small,소분류확정,837,유지,837→247 연계,유지,False,R10A01
I10201,1,I1,I1,숙박업,I102,I102,기타 숙박업,I10201,기숙사/고시원,small,소분류확정,837,유지,837→247 연계,유지,False,R10A02
,0,,,,,,,,,none,제외확정,837,제외,837→247 연계,제외,False,R10A03
,0,,,,,,,,,none,제외확정,837,제외,837→247 연계,제외,False,R10B04
,0,,,,,,,,,none,제외확정,837,제외,837→247 연계,제외,False,R10B05
,0,,,,,,,,,none,제외확정,837,제외,837→247 연계,제외,False,R10B06
,0,,,,,,,,,none,제외확정,837,제외,837→247 연계,제외,False,R10B07
,0,,,,,,,,,none,제외확정,837,제외,837→247 연계,제외,False,R10B10
,0,,,,,,,,,none,제외확정,837,제외,837→247 연계,제외,False,R11B01
,0,,,,,,,,,none,제외확정,837,제외,837→247 연계,제외,False,R11B02
,0,,,,,,,,,none,제외확정,837,제외,837→247 연계,제외,False,R11B03
,0,,,,,,,,,none,제외확정,837,제외,837→247 연계,제외,False,R11B04
,0,,,,,,,,,none,제외확정,837,제외,837→247 연계,제외,False,R11B05
,0,,,,,,,,,none,제외확정,837,제외,837→247 연계,제외,False,R11B06
P10625,1,P1,P1,교육 서비스업,P106,P106,기타 교육기관,P10625,기타 기술/직업 훈련학원,small,소분류확정,837,통합,837→247 연계,통합,False,R11B07
P10625,1,P1,P1,교육 서비스업,P106,P106,기타 교육기관,P10625,기타 기술/직업 훈련학원,small,소분류확정,837,통합,837→247 연계,통합,False,R11B08
P10625,1,P1,P1,교육 서비스업,P106,P106,기타 교육기관,P10625,기타 기술/직업 훈련학원,small,소분류확정,837,통합,837→247 연계,통합,False,R11B09
,0,,,,,,,,,none,제외확정,837,제외,837→247 연계,제외,False,R11B10
P10625,1,P1,P1,교육 서비스업,P106,P106,기타 교육기관,P10625,기타 기술/직업 훈련학원,small,소분류확정,837,통합,837→247 연계,통합,False,R11B11
P10625,1,P1,P1,교육 서비스업,P106,P106,기타 교육기관,P10625,기타 기술/직업 훈련학원,small,소분류확정,837,통합,837→247 연계,통합,False,R11B12
,0,,,,,,,,,none,제외확정,837,제외,837→247 연계,제외,False,R12B01
,0,,,,,,,,,none,제외확정,837,제외,837→247 연계,제외,False,R12B02
,0,,,,,,,,,none,제외확정,837,제외,837→247 연계,제외,False,R12B03
,0,,,,,,,,,none,제외확정,837,제외,837→247 연계,제외,False,R13A01
P10799,1,P1,P1,교육 서비스업,P107,P107,교육 지원 서비스업,P10799,기타 교육지원 서비스업,small,소분류확정,837,통합,837→247 연계,통합,False,R13A02
P10799,1,P1,P1,교육 서비스업,P107,P107,교육 지원 서비스업,P10799,기타 교육지원 서비스업,small,소분류확정,837,통합,837→247 연계,통합,False,R13A03
,0,,,,,,,,,none,제외확정,837,제외,837→247 연계,제외,False,R14B01
,0,,,,,,,,,none,제외확정,837,제외,837→247 연계,제외,False,R14B02
,0,,,,,,,,,none,제외확정,837,제외,837→247 연계,제외,False,R14B03
,0,,,,,,,,,none,제외확정,837,제외,837→247 연계,제외,False,R14B04
,0,,,,,,,,,none,제외확정,837,제외,837→247 연계,제외,False,R14B05
,0,,,,,,,,,none,제외확정,837,제외,837→247 연계,제외,False,R14B06
,0,,,,,,,,,none,제외확정,837,제외,837→247 연계,제외,False,R14B07
,0,,,,,,,,,none,제외확정,837,제외,837→247 연계,제외,False,R14B08
,0,,,,,,,,,none,제외확정,837,제외,837→247 연계,제외,False,R14B09
,0,,,,,,,,,none,제외확정,837,제외,837→247 연계,제외,False,R14B10
,0,,,,,,,,,none,제외확정,837,제외,837→247 연계,제외,False,R14B11
,0,,,,,,,,,none,제외확정,837,제외,837→247 연계,제외,False,R14B12
,0,,,,,,,,,none,제외확정,837,제외,837→247 연계,제외,False,R14B13
,0,,,,,,,,,none,제외확정,837,제외,837→247 연계,제외,False,R14B14
,0,,,,,,,,,none,제외확정,837,제외,837→247 연계,제외,False,R14B15
,0,,,,,,,,,none,제외확정,837,제외,837→247 연계,제외,False,R14B16
P10629,1,P1,P1,교육 서비스업,P106,P106,기타 교육기관,P10629,그 외 기타 교육기관,small,소분류확정,837,통합,837→247 연계,통합,False,R20B01
P10629,1,P1,P1,교육 서비스업,P106,P106,기타 교육기관,P10629,그 외 기타 교육기관,small,소분류확정,837,통합,837→247 연계,통합,False,R20B02
P10625,1,P1,P1,교육 서비스업,P106,P106,기타 교육기관,P10625,기타 기술/직업 훈련학원,small,소분류확정,837,통합,837→247 연계,통합,False,R20B03
P10621,1,P1,P1,교육 서비스업,P106,P106,기타 교육기관,P10621,직원 훈련기관,small,소분류확정,837,통합,837→247 연계,통합,False,R20B04
P10621,1,P1,P1,교육 서비스업,P106,P106,기타 교육기관,P10621,직원 훈련기관,small,소분류확정,837,통합,837→247 연계,통합,False,R20B05
P10629,1,P1,P1,교육 서비스업,P106,P106,기타 교육기관,P10629,그 외 기타 교육기관,small,소분류확정,837,통합,837→247 연계,통합,False,R20B06
,0,,,,,,,,,none,제외확정,837,제외,837→247 연계,제외,False,R20B07
P10625,1,P1,P1,교육 서비스업,P106,P106,기타 교육기관,P10625,기타 기술/직업 훈련학원,small,소분류확정,837,유지,837→247 연계,유지,False,R20B08
P10629,1,P1,P1,교육 서비스업,P106,P106,기타 교육기관,P10629,그 외 기타 교육기관,small,소분류확정,837,통합,837→247 연계,통합,False,R20B09
P10619,1,P1,P1,교육 서비스업,P106,P106,기타 교육기관,P10619,사회교육시설,small,소분류확정,837,유지,837→247 연계,유지,False,R20B10
S20101,1,S2,S2,수리 및 개인 서비스업,S201,S201,컴퓨터 및 주변 기기 수리업,S20101,컴퓨터/노트북/프린터 수리업,small,소분류확정,247,유지,최신코드 직접확인,유지,False,S20101
S20201,1,S2,S2,수리 및 개인 서비스업,S202,S202,통신장비 수리업,S20201,핸드폰/통신장비 수리업,small,소분류확정,247,유지,최신코드 직접확인,통합,False,S20201
S20301,1,S2,S2,수리 및 개인 서비스업,S203,S203,자동차 수리 및 세차업,S20301,자동차 정비소,small,소분류확정,247,유지,최신코드 직접확인,통합,False,S20301
S20302,1,S2,S2,수리 및 개인 서비스업,S203,S203,자동차 수리 및 세차업,S20302,자동차 세차장,small,소분류확정,247,유지,최신코드 직접확인,통합,False,S20302
S20401,1,S2,S2,수리 및 개인 서비스업,S204,S204,모터사이클 수리업,S20401,모터사이클 수리업,small,소분류확정,247,유지,최신코드 직접확인,분리,False,S20401
S20501,1,S2,S2,수리 및 개인 서비스업,S205,S205,가전제품 수리업,S20501,가전제품 수리업,small,소분류확정,247,유지,최신코드 직접확인,통합,False,S20501
S20601,1,S2,S2,수리 및 개인 서비스업,S206,S206,기타 개인 및 가정용품 수리업,S20601,의류/이불 수선업,small,소분류확정,247,유지,최신코드 직접확인,유지,False,S20601
S20602,1,S2,S2,수리 및 개인 서비스업,S206,S206,기타 개인 및 가정용품 수리업,S20602,가죽/가방/신발 수선업,small,소분류확정,247,유지,최신코드 직접확인,통합,False,S20602
S20603,1,S2,S2,수리 및 개인 서비스업,S206,S206,기타 개인 및 가정용품 수리업,S20603,시계/귀금속/악기 수리업,small,소분류확정,247,유지,최신코드 직접확인,통합,False,S20603
S20699,1,S2,S2,수리 및 개인 서비스업,S206,S206,기타 개인 및 가정용품 수리업,S20699,그 외 기타 개인/가정용품 수리업,small,소분류확정,247,유지,최신코드 직접확인,통합,False,S20699
S20701,1,S2,S2,수리 및 개인 서비스업,S207,S207,이용 및 미용업,S20701,미용실,small,소분류확정,247,유지,최신코드 직접확인,통합,False,S20701
S20702,1,S2,S2,수리 및 개인 서비스업,S207,S207,이용 및 미용업,S20702,피부 관리실,small,소분류확정,247,유지,최신코드 직접확인,유지,False,S20702
S20703,1,S2,S2,수리 및 개인 서비스업,S207,S207,이용 및 미용업,S20703,네일숍,small,소분류확정,247,유지,최신코드 직접확인,유지,False,S20703
S20801,1,S2,S2,수리 및 개인 서비스업,S208,S208,"욕탕, 마사지 및 기타 신체 관리 서비스업",S20801,목욕탕/사우나,small,소분류확정,247,유지,최신코드 직접확인,통합,False,S20801
S20802,1,S2,S2,수리 및 개인 서비스업,S208,S208,"욕탕, 마사지 및 기타 신체 관리 서비스업",S20802,마사지/안마,small,소분류확정,247,유지,최신코드 직접확인,통합,False,S20802
S20803,1,S2,S2,수리 및 개인 서비스업,S208,S208,"욕탕, 마사지 및 기타 신체 관리 서비스업",S20803,체형/비만 관리,small,소분류확정,247,유지,최신코드 직접확인,통합,False,S20803
S20901,1,S2,S2,수리 및 개인 서비스업,S209,S209,세탁업,S20901,세탁소,small,소분류확정,247,유지,최신코드 직접확인,통합,False,S20901
S20902,1,S2,S2,수리 및 개인 서비스업,S209,S209,세탁업,S20902,셀프 빨래방,small,소분류확정,247,유지,최신코드 직접확인,추가,True,S20902
S21001,1,S2,S2,수리 및 개인 서비스업,S210,S210,장례식장 및 관련 서비스업,S21001,장례식장,small,소분류확정,247,유지,최신코드 직접확인,유지,False,S21001
S21002,1,S2,S2,수리 및 개인 서비스업,S210,S210,장례식장 및 관련 서비스업,S21002,화장터/묘지/납골당,small,소분류확정,247,유지,최신코드 직접확인,유지,False,S21002
S21101,1,S2,S2,수리 및 개인 서비스업,S211,S211,기타 개인서비스,S21101,예식장업,small,소분류확정,247,유지,최신코드 직접확인,통합,False,S21101
S21105,1,S2,S2,수리 및 개인 서비스업,S211,S211,기타 개인서비스,S21105,결혼 상담 서비스업,small,소분류확정,247,유지,최신코드 직접확인,유지,False,S21105
