period,dong_code,district,dong,category,store_count
2024-03-01,30110515,동구,중앙동,교육 서비스업,25
2024-03-01,30110515,동구,중앙동,보건의료업,14
2024-03-01,30110515,동구,중앙동,부동산업,27
2024-03-01,30110515,동구,중앙동,"사업시설 관리, 사업 지원 및 임대 서비스업",46
2024-03-01,30110515,동구,중앙동,소매업,908
2024-03-01,30110515,동구,중앙동,수리 및 개인 서비스업,103
2024-03-01,30110515,동구,중앙동,숙박업,65
2024-03-01,30110515,동구,중앙동,"예술, 스포츠 및 여가관련 서비스업",31
2024-03-01,30110515,동구,중앙동,음식점업,393
2024-03-01,30110515,동구,중앙동,"전문, 과학 및 기술 서비스업",179
2024-03-01,30110530,동구,효동,교육 서비스업,67
2024-03-01,30110530,동구,효동,보건의료업,13
2024-03-01,30110530,동구,효동,부동산업,36
2024-03-01,30110530,동구,효동,"사업시설 관리, 사업 지원 및 임대 서비스업",10
2024-03-01,30110530,동구,효동,소매업,289
2024-03-01,30110530,동구,효동,수리 및 개인 서비스업,138
2024-03-01,30110530,동구,효동,숙박업,1
2024-03-01,30110530,동구,효동,"예술, 스포츠 및 여가관련 서비스업",74
2024-03-01,30110530,동구,효동,음식점업,369
2024-03-01,30110530,동구,효동,"전문, 과학 및 기술 서비스업",37
2024-03-01,30110545,동구,신인동,교육 서비스업,17
2024-03-01,30110545,동구,신인동,보건의료업,2
2024-03-01,30110545,동구,신인동,부동산업,20
2024-03-01,30110545,동구,신인동,"사업시설 관리, 사업 지원 및 임대 서비스업",8
2024-03-01,30110545,동구,신인동,소매업,80
2024-03-01,30110545,동구,신인동,수리 및 개인 서비스업,60
2024-03-01,30110545,동구,신인동,숙박업,2
2024-03-01,30110545,동구,신인동,"예술, 스포츠 및 여가관련 서비스업",17
2024-03-01,30110545,동구,신인동,음식점업,112
2024-03-01,30110545,동구,신인동,"전문, 과학 및 기술 서비스업",18
2024-03-01,30110551,동구,판암1동,교육 서비스업,7
2024-03-01,30110551,동구,판암1동,보건의료업,9
2024-03-01,30110551,동구,판암1동,부동산업,15
2024-03-01,30110551,동구,판암1동,"사업시설 관리, 사업 지원 및 임대 서비스업",11
2024-03-01,30110551,동구,판암1동,소매업,77
2024-03-01,30110551,동구,판암1동,수리 및 개인 서비스업,52
2024-03-01,30110551,동구,판암1동,숙박업,0
2024-03-01,30110551,동구,판암1동,"예술, 스포츠 및 여가관련 서비스업",17
2024-03-01,30110551,동구,판암1동,음식점업,94
2024-03-01,30110551,동구,판암1동,"전문, 과학 및 기술 서비스업",12
2024-03-01,30110552,동구,판암2동,교육 서비스업,2
2024-03-01,30110552,동구,판암2동,보건의료업,1
2024-03-01,30110552,동구,판암2동,부동산업,1
2024-03-01,30110552,동구,판암2동,"사업시설 관리, 사업 지원 및 임대 서비스업",4
2024-03-01,30110552,동구,판암2동,소매업,46
2024-03-01,30110552,동구,판암2동,수리 및 개인 서비스업,16
2024-03-01,30110552,동구,판암2동,숙박업,0
2024-03-01,30110552,동구,판암2동,"예술, 스포츠 및 여가관련 서비스업",8
2024-03-01,30110552,동구,판암2동,음식점업,52
2024-03-01,30110552,동구,판암2동,"전문, 과학 및 기술 서비스업",6
2024-03-01,30110560,동구,용운동,교육 서비스업,25
2024-03-01,30110560,동구,용운동,보건의료업,5
2024-03-01,30110560,동구,용운동,부동산업,27
2024-03-01,30110560,동구,용운동,"사업시설 관리, 사업 지원 및 임대 서비스업",27
2024-03-01,30110560,동구,용운동,소매업,195
2024-03-01,30110560,동구,용운동,수리 및 개인 서비스업,135
2024-03-01,30110560,동구,용운동,숙박업,4
2024-03-01,30110560,동구,용운동,"예술, 스포츠 및 여가관련 서비스업",52
2024-03-01,30110560,동구,용운동,음식점업,306
2024-03-01,30110560,동구,용운동,"전문, 과학 및 기술 서비스업",35
2024-03-01,30110585,동구,대동,교육 서비스업,15
2024-03-01,30110585,동구,대동,보건의료업,8
2024-03-01,30110585,동구,대동,부동산업,23
2024-03-01,30110585,동구,대동,"사업시설 관리, 사업 지원 및 임대 서비스업",23
2024-03-01,30110585,동구,대동,소매업,129
2024-03-01,30110585,동구,대동,수리 및 개인 서비스업,68
2024-03-01,30110585,동구,대동,숙박업,1
2024-03-01,30110585,동구,대동,"예술, 스포츠 및 여가관련 서비스업",23
2024-03-01,30110585,동구,대동,음식점업,185
2024-03-01,30110585,동구,대동,"전문, 과학 및 기술 서비스업",25
2024-03-01,30110590,동구,자양동,교육 서비스업,20
2024-03-01,30110590,동구,자양동,보건의료업,0
2024-03-01,30110590,동구,자양동,부동산업,37
2024-03-01,30110590,동구,자양동,"사업시설 관리, 사업 지원 및 임대 서비스업",24
2024-03-01,30110590,동구,자양동,소매업,115
2024-03-01,30110590,동구,자양동,수리 및 개인 서비스업,99
2024-03-01,30110590,동구,자양동,숙박업,1
2024-03-01,30110590,동구,자양동,"예술, 스포츠 및 여가관련 서비스업",42
2024-03-01,30110590,동구,자양동,음식점업,306
2024-03-01,30110590,동구,자양동,"전문, 과학 및 기술 서비스업",31
2024-03-01,30110620,동구,가양1동,교육 서비스업,14
2024-03-01,30110620,동구,가양1동,보건의료업,0
2024-03-01,30110620,동구,가양1동,부동산업,26
2024-03-01,30110620,동구,가양1동,"사업시설 관리, 사업 지원 및 임대 서비스업",32
2024-03-01,30110620,동구,가양1동,소매업,137
2024-03-01,30110620,동구,가양1동,수리 및 개인 서비스업,96
2024-03-01,30110620,동구,가양1동,숙박업,5
2024-03-01,30110620,동구,가양1동,"예술, 스포츠 및 여가관련 서비스업",18
2024-03-01,30110620,동구,가양1동,음식점업,213
2024-03-01,30110620,동구,가양1동,"전문, 과학 및 기술 서비스업",44
2024-03-01,30110630,동구,가양2동,교육 서비스업,25
2024-03-01,30110630,동구,가양2동,보건의료업,4
2024-03-01,30110630,동구,가양2동,부동산업,29
2024-03-01,30110630,동구,가양2동,"사업시설 관리, 사업 지원 및 임대 서비스업",25
2024-03-01,30110630,동구,가양2동,소매업,224
2024-03-01,30110630,동구,가양2동,수리 및 개인 서비스업,152
2024-03-01,30110630,동구,가양2동,숙박업,5
2024-03-01,30110630,동구,가양2동,"예술, 스포츠 및 여가관련 서비스업",36
2024-03-01,30110630,동구,가양2동,음식점업,282
2024-03-01,30110630,동구,가양2동,"전문, 과학 및 기술 서비스업",44
2024-03-01,30110640,동구,용전동,교육 서비스업,19
2024-03-01,30110640,동구,용전동,보건의료업,13
2024-03-01,30110640,동구,용전동,부동산업,56
2024-03-01,30110640,동구,용전동,"사업시설 관리, 사업 지원 및 임대 서비스업",43
2024-03-01,30110640,동구,용전동,소매업,338
2024-03-01,30110640,동구,용전동,수리 및 개인 서비스업,179
2024-03-01,30110640,동구,용전동,숙박업,72
2024-03-01,30110640,동구,용전동,"예술, 스포츠 및 여가관련 서비스업",54
2024-03-01,30110640,동구,용전동,음식점업,365
2024-03-01,30110640,동구,용전동,"전문, 과학 및 기술 서비스업",80
2024-03-01,30110665,동구,성남동,교육 서비스업,14
2024-03-01,30110665,동구,성남동,보건의료업,6
2024-03-01,30110665,동구,성남동,부동산업,13
2024-03-01,30110665,동구,성남동,"사업시설 관리, 사업 지원 및 임대 서비스업",18
2024-03-01,30110665,동구,성남동,소매업,128
2024-03-01,30110665,동구,성남동,수리 및 개인 서비스업,71
2024-03-01,30110665,동구,성남동,숙박업,3
2024-03-01,30110665,동구,성남동,"예술, 스포츠 및 여가관련 서비스업",25
2024-03-01,30110665,동구,성남동,음식점업,154
2024-03-01,30110665,동구,성남동,"전문, 과학 및 기술 서비스업",25
2024-03-01,30110670,동구,홍도동,교육 서비스업,10
2024-03-01,30110670,동구,홍도동,보건의료업,3
2024-03-01,30110670,동구,홍도동,부동산업,19
2024-03-01,30110670,동구,홍도동,"사업시설 관리, 사업 지원 및 임대 서비스업",20
2024-03-01,30110670,동구,홍도동,소매업,108
2024-03-01,30110670,동구,홍도동,수리 및 개인 서비스업,58
2024-03-01,30110670,동구,홍도동,숙박업,0
2024-03-01,30110670,동구,홍도동,"예술, 스포츠 및 여가관련 서비스업",30
2024-03-01,30110670,동구,홍도동,음식점업,186
2024-03-01,30110670,동구,홍도동,"전문, 과학 및 기술 서비스업",33
2024-03-01,30110695,동구,삼성동,교육 서비스업,12
2024-03-01,30110695,동구,삼성동,보건의료업,2
2024-03-01,30110695,동구,삼성동,부동산업,15
2024-03-01,30110695,동구,삼성동,"사업시설 관리, 사업 지원 및 임대 서비스업",47
2024-03-01,30110695,동구,삼성동,소매업,174
2024-03-01,30110695,동구,삼성동,수리 및 개인 서비스업,84
2024-03-01,30110695,동구,삼성동,숙박업,2
2024-03-01,30110695,동구,삼성동,"예술, 스포츠 및 여가관련 서비스업",20
2024-03-01,30110695,동구,삼성동,음식점업,121
2024-03-01,30110695,동구,삼성동,"전문, 과학 및 기술 서비스업",217
2024-03-01,30110725,동구,대청동,교육 서비스업,5
2024-03-01,30110725,동구,대청동,보건의료업,1
2024-03-01,30110725,동구,대청동,부동산업,1
2024-03-01,30110725,동구,대청동,"사업시설 관리, 사업 지원 및 임대 서비스업",2
2024-03-01,30110725,동구,대청동,소매업,25
2024-03-01,30110725,동구,대청동,수리 및 개인 서비스업,1
2024-03-01,30110725,동구,대청동,숙박업,2
2024-03-01,30110725,동구,대청동,"예술, 스포츠 및 여가관련 서비스업",2
2024-03-01,30110725,동구,대청동,음식점업,75
2024-03-01,30110725,동구,대청동,"전문, 과학 및 기술 서비스업",3
2024-03-01,30110740,동구,산내동,교육 서비스업,20
2024-03-01,30110740,동구,산내동,보건의료업,3
2024-03-01,30110740,동구,산내동,부동산업,16
2024-03-01,30110740,동구,산내동,"사업시설 관리, 사업 지원 및 임대 서비스업",28
2024-03-01,30110740,동구,산내동,소매업,157
2024-03-01,30110740,동구,산내동,수리 및 개인 서비스업,80
2024-03-01,30110740,동구,산내동,숙박업,8
2024-03-01,30110740,동구,산내동,"예술, 스포츠 및 여가관련 서비스업",18
2024-03-01,30110740,동구,산내동,음식점업,182
2024-03-01,30110740,동구,산내동,"전문, 과학 및 기술 서비스업",36
2024-03-01,30140535,중구,은행선화동,교육 서비스업,66
2024-03-01,30140535,중구,은행선화동,보건의료업,14
2024-03-01,30140535,중구,은행선화동,부동산업,62
2024-03-01,30140535,중구,은행선화동,"사업시설 관리, 사업 지원 및 임대 서비스업",101
2024-03-01,30140535,중구,은행선화동,소매업,695
2024-03-01,30140535,중구,은행선화동,수리 및 개인 서비스업,196
2024-03-01,30140535,중구,은행선화동,숙박업,22
2024-03-01,30140535,중구,은행선화동,"예술, 스포츠 및 여가관련 서비스업",86
2024-03-01,30140535,중구,은행선화동,음식점업,524
2024-03-01,30140535,중구,은행선화동,"전문, 과학 및 기술 서비스업",198
2024-03-01,30140550,중구,목동,교육 서비스업,50
2024-03-01,30140550,중구,목동,보건의료업,5
2024-03-01,30140550,중구,목동,부동산업,12
2024-03-01,30140550,중구,목동,"사업시설 관리, 사업 지원 및 임대 서비스업",4
2024-03-01,30140550,중구,목동,소매업,75
2024-03-01,30140550,중구,목동,수리 및 개인 서비스업,52
2024-03-01,30140550,중구,목동,숙박업,0
2024-03-01,30140550,중구,목동,"예술, 스포츠 및 여가관련 서비스업",20
2024-03-01,30140550,중구,목동,음식점업,118
2024-03-01,30140550,중구,목동,"전문, 과학 및 기술 서비스업",20
2024-03-01,30140560,중구,중촌동,교육 서비스업,20
2024-03-01,30140560,중구,중촌동,보건의료업,2
2024-03-01,30140560,중구,중촌동,부동산업,16
2024-03-01,30140560,중구,중촌동,"사업시설 관리, 사업 지원 및 임대 서비스업",31
2024-03-01,30140560,중구,중촌동,소매업,154
2024-03-01,30140560,중구,중촌동,수리 및 개인 서비스업,101
2024-03-01,30140560,중구,중촌동,숙박업,1
2024-03-01,30140560,중구,중촌동,"예술, 스포츠 및 여가관련 서비스업",28
2024-03-01,30140560,중구,중촌동,음식점업,176
2024-03-01,30140560,중구,중촌동,"전문, 과학 및 기술 서비스업",52
2024-03-01,30140575,중구,대흥동,교육 서비스업,52
2024-03-01,30140575,중구,대흥동,보건의료업,7
2024-03-01,30140575,중구,대흥동,부동산업,20
2024-03-01,30140575,중구,대흥동,"사업시설 관리, 사업 지원 및 임대 서비스업",41
2024-03-01,30140575,중구,대흥동,소매업,465
2024-03-01,30140575,중구,대흥동,수리 및 개인 서비스업,118
2024-03-01,30140575,중구,대흥동,숙박업,44
2024-03-01,30140575,중구,대흥동,"예술, 스포츠 및 여가관련 서비스업",54
2024-03-01,30140575,중구,대흥동,음식점업,617
2024-03-01,30140575,중구,대흥동,"전문, 과학 및 기술 서비스업",122
2024-03-01,30140605,중구,문창동,교육 서비스업,5
2024-03-01,30140605,중구,문창동,보건의료업,2
2024-03-01,30140605,중구,문창동,부동산업,7
2024-03-01,30140605,중구,문창동,"사업시설 관리, 사업 지원 및 임대 서비스업",20
2024-03-01,30140605,중구,문창동,소매업,169
2024-03-01,30140605,중구,문창동,수리 및 개인 서비스업,72
2024-03-01,30140605,중구,문창동,숙박업,22
2024-03-01,30140605,중구,문창동,"예술, 스포츠 및 여가관련 서비스업",21
2024-03-01,30140605,중구,문창동,음식점업,146
2024-03-01,30140605,중구,문창동,"전문, 과학 및 기술 서비스업",21
2024-03-01,30140620,중구,석교동,교육 서비스업,9
2024-03-01,30140620,중구,석교동,보건의료업,3
2024-03-01,30140620,중구,석교동,부동산업,17
2024-03-01,30140620,중구,석교동,"사업시설 관리, 사업 지원 및 임대 서비스업",33
2024-03-01,30140620,중구,석교동,소매업,160
2024-03-01,30140620,중구,석교동,수리 및 개인 서비스업,102
2024-03-01,30140620,중구,석교동,숙박업,0
2024-03-01,30140620,중구,석교동,"예술, 스포츠 및 여가관련 서비스업",22
2024-03-01,30140620,중구,석교동,음식점업,125
2024-03-01,30140620,중구,석교동,"전문, 과학 및 기술 서비스업",36
2024-03-01,30140630,중구,대사동,교육 서비스업,11
2024-03-01,30140630,중구,대사동,보건의료업,12
2024-03-01,30140630,중구,대사동,부동산업,11
2024-03-01,30140630,중구,대사동,"사업시설 관리, 사업 지원 및 임대 서비스업",15
2024-03-01,30140630,중구,대사동,소매업,128
2024-03-01,30140630,중구,대사동,수리 및 개인 서비스업,58
2024-03-01,30140630,중구,대사동,숙박업,8
2024-03-01,30140630,중구,대사동,"예술, 스포츠 및 여가관련 서비스업",14
2024-03-01,30140630,중구,대사동,음식점업,152
2024-03-01,30140630,중구,대사동,"전문, 과학 및 기술 서비스업",21
2024-03-01,30140640,중구,부사동,교육 서비스업,7
2024-03-01,30140640,중구,부사동,보건의료업,3
2024-03-01,30140640,중구,부사동,부동산업,11
2024-03-01,30140640,중구,부사동,"사업시설 관리, 사업 지원 및 임대 서비스업",12
2024-03-01,30140640,중구,부사동,소매업,147
2024-03-01,30140640,중구,부사동,수리 및 개인 서비스업,49
2024-03-01,30140640,중구,부사동,숙박업,3
2024-03-01,30140640,중구,부사동,"예술, 스포츠 및 여가관련 서비스업",22
2024-03-01,30140640,중구,부사동,음식점업,150
2024-03-01,30140640,중구,부사동,"전문, 과학 및 기술 서비스업",22
2024-03-01,30140655,중구,용두동,교육 서비스업,21
2024-03-01,30140655,중구,용두동,보건의료업,4
2024-03-01,30140655,중구,용두동,부동산업,24
2024-03-01,30140655,중구,용두동,"사업시설 관리, 사업 지원 및 임대 서비스업",26
2024-03-01,30140655,중구,용두동,소매업,163
2024-03-01,30140655,중구,용두동,수리 및 개인 서비스업,92
2024-03-01,30140655,중구,용두동,숙박업,4
2024-03-01,30140655,중구,용두동,"예술, 스포츠 및 여가관련 서비스업",12
2024-03-01,30140655,중구,용두동,음식점업,132
2024-03-01,30140655,중구,용두동,"전문, 과학 및 기술 서비스업",32
2024-03-01,30140670,중구,오류동,교육 서비스업,26
2024-03-01,30140670,중구,오류동,보건의료업,14
2024-03-01,30140670,중구,오류동,부동산업,22
2024-03-01,30140670,중구,오류동,"사업시설 관리, 사업 지원 및 임대 서비스업",34
2024-03-01,30140670,중구,오류동,소매업,165
2024-03-01,30140670,중구,오류동,수리 및 개인 서비스업,70
2024-03-01,30140670,중구,오류동,숙박업,7
2024-03-01,30140670,중구,오류동,"예술, 스포츠 및 여가관련 서비스업",49
2024-03-01,30140670,중구,오류동,음식점업,346
2024-03-01,30140670,중구,오류동,"전문, 과학 및 기술 서비스업",66
2024-03-01,30140680,중구,태평1동,교육 서비스업,19
2024-03-01,30140680,중구,태평1동,보건의료업,3
2024-03-01,30140680,중구,태평1동,부동산업,12
2024-03-01,30140680,중구,태평1동,"사업시설 관리, 사업 지원 및 임대 서비스업",13
2024-03-01,30140680,중구,태평1동,소매업,157
2024-03-01,30140680,중구,태평1동,수리 및 개인 서비스업,81
2024-03-01,30140680,중구,태평1동,숙박업,1
2024-03-01,30140680,중구,태평1동,"예술, 스포츠 및 여가관련 서비스업",25
2024-03-01,30140680,중구,태평1동,음식점업,168
2024-03-01,30140680,중구,태평1동,"전문, 과학 및 기술 서비스업",19
2024-03-01,30140690,중구,태평2동,교육 서비스업,14
2024-03-01,30140690,중구,태평2동,보건의료업,2
2024-03-01,30140690,중구,태평2동,부동산업,16
2024-03-01,30140690,중구,태평2동,"사업시설 관리, 사업 지원 및 임대 서비스업",13
2024-03-01,30140690,중구,태평2동,소매업,140
2024-03-01,30140690,중구,태평2동,수리 및 개인 서비스업,57
2024-03-01,30140690,중구,태평2동,숙박업,2
2024-03-01,30140690,중구,태평2동,"예술, 스포츠 및 여가관련 서비스업",14
2024-03-01,30140690,중구,태평2동,음식점업,109
2024-03-01,30140690,중구,태평2동,"전문, 과학 및 기술 서비스업",21
2024-03-01,30140700,중구,유천1동,교육 서비스업,35
2024-03-01,30140700,중구,유천1동,보건의료업,7
2024-03-01,30140700,중구,유천1동,부동산업,9
2024-03-01,30140700,중구,유천1동,"사업시설 관리, 사업 지원 및 임대 서비스업",15
2024-03-01,30140700,중구,유천1동,소매업,151
2024-03-01,30140700,중구,유천1동,수리 및 개인 서비스업,73
2024-03-01,30140700,중구,유천1동,숙박업,25
2024-03-01,30140700,중구,유천1동,"예술, 스포츠 및 여가관련 서비스업",50
2024-03-01,30140700,중구,유천1동,음식점업,269
2024-03-01,30140700,중구,유천1동,"전문, 과학 및 기술 서비스업",31
2024-03-01,30140710,중구,유천2동,교육 서비스업,23
2024-03-01,30140710,중구,유천2동,보건의료업,12
2024-03-01,30140710,중구,유천2동,부동산업,25
2024-03-01,30140710,중구,유천2동,"사업시설 관리, 사업 지원 및 임대 서비스업",32
2024-03-01,30140710,중구,유천2동,소매업,162
2024-03-01,30140710,중구,유천2동,수리 및 개인 서비스업,121
2024-03-01,30140710,중구,유천2동,숙박업,2
2024-03-01,30140710,중구,유천2동,"예술, 스포츠 및 여가관련 서비스업",35
2024-03-01,30140710,중구,유천2동,음식점업,210
2024-03-01,30140710,중구,유천2동,"전문, 과학 및 기술 서비스업",35
2024-03-01,30140720,중구,문화1동,교육 서비스업,29
2024-03-01,30140720,중구,문화1동,보건의료업,10
2024-03-01,30140720,중구,문화1동,부동산업,9
2024-03-01,30140720,중구,문화1동,"사업시설 관리, 사업 지원 및 임대 서비스업",24
2024-03-01,30140720,중구,문화1동,소매업,194
2024-03-01,30140720,중구,문화1동,수리 및 개인 서비스업,81
2024-03-01,30140720,중구,문화1동,숙박업,6
2024-03-01,30140720,중구,문화1동,"예술, 스포츠 및 여가관련 서비스업",27
2024-03-01,30140720,중구,문화1동,음식점업,191
2024-03-01,30140720,중구,문화1동,"전문, 과학 및 기술 서비스업",23
2024-03-01,30140730,중구,문화2동,교육 서비스업,15
2024-03-01,30140730,중구,문화2동,보건의료업,2
2024-03-01,30140730,중구,문화2동,부동산업,12
2024-03-01,30140730,중구,문화2동,"사업시설 관리, 사업 지원 및 임대 서비스업",5
2024-03-01,30140730,중구,문화2동,소매업,92
2024-03-01,30140730,중구,문화2동,수리 및 개인 서비스업,77
2024-03-01,30140730,중구,문화2동,숙박업,2
2024-03-01,30140730,중구,문화2동,"예술, 스포츠 및 여가관련 서비스업",14
2024-03-01,30140730,중구,문화2동,음식점업,113
2024-03-01,30140730,중구,문화2동,"전문, 과학 및 기술 서비스업",19
2024-03-01,30140740,중구,산성동,교육 서비스업,17
2024-03-01,30140740,중구,산성동,보건의료업,2
2024-03-01,30140740,중구,산성동,부동산업,37
2024-03-01,30140740,중구,산성동,"사업시설 관리, 사업 지원 및 임대 서비스업",79
2024-03-01,30140740,중구,산성동,소매업,377
2024-03-01,30140740,중구,산성동,수리 및 개인 서비스업,212
2024-03-01,30140740,중구,산성동,숙박업,10
2024-03-01,30140740,중구,산성동,"예술, 스포츠 및 여가관련 서비스업",52
2024-03-01,30140740,중구,산성동,음식점업,317
2024-03-01,30140740,중구,산성동,"전문, 과학 및 기술 서비스업",85
2024-03-01,30170510,서구,복수동,교육 서비스업,36
2024-03-01,30170510,서구,복수동,보건의료업,1
2024-03-01,30170510,서구,복수동,부동산업,16
2024-03-01,30170510,서구,복수동,"사업시설 관리, 사업 지원 및 임대 서비스업",21
2024-03-01,30170510,서구,복수동,소매업,100
2024-03-01,30170510,서구,복수동,수리 및 개인 서비스업,87
2024-03-01,30170510,서구,복수동,숙박업,0
2024-03-01,30170510,서구,복수동,"예술, 스포츠 및 여가관련 서비스업",41
2024-03-01,30170510,서구,복수동,음식점업,201
2024-03-01,30170510,서구,복수동,"전문, 과학 및 기술 서비스업",26
2024-03-01,30170520,서구,도마1동,교육 서비스업,32
2024-03-01,30170520,서구,도마1동,보건의료업,7
2024-03-01,30170520,서구,도마1동,부동산업,49
2024-03-01,30170520,서구,도마1동,"사업시설 관리, 사업 지원 및 임대 서비스업",38
2024-03-01,30170520,서구,도마1동,소매업,388
2024-03-01,30170520,서구,도마1동,수리 및 개인 서비스업,140
2024-03-01,30170520,서구,도마1동,숙박업,4
2024-03-01,30170520,서구,도마1동,"예술, 스포츠 및 여가관련 서비스업",43
2024-03-01,30170520,서구,도마1동,음식점업,355
2024-03-01,30170520,서구,도마1동,"전문, 과학 및 기술 서비스업",49
2024-03-01,30170530,서구,도마2동,교육 서비스업,15
2024-03-01,30170530,서구,도마2동,보건의료업,11
2024-03-01,30170530,서구,도마2동,부동산업,48
2024-03-01,30170530,서구,도마2동,"사업시설 관리, 사업 지원 및 임대 서비스업",27
2024-03-01,30170530,서구,도마2동,소매업,187
2024-03-01,30170530,서구,도마2동,수리 및 개인 서비스업,108
2024-03-01,30170530,서구,도마2동,숙박업,2
2024-03-01,30170530,서구,도마2동,"예술, 스포츠 및 여가관련 서비스업",27
2024-03-01,30170530,서구,도마2동,음식점업,195
2024-03-01,30170530,서구,도마2동,"전문, 과학 및 기술 서비스업",41
2024-03-01,30170535,서구,정림동,교육 서비스업,23
2024-03-01,30170535,서구,정림동,보건의료업,6
2024-03-01,30170535,서구,정림동,부동산업,10
2024-03-01,30170535,서구,정림동,"사업시설 관리, 사업 지원 및 임대 서비스업",10
2024-03-01,30170535,서구,정림동,소매업,159
2024-03-01,30170535,서구,정림동,수리 및 개인 서비스업,83
2024-03-01,30170535,서구,정림동,숙박업,0
2024-03-01,30170535,서구,정림동,"예술, 스포츠 및 여가관련 서비스업",32
2024-03-01,30170535,서구,정림동,음식점업,164
2024-03-01,30170535,서구,정림동,"전문, 과학 및 기술 서비스업",35
2024-03-01,30170540,서구,변동,교육 서비스업,21
2024-03-01,30170540,서구,변동,보건의료업,1
2024-03-01,30170540,서구,변동,부동산업,36
2024-03-01,30170540,서구,변동,"사업시설 관리, 사업 지원 및 임대 서비스업",60
2024-03-01,30170540,서구,변동,소매업,180
2024-03-01,30170540,서구,변동,수리 및 개인 서비스업,116
2024-03-01,30170540,서구,변동,숙박업,2
2024-03-01,30170540,서구,변동,"예술, 스포츠 및 여가관련 서비스업",18
2024-03-01,30170540,서구,변동,음식점업,154
2024-03-01,30170540,서구,변동,"전문, 과학 및 기술 서비스업",90
2024-03-01,30170550,서구,용문동,교육 서비스업,21
2024-03-01,30170550,서구,용문동,보건의료업,2
2024-03-01,30170550,서구,용문동,부동산업,44
2024-03-01,30170550,서구,용문동,"사업시설 관리, 사업 지원 및 임대 서비스업",35
2024-03-01,30170550,서구,용문동,소매업,163
2024-03-01,30170550,서구,용문동,수리 및 개인 서비스업,134
2024-03-01,30170550,서구,용문동,숙박업,12
2024-03-01,30170550,서구,용문동,"예술, 스포츠 및 여가관련 서비스업",27
2024-03-01,30170550,서구,용문동,음식점업,160
2024-03-01,30170550,서구,용문동,"전문, 과학 및 기술 서비스업",49
2024-03-01,30170555,서구,탄방동,교육 서비스업,150
2024-03-01,30170555,서구,탄방동,보건의료업,51
2024-03-01,30170555,서구,탄방동,부동산업,86
2024-03-01,30170555,서구,탄방동,"사업시설 관리, 사업 지원 및 임대 서비스업",111
2024-03-01,30170555,서구,탄방동,소매업,701
2024-03-01,30170555,서구,탄방동,수리 및 개인 서비스업,423
2024-03-01,30170555,서구,탄방동,숙박업,6
2024-03-01,30170555,서구,탄방동,"예술, 스포츠 및 여가관련 서비스업",111
2024-03-01,30170555,서구,탄방동,음식점업,660
2024-03-01,30170555,서구,탄방동,"전문, 과학 및 기술 서비스업",234
2024-03-01,30170560,서구,괴정동,교육 서비스업,54
2024-03-01,30170560,서구,괴정동,보건의료업,12
2024-03-01,30170560,서구,괴정동,부동산업,76
2024-03-01,30170560,서구,괴정동,"사업시설 관리, 사업 지원 및 임대 서비스업",64
2024-03-01,30170560,서구,괴정동,소매업,547
2024-03-01,30170560,서구,괴정동,수리 및 개인 서비스업,278
2024-03-01,30170560,서구,괴정동,숙박업,8
2024-03-01,30170560,서구,괴정동,"예술, 스포츠 및 여가관련 서비스업",80
2024-03-01,30170560,서구,괴정동,음식점업,558
2024-03-01,30170560,서구,괴정동,"전문, 과학 및 기술 서비스업",127
2024-03-01,30170570,서구,가장동,교육 서비스업,15
2024-03-01,30170570,서구,가장동,보건의료업,2
2024-03-01,30170570,서구,가장동,부동산업,14
2024-03-01,30170570,서구,가장동,"사업시설 관리, 사업 지원 및 임대 서비스업",21
2024-03-01,30170570,서구,가장동,소매업,113
2024-03-01,30170570,서구,가장동,수리 및 개인 서비스업,78
2024-03-01,30170570,서구,가장동,숙박업,0
2024-03-01,30170570,서구,가장동,"예술, 스포츠 및 여가관련 서비스업",17
2024-03-01,30170570,서구,가장동,음식점업,85
2024-03-01,30170570,서구,가장동,"전문, 과학 및 기술 서비스업",24
2024-03-01,30170575,서구,내동,교육 서비스업,32
2024-03-01,30170575,서구,내동,보건의료업,2
2024-03-01,30170575,서구,내동,부동산업,23
2024-03-01,30170575,서구,내동,"사업시설 관리, 사업 지원 및 임대 서비스업",23
2024-03-01,30170575,서구,내동,소매업,149
2024-03-01,30170575,서구,내동,수리 및 개인 서비스업,112
2024-03-01,30170575,서구,내동,숙박업,0
2024-03-01,30170575,서구,내동,"예술, 스포츠 및 여가관련 서비스업",23
2024-03-01,30170575,서구,내동,음식점업,129
2024-03-01,30170575,서구,내동,"전문, 과학 및 기술 서비스업",58
2024-03-01,30170581,서구,갈마1동,교육 서비스업,37
2024-03-01,30170581,서구,갈마1동,보건의료업,6
2024-03-01,30170581,서구,갈마1동,부동산업,35
2024-03-01,30170581,서구,갈마1동,"사업시설 관리, 사업 지원 및 임대 서비스업",52
2024-03-01,30170581,서구,갈마1동,소매업,229
2024-03-01,30170581,서구,갈마1동,수리 및 개인 서비스업,198
2024-03-01,30170581,서구,갈마1동,숙박업,6
2024-03-01,30170581,서구,갈마1동,"예술, 스포츠 및 여가관련 서비스업",52
2024-03-01,30170581,서구,갈마1동,음식점업,369
2024-03-01,30170581,서구,갈마1동,"전문, 과학 및 기술 서비스업",109
2024-03-01,30170582,서구,갈마2동,교육 서비스업,51
2024-03-01,30170582,서구,갈마2동,보건의료업,4
2024-03-01,30170582,서구,갈마2동,부동산업,42
2024-03-01,30170582,서구,갈마2동,"사업시설 관리, 사업 지원 및 임대 서비스업",50
2024-03-01,30170582,서구,갈마2동,소매업,212
2024-03-01,30170582,서구,갈마2동,수리 및 개인 서비스업,174
2024-03-01,30170582,서구,갈마2동,숙박업,0
2024-03-01,30170582,서구,갈마2동,"예술, 스포츠 및 여가관련 서비스업",76
2024-03-01,30170582,서구,갈마2동,음식점업,447
2024-03-01,30170582,서구,갈마2동,"전문, 과학 및 기술 서비스업",98
2024-03-01,30170586,서구,월평1동,교육 서비스업,31
2024-03-01,30170586,서구,월평1동,보건의료업,7
2024-03-01,30170586,서구,월평1동,부동산업,64
2024-03-01,30170586,서구,월평1동,"사업시설 관리, 사업 지원 및 임대 서비스업",86
2024-03-01,30170586,서구,월평1동,소매업,238
2024-03-01,30170586,서구,월평1동,수리 및 개인 서비스업,197
2024-03-01,30170586,서구,월평1동,숙박업,13
2024-03-01,30170586,서구,월평1동,"예술, 스포츠 및 여가관련 서비스업",66
2024-03-01,30170586,서구,월평1동,음식점업,406
2024-03-01,30170586,서구,월평1동,"전문, 과학 및 기술 서비스업",120
2024-03-01,30170587,서구,월평2동,교육 서비스업,64
2024-03-01,30170587,서구,월평2동,보건의료업,19
2024-03-01,30170587,서구,월평2동,부동산업,15
2024-03-01,30170587,서구,월평2동,"사업시설 관리, 사업 지원 및 임대 서비스업",42
2024-03-01,30170587,서구,월평2동,소매업,147
2024-03-01,30170587,서구,월평2동,수리 및 개인 서비스업,59
2024-03-01,30170587,서구,월평2동,숙박업,5
2024-03-01,30170587,서구,월평2동,"예술, 스포츠 및 여가관련 서비스업",73
2024-03-01,30170587,서구,월평2동,음식점업,200
2024-03-01,30170587,서구,월평2동,"전문, 과학 및 기술 서비스업",140
2024-03-01,30170588,서구,월평3동,교육 서비스업,7
2024-03-01,30170588,서구,월평3동,보건의료업,0
2024-03-01,30170588,서구,월평3동,부동산업,2
2024-03-01,30170588,서구,월평3동,"사업시설 관리, 사업 지원 및 임대 서비스업",2
2024-03-01,30170588,서구,월평3동,소매업,25
2024-03-01,30170588,서구,월평3동,수리 및 개인 서비스업,15
2024-03-01,30170588,서구,월평3동,숙박업,0
2024-03-01,30170588,서구,월평3동,"예술, 스포츠 및 여가관련 서비스업",1
2024-03-01,30170588,서구,월평3동,음식점업,35
2024-03-01,30170588,서구,월평3동,"전문, 과학 및 기술 서비스업",2
2024-03-01,30170590,서구,가수원동,교육 서비스업,13
2024-03-01,30170590,서구,가수원동,보건의료업,2
2024-03-01,30170590,서구,가수원동,부동산업,21
2024-03-01,30170590,서구,가수원동,"사업시설 관리, 사업 지원 및 임대 서비스업",26
2024-03-01,30170590,서구,가수원동,소매업,103
2024-03-01,30170590,서구,가수원동,수리 및 개인 서비스업,73
2024-03-01,30170590,서구,가수원동,숙박업,0
2024-03-01,30170590,서구,가수원동,"예술, 스포츠 및 여가관련 서비스업",16
2024-03-01,30170590,서구,가수원동,음식점업,118
2024-03-01,30170590,서구,가수원동,"전문, 과학 및 기술 서비스업",18
2024-03-01,30170593,서구,도안동,교육 서비스업,162
2024-03-01,30170593,서구,도안동,보건의료업,13
2024-03-01,30170593,서구,도안동,부동산업,88
2024-03-01,30170593,서구,도안동,"사업시설 관리, 사업 지원 및 임대 서비스업",48
2024-03-01,30170593,서구,도안동,소매업,356
2024-03-01,30170593,서구,도안동,수리 및 개인 서비스업,273
2024-03-01,30170593,서구,도안동,숙박업,1
2024-03-01,30170593,서구,도안동,"예술, 스포츠 및 여가관련 서비스업",99
2024-03-01,30170593,서구,도안동,음식점업,620
2024-03-01,30170593,서구,도안동,"전문, 과학 및 기술 서비스업",167
2024-03-01,30170596,서구,관저1동,교육 서비스업,22
2024-03-01,30170596,서구,관저1동,보건의료업,7
2024-03-01,30170596,서구,관저1동,부동산업,29
2024-03-01,30170596,서구,관저1동,"사업시설 관리, 사업 지원 및 임대 서비스업",10
2024-03-01,30170596,서구,관저1동,소매업,107
2024-03-01,30170596,서구,관저1동,수리 및 개인 서비스업,67
2024-03-01,30170596,서구,관저1동,숙박업,0
2024-03-01,30170596,서구,관저1동,"예술, 스포츠 및 여가관련 서비스업",35
2024-03-01,30170596,서구,관저1동,음식점업,181
2024-03-01,30170596,서구,관저1동,"전문, 과학 및 기술 서비스업",29
2024-03-01,30170597,서구,관저2동,교육 서비스업,133
2024-03-01,30170597,서구,관저2동,보건의료업,23
2024-03-01,30170597,서구,관저2동,부동산업,73
2024-03-01,30170597,서구,관저2동,"사업시설 관리, 사업 지원 및 임대 서비스업",21
2024-03-01,30170597,서구,관저2동,소매업,343
2024-03-01,30170597,서구,관저2동,수리 및 개인 서비스업,243
2024-03-01,30170597,서구,관저2동,숙박업,0
2024-03-01,30170597,서구,관저2동,"예술, 스포츠 및 여가관련 서비스업",100
2024-03-01,30170597,서구,관저2동,음식점업,619
2024-03-01,30170597,서구,관저2동,"전문, 과학 및 기술 서비스업",84
2024-03-01,30170600,서구,기성동,교육 서비스업,6
2024-03-01,30170600,서구,기성동,보건의료업,1
2024-03-01,30170600,서구,기성동,부동산업,6
2024-03-01,30170600,서구,기성동,"사업시설 관리, 사업 지원 및 임대 서비스업",14
2024-03-01,30170600,서구,기성동,소매업,57
2024-03-01,30170600,서구,기성동,수리 및 개인 서비스업,8
2024-03-01,30170600,서구,기성동,숙박업,29
2024-03-01,30170600,서구,기성동,"예술, 스포츠 및 여가관련 서비스업",6
2024-03-01,30170600,서구,기성동,음식점업,55
2024-03-01,30170600,서구,기성동,"전문, 과학 및 기술 서비스업",8
2024-03-01,30170630,서구,둔산1동,교육 서비스업,172
2024-03-01,30170630,서구,둔산1동,보건의료업,41
2024-03-01,30170630,서구,둔산1동,부동산업,84
2024-03-01,30170630,서구,둔산1동,"사업시설 관리, 사업 지원 및 임대 서비스업",55
2024-03-01,30170630,서구,둔산1동,소매업,157
2024-03-01,30170630,서구,둔산1동,수리 및 개인 서비스업,93
2024-03-01,30170630,서구,둔산1동,숙박업,12
2024-03-01,30170630,서구,둔산1동,"예술, 스포츠 및 여가관련 서비스업",72
2024-03-01,30170630,서구,둔산1동,음식점업,436
2024-03-01,30170630,서구,둔산1동,"전문, 과학 및 기술 서비스업",604
2024-03-01,30170640,서구,둔산2동,교육 서비스업,123
2024-03-01,30170640,서구,둔산2동,보건의료업,128
2024-03-01,30170640,서구,둔산2동,부동산업,49
2024-03-01,30170640,서구,둔산2동,"사업시설 관리, 사업 지원 및 임대 서비스업",70
2024-03-01,30170640,서구,둔산2동,소매업,673
2024-03-01,30170640,서구,둔산2동,수리 및 개인 서비스업,221
2024-03-01,30170640,서구,둔산2동,숙박업,19
2024-03-01,30170640,서구,둔산2동,"예술, 스포츠 및 여가관련 서비스업",133
2024-03-01,30170640,서구,둔산2동,음식점업,725
2024-03-01,30170640,서구,둔산2동,"전문, 과학 및 기술 서비스업",403
2024-03-01,30170650,서구,만년동,교육 서비스업,34
2024-03-01,30170650,서구,만년동,보건의료업,4
2024-03-01,30170650,서구,만년동,부동산업,24
2024-03-01,30170650,서구,만년동,"사업시설 관리, 사업 지원 및 임대 서비스업",52
2024-03-01,30170650,서구,만년동,소매업,170
2024-03-01,30170650,서구,만년동,수리 및 개인 서비스업,78
2024-03-01,30170650,서구,만년동,숙박업,2
2024-03-01,30170650,서구,만년동,"예술, 스포츠 및 여가관련 서비스업",28
2024-03-01,30170650,서구,만년동,음식점업,241
2024-03-01,30170650,서구,만년동,"전문, 과학 및 기술 서비스업",133
2024-03-01,30170660,서구,둔산3동,교육 서비스업,39
2024-03-01,30170660,서구,둔산3동,보건의료업,1
2024-03-01,30170660,서구,둔산3동,부동산업,20
2024-03-01,30170660,서구,둔산3동,"사업시설 관리, 사업 지원 및 임대 서비스업",10
2024-03-01,30170660,서구,둔산3동,소매업,219
2024-03-01,30170660,서구,둔산3동,수리 및 개인 서비스업,86
2024-03-01,30170660,서구,둔산3동,숙박업,0
2024-03-01,30170660,서구,둔산3동,"예술, 스포츠 및 여가관련 서비스업",31
2024-03-01,30170660,서구,둔산3동,음식점업,207
2024-03-01,30170660,서구,둔산3동,"전문, 과학 및 기술 서비스업",26
2024-03-01,30200520,유성구,진잠동,교육 서비스업,34
2024-03-01,30200520,유성구,진잠동,보건의료업,7
2024-03-01,30200520,유성구,진잠동,부동산업,39
2024-03-01,30200520,유성구,진잠동,"사업시설 관리, 사업 지원 및 임대 서비스업",69
2024-03-01,30200520,유성구,진잠동,소매업,421
2024-03-01,30200520,유성구,진잠동,수리 및 개인 서비스업,157
2024-03-01,30200520,유성구,진잠동,숙박업,4
2024-03-01,30200520,유성구,진잠동,"예술, 스포츠 및 여가관련 서비스업",52
2024-03-01,30200520,유성구,진잠동,음식점업,312
2024-03-01,30200520,유성구,진잠동,"전문, 과학 및 기술 서비스업",85
2024-03-01,30200526,유성구,학하동,교육 서비스업,39
2024-03-01,30200526,유성구,학하동,보건의료업,5
2024-03-01,30200526,유성구,학하동,부동산업,80
2024-03-01,30200526,유성구,학하동,"사업시설 관리, 사업 지원 및 임대 서비스업",61
2024-03-01,30200526,유성구,학하동,소매업,172
2024-03-01,30200526,유성구,학하동,수리 및 개인 서비스업,125
2024-03-01,30200526,유성구,학하동,숙박업,2
2024-03-01,30200526,유성구,학하동,"예술, 스포츠 및 여가관련 서비스업",42
2024-03-01,30200526,유성구,학하동,음식점업,318
2024-03-01,30200526,유성구,학하동,"전문, 과학 및 기술 서비스업",126
2024-03-01,30200527,유성구,상대동,교육 서비스업,45
2024-03-01,30200527,유성구,상대동,보건의료업,4
2024-03-01,30200527,유성구,상대동,부동산업,18
2024-03-01,30200527,유성구,상대동,"사업시설 관리, 사업 지원 및 임대 서비스업",8
2024-03-01,30200527,유성구,상대동,소매업,93
2024-03-01,30200527,유성구,상대동,수리 및 개인 서비스업,73
2024-03-01,30200527,유성구,상대동,숙박업,0
2024-03-01,30200527,유성구,상대동,"예술, 스포츠 및 여가관련 서비스업",14
2024-03-01,30200527,유성구,상대동,음식점업,152
2024-03-01,30200527,유성구,상대동,"전문, 과학 및 기술 서비스업",69
2024-03-01,30200530,유성구,온천1동,교육 서비스업,97
2024-03-01,30200530,유성구,온천1동,보건의료업,50
2024-03-01,30200530,유성구,온천1동,부동산업,170
2024-03-01,30200530,유성구,온천1동,"사업시설 관리, 사업 지원 및 임대 서비스업",141
2024-03-01,30200530,유성구,온천1동,소매업,653
2024-03-01,30200530,유성구,온천1동,수리 및 개인 서비스업,417
2024-03-01,30200530,유성구,온천1동,숙박업,91
2024-03-01,30200530,유성구,온천1동,"예술, 스포츠 및 여가관련 서비스업",112
2024-03-01,30200530,유성구,온천1동,음식점업,1109
2024-03-01,30200530,유성구,온천1동,"전문, 과학 및 기술 서비스업",356
2024-03-01,30200540,유성구,온천2동,교육 서비스업,121
2024-03-01,30200540,유성구,온천2동,보건의료업,7
2024-03-01,30200540,유성구,온천2동,부동산업,114
2024-03-01,30200540,유성구,온천2동,"사업시설 관리, 사업 지원 및 임대 서비스업",109
2024-03-01,30200540,유성구,온천2동,소매업,622
2024-03-01,30200540,유성구,온천2동,수리 및 개인 서비스업,298
2024-03-01,30200540,유성구,온천2동,숙박업,16
2024-03-01,30200540,유성구,온천2동,"예술, 스포츠 및 여가관련 서비스업",142
2024-03-01,30200540,유성구,온천2동,음식점업,1135
2024-03-01,30200540,유성구,온천2동,"전문, 과학 및 기술 서비스업",249
2024-03-01,30200546,유성구,노은1동,교육 서비스업,98
2024-03-01,30200546,유성구,노은1동,보건의료업,6
2024-03-01,30200546,유성구,노은1동,부동산업,33
2024-03-01,30200546,유성구,노은1동,"사업시설 관리, 사업 지원 및 임대 서비스업",34
2024-03-01,30200546,유성구,노은1동,소매업,295
2024-03-01,30200546,유성구,노은1동,수리 및 개인 서비스업,161
2024-03-01,30200546,유성구,노은1동,숙박업,1
2024-03-01,30200546,유성구,노은1동,"예술, 스포츠 및 여가관련 서비스업",63
2024-03-01,30200546,유성구,노은1동,음식점업,390
2024-03-01,30200546,유성구,노은1동,"전문, 과학 및 기술 서비스업",92
2024-03-01,30200547,유성구,노은2동,교육 서비스업,65
2024-03-01,30200547,유성구,노은2동,보건의료업,12
2024-03-01,30200547,유성구,노은2동,부동산업,26
2024-03-01,30200547,유성구,노은2동,"사업시설 관리, 사업 지원 및 임대 서비스업",30
2024-03-01,30200547,유성구,노은2동,소매업,172
2024-03-01,30200547,유성구,노은2동,수리 및 개인 서비스업,57
2024-03-01,30200547,유성구,노은2동,숙박업,2
2024-03-01,30200547,유성구,노은2동,"예술, 스포츠 및 여가관련 서비스업",49
2024-03-01,30200547,유성구,노은2동,음식점업,222
2024-03-01,30200547,유성구,노은2동,"전문, 과학 및 기술 서비스업",53
2024-03-01,30200548,유성구,노은3동,교육 서비스업,111
2024-03-01,30200548,유성구,노은3동,보건의료업,18
2024-03-01,30200548,유성구,노은3동,부동산업,28
2024-03-01,30200548,유성구,노은3동,"사업시설 관리, 사업 지원 및 임대 서비스업",18
2024-03-01,30200548,유성구,노은3동,소매업,243
2024-03-01,30200548,유성구,노은3동,수리 및 개인 서비스업,137
2024-03-01,30200548,유성구,노은3동,숙박업,0
2024-03-01,30200548,유성구,노은3동,"예술, 스포츠 및 여가관련 서비스업",51
2024-03-01,30200548,유성구,노은3동,음식점업,353
2024-03-01,30200548,유성구,노은3동,"전문, 과학 및 기술 서비스업",82
2024-03-01,30200550,유성구,신성동,교육 서비스업,59
2024-03-01,30200550,유성구,신성동,보건의료업,9
2024-03-01,30200550,유성구,신성동,부동산업,47
2024-03-01,30200550,유성구,신성동,"사업시설 관리, 사업 지원 및 임대 서비스업",55
2024-03-01,30200550,유성구,신성동,소매업,470
2024-03-01,30200550,유성구,신성동,수리 및 개인 서비스업,115
2024-03-01,30200550,유성구,신성동,숙박업,5
2024-03-01,30200550,유성구,신성동,"예술, 스포츠 및 여가관련 서비스업",74
2024-03-01,30200550,유성구,신성동,음식점업,567
2024-03-01,30200550,유성구,신성동,"전문, 과학 및 기술 서비스업",111
2024-03-01,30200570,유성구,전민동,교육 서비스업,59
2024-03-01,30200570,유성구,전민동,보건의료업,7
2024-03-01,30200570,유성구,전민동,부동산업,27
2024-03-01,30200570,유성구,전민동,"사업시설 관리, 사업 지원 및 임대 서비스업",17
2024-03-01,30200570,유성구,전민동,소매업,398
2024-03-01,30200570,유성구,전민동,수리 및 개인 서비스업,112
2024-03-01,30200570,유성구,전민동,숙박업,0
2024-03-01,30200570,유성구,전민동,"예술, 스포츠 및 여가관련 서비스업",69
2024-03-01,30200570,유성구,전민동,음식점업,417
2024-03-01,30200570,유성구,전민동,"전문, 과학 및 기술 서비스업",55
2024-03-01,30200580,유성구,구즉동,교육 서비스업,30
2024-03-01,30200580,유성구,구즉동,보건의료업,4
2024-03-01,30200580,유성구,구즉동,부동산업,28
2024-03-01,30200580,유성구,구즉동,"사업시설 관리, 사업 지원 및 임대 서비스업",11
2024-03-01,30200580,유성구,구즉동,소매업,175
2024-03-01,30200580,유성구,구즉동,수리 및 개인 서비스업,108
2024-03-01,30200580,유성구,구즉동,숙박업,0
2024-03-01,30200580,유성구,구즉동,"예술, 스포츠 및 여가관련 서비스업",49
2024-03-01,30200580,유성구,구즉동,음식점업,312
2024-03-01,30200580,유성구,구즉동,"전문, 과학 및 기술 서비스업",29
2024-03-01,30200600,유성구,관평동,교육 서비스업,105
2024-03-01,30200600,유성구,관평동,보건의료업,20
2024-03-01,30200600,유성구,관평동,부동산업,44
2024-03-01,30200600,유성구,관평동,"사업시설 관리, 사업 지원 및 임대 서비스업",51
2024-03-01,30200600,유성구,관평동,소매업,454
2024-03-01,30200600,유성구,관평동,수리 및 개인 서비스업,161
2024-03-01,30200600,유성구,관평동,숙박업,7
2024-03-01,30200600,유성구,관평동,"예술, 스포츠 및 여가관련 서비스업",75
2024-03-01,30200600,유성구,관평동,음식점업,608
2024-03-01,30200600,유성구,관평동,"전문, 과학 및 기술 서비스업",144
2024-03-01,30200610,유성구,원신흥동,교육 서비스업,83
2024-03-01,30200610,유성구,원신흥동,보건의료업,22
2024-03-01,30200610,유성구,원신흥동,부동산업,41
2024-03-01,30200610,유성구,원신흥동,"사업시설 관리, 사업 지원 및 임대 서비스업",26
2024-03-01,30200610,유성구,원신흥동,소매업,225
2024-03-01,30200610,유성구,원신흥동,수리 및 개인 서비스업,224
2024-03-01,30200610,유성구,원신흥동,숙박업,0
2024-03-01,30200610,유성구,원신흥동,"예술, 스포츠 및 여가관련 서비스업",19
2024-03-01,30200610,유성구,원신흥동,음식점업,265
2024-03-01,30200610,유성구,원신흥동,"전문, 과학 및 기술 서비스업",69
2024-03-01,30230510,대덕구,오정동,교육 서비스업,37
2024-03-01,30230510,대덕구,오정동,보건의료업,2
2024-03-01,30230510,대덕구,오정동,부동산업,39
2024-03-01,30230510,대덕구,오정동,"사업시설 관리, 사업 지원 및 임대 서비스업",81
2024-03-01,30230510,대덕구,오정동,소매업,319
2024-03-01,30230510,대덕구,오정동,수리 및 개인 서비스업,146
2024-03-01,30230510,대덕구,오정동,숙박업,2
2024-03-01,30230510,대덕구,오정동,"예술, 스포츠 및 여가관련 서비스업",47
2024-03-01,30230510,대덕구,오정동,음식점업,306
2024-03-01,30230510,대덕구,오정동,"전문, 과학 및 기술 서비스업",128
2024-03-01,30230520,대덕구,대화동,교육 서비스업,11
2024-03-01,30230520,대덕구,대화동,보건의료업,0
2024-03-01,30230520,대덕구,대화동,부동산업,12
2024-03-01,30230520,대덕구,대화동,"사업시설 관리, 사업 지원 및 임대 서비스업",36
2024-03-01,30230520,대덕구,대화동,소매업,161
2024-03-01,30230520,대덕구,대화동,수리 및 개인 서비스업,63
2024-03-01,30230520,대덕구,대화동,숙박업,0
2024-03-01,30230520,대덕구,대화동,"예술, 스포츠 및 여가관련 서비스업",7
2024-03-01,30230520,대덕구,대화동,음식점업,96
2024-03-01,30230520,대덕구,대화동,"전문, 과학 및 기술 서비스업",147
2024-03-01,30230525,대덕구,회덕동,교육 서비스업,4
2024-03-01,30230525,대덕구,회덕동,보건의료업,1
2024-03-01,30230525,대덕구,회덕동,부동산업,15
2024-03-01,30230525,대덕구,회덕동,"사업시설 관리, 사업 지원 및 임대 서비스업",23
2024-03-01,30230525,대덕구,회덕동,소매업,136
2024-03-01,30230525,대덕구,회덕동,수리 및 개인 서비스업,101
2024-03-01,30230525,대덕구,회덕동,숙박업,2
2024-03-01,30230525,대덕구,회덕동,"예술, 스포츠 및 여가관련 서비스업",18
2024-03-01,30230525,대덕구,회덕동,음식점업,145
2024-03-01,30230525,대덕구,회덕동,"전문, 과학 및 기술 서비스업",21
2024-03-01,30230533,대덕구,비래동,교육 서비스업,16
2024-03-01,30230533,대덕구,비래동,보건의료업,4
2024-03-01,30230533,대덕구,비래동,부동산업,25
2024-03-01,30230533,대덕구,비래동,"사업시설 관리, 사업 지원 및 임대 서비스업",24
2024-03-01,30230533,대덕구,비래동,소매업,150
2024-03-01,30230533,대덕구,비래동,수리 및 개인 서비스업,102
2024-03-01,30230533,대덕구,비래동,숙박업,0
2024-03-01,30230533,대덕구,비래동,"예술, 스포츠 및 여가관련 서비스업",46
2024-03-01,30230533,대덕구,비래동,음식점업,197
2024-03-01,30230533,대덕구,비래동,"전문, 과학 및 기술 서비스업",27
2024-03-01,30230543,대덕구,송촌동,교육 서비스업,74
2024-03-01,30230543,대덕구,송촌동,보건의료업,5
2024-03-01,30230543,대덕구,송촌동,부동산업,14
2024-03-01,30230543,대덕구,송촌동,"사업시설 관리, 사업 지원 및 임대 서비스업",23
2024-03-01,30230543,대덕구,송촌동,소매업,236
2024-03-01,30230543,대덕구,송촌동,수리 및 개인 서비스업,152
2024-03-01,30230543,대덕구,송촌동,숙박업,1
2024-03-01,30230543,대덕구,송촌동,"예술, 스포츠 및 여가관련 서비스업",95
2024-03-01,30230543,대덕구,송촌동,음식점업,421
2024-03-01,30230543,대덕구,송촌동,"전문, 과학 및 기술 서비스업",59
2024-03-01,30230546,대덕구,중리동,교육 서비스업,37
2024-03-01,30230546,대덕구,중리동,보건의료업,9
2024-03-01,30230546,대덕구,중리동,부동산업,34
2024-03-01,30230546,대덕구,중리동,"사업시설 관리, 사업 지원 및 임대 서비스업",47
2024-03-01,30230546,대덕구,중리동,소매업,486
2024-03-01,30230546,대덕구,중리동,수리 및 개인 서비스업,261
2024-03-01,30230546,대덕구,중리동,숙박업,34
2024-03-01,30230546,대덕구,중리동,"예술, 스포츠 및 여가관련 서비스업",98
2024-03-01,30230546,대덕구,중리동,음식점업,543
2024-03-01,30230546,대덕구,중리동,"전문, 과학 및 기술 서비스업",85
2024-03-01,30230550,대덕구,신탄진동,교육 서비스업,15
2024-03-01,30230550,대덕구,신탄진동,보건의료업,8
2024-03-01,30230550,대덕구,신탄진동,부동산업,21
2024-03-01,30230550,대덕구,신탄진동,"사업시설 관리, 사업 지원 및 임대 서비스업",16
2024-03-01,30230550,대덕구,신탄진동,소매업,186
2024-03-01,30230550,대덕구,신탄진동,수리 및 개인 서비스업,100
2024-03-01,30230550,대덕구,신탄진동,숙박업,35
2024-03-01,30230550,대덕구,신탄진동,"예술, 스포츠 및 여가관련 서비스업",43
2024-03-01,30230550,대덕구,신탄진동,음식점업,361
2024-03-01,30230550,대덕구,신탄진동,"전문, 과학 및 기술 서비스업",23
2024-03-01,30230560,대덕구,석봉동,교육 서비스업,15
2024-03-01,30230560,대덕구,석봉동,보건의료업,6
2024-03-01,30230560,대덕구,석봉동,부동산업,13
2024-03-01,30230560,대덕구,석봉동,"사업시설 관리, 사업 지원 및 임대 서비스업",11
2024-03-01,30230560,대덕구,석봉동,소매업,164
2024-03-01,30230560,대덕구,석봉동,수리 및 개인 서비스업,86
2024-03-01,30230560,대덕구,석봉동,숙박업,0
2024-03-01,30230560,대덕구,석봉동,"예술, 스포츠 및 여가관련 서비스업",32
2024-03-01,30230560,대덕구,석봉동,음식점업,213
2024-03-01,30230560,대덕구,석봉동,"전문, 과학 및 기술 서비스업",14
2024-03-01,30230570,대덕구,덕암동,교육 서비스업,10
2024-03-01,30230570,대덕구,덕암동,보건의료업,1
2024-03-01,30230570,대덕구,덕암동,부동산업,15
2024-03-01,30230570,대덕구,덕암동,"사업시설 관리, 사업 지원 및 임대 서비스업",26
2024-03-01,30230570,대덕구,덕암동,소매업,166
2024-03-01,30230570,대덕구,덕암동,수리 및 개인 서비스업,108
2024-03-01,30230570,대덕구,덕암동,숙박업,4
2024-03-01,30230570,대덕구,덕암동,"예술, 스포츠 및 여가관련 서비스업",24
2024-03-01,30230570,대덕구,덕암동,음식점업,163
2024-03-01,30230570,대덕구,덕암동,"전문, 과학 및 기술 서비스업",31
2024-03-01,30230580,대덕구,목상동,교육 서비스업,4
2024-03-01,30230580,대덕구,목상동,보건의료업,1
2024-03-01,30230580,대덕구,목상동,부동산업,6
2024-03-01,30230580,대덕구,목상동,"사업시설 관리, 사업 지원 및 임대 서비스업",22
2024-03-01,30230580,대덕구,목상동,소매업,89
2024-03-01,30230580,대덕구,목상동,수리 및 개인 서비스업,55
2024-03-01,30230580,대덕구,목상동,숙박업,0
2024-03-01,30230580,대덕구,목상동,"예술, 스포츠 및 여가관련 서비스업",23
2024-03-01,30230580,대덕구,목상동,음식점업,141
2024-03-01,30230580,대덕구,목상동,"전문, 과학 및 기술 서비스업",19
2024-03-01,30230600,대덕구,법1동,교육 서비스업,9
2024-03-01,30230600,대덕구,법1동,보건의료업,8
2024-03-01,30230600,대덕구,법1동,부동산업,4
2024-03-01,30230600,대덕구,법1동,"사업시설 관리, 사업 지원 및 임대 서비스업",4
2024-03-01,30230600,대덕구,법1동,소매업,34
2024-03-01,30230600,대덕구,법1동,수리 및 개인 서비스업,21
2024-03-01,30230600,대덕구,법1동,숙박업,1
2024-03-01,30230600,대덕구,법1동,"예술, 스포츠 및 여가관련 서비스업",11
2024-03-01,30230600,대덕구,법1동,음식점업,39
2024-03-01,30230600,대덕구,법1동,"전문, 과학 및 기술 서비스업",10
2024-03-01,30230610,대덕구,법2동,교육 서비스업,13
2024-03-01,30230610,대덕구,법2동,보건의료업,1
2024-03-01,30230610,대덕구,법2동,부동산업,3
2024-03-01,30230610,대덕구,법2동,"사업시설 관리, 사업 지원 및 임대 서비스업",6
2024-03-01,30230610,대덕구,법2동,소매업,82
2024-03-01,30230610,대덕구,법2동,수리 및 개인 서비스업,43
2024-03-01,30230610,대덕구,법2동,숙박업,0
2024-03-01,30230610,대덕구,법2동,"예술, 스포츠 및 여가관련 서비스업",21
2024-03-01,30230610,대덕구,법2동,음식점업,101
2024-03-01,30230610,대덕구,법2동,"전문, 과학 및 기술 서비스업",12
2024-06-01,30110515,동구,중앙동,교육 서비스업,23
2024-06-01,30110515,동구,중앙동,보건의료업,14
2024-06-01,30110515,동구,중앙동,부동산업,26
2024-06-01,30110515,동구,중앙동,"사업시설 관리, 사업 지원 및 임대 서비스업",45
2024-06-01,30110515,동구,중앙동,소매업,894
2024-06-01,30110515,동구,중앙동,수리 및 개인 서비스업,102
2024-06-01,30110515,동구,중앙동,숙박업,64
2024-06-01,30110515,동구,중앙동,"예술, 스포츠 및 여가관련 서비스업",29
2024-06-01,30110515,동구,중앙동,음식점업,387
2024-06-01,30110515,동구,중앙동,"전문, 과학 및 기술 서비스업",174
2024-06-01,30110530,동구,효동,교육 서비스업,67
2024-06-01,30110530,동구,효동,보건의료업,12
2024-06-01,30110530,동구,효동,부동산업,35
2024-06-01,30110530,동구,효동,"사업시설 관리, 사업 지원 및 임대 서비스업",10
2024-06-01,30110530,동구,효동,소매업,282
2024-06-01,30110530,동구,효동,수리 및 개인 서비스업,137
2024-06-01,30110530,동구,효동,숙박업,1
2024-06-01,30110530,동구,효동,"예술, 스포츠 및 여가관련 서비스업",69
2024-06-01,30110530,동구,효동,음식점업,360
2024-06-01,30110530,동구,효동,"전문, 과학 및 기술 서비스업",36
2024-06-01,30110545,동구,신인동,교육 서비스업,17
2024-06-01,30110545,동구,신인동,보건의료업,2
2024-06-01,30110545,동구,신인동,부동산업,18
2024-06-01,30110545,동구,신인동,"사업시설 관리, 사업 지원 및 임대 서비스업",8
2024-06-01,30110545,동구,신인동,소매업,77
2024-06-01,30110545,동구,신인동,수리 및 개인 서비스업,59
2024-06-01,30110545,동구,신인동,숙박업,2
2024-06-01,30110545,동구,신인동,"예술, 스포츠 및 여가관련 서비스업",17
2024-06-01,30110545,동구,신인동,음식점업,111
2024-06-01,30110545,동구,신인동,"전문, 과학 및 기술 서비스업",18
2024-06-01,30110551,동구,판암1동,교육 서비스업,7
2024-06-01,30110551,동구,판암1동,보건의료업,9
2024-06-01,30110551,동구,판암1동,부동산업,16
2024-06-01,30110551,동구,판암1동,"사업시설 관리, 사업 지원 및 임대 서비스업",11
2024-06-01,30110551,동구,판암1동,소매업,76
2024-06-01,30110551,동구,판암1동,수리 및 개인 서비스업,50
2024-06-01,30110551,동구,판암1동,숙박업,0
2024-06-01,30110551,동구,판암1동,"예술, 스포츠 및 여가관련 서비스업",16
2024-06-01,30110551,동구,판암1동,음식점업,91
2024-06-01,30110551,동구,판암1동,"전문, 과학 및 기술 서비스업",12
2024-06-01,30110552,동구,판암2동,교육 서비스업,1
2024-06-01,30110552,동구,판암2동,보건의료업,1
2024-06-01,30110552,동구,판암2동,부동산업,1
2024-06-01,30110552,동구,판암2동,"사업시설 관리, 사업 지원 및 임대 서비스업",4
2024-06-01,30110552,동구,판암2동,소매업,46
2024-06-01,30110552,동구,판암2동,수리 및 개인 서비스업,16
2024-06-01,30110552,동구,판암2동,숙박업,0
2024-06-01,30110552,동구,판암2동,"예술, 스포츠 및 여가관련 서비스업",8
2024-06-01,30110552,동구,판암2동,음식점업,48
2024-06-01,30110552,동구,판암2동,"전문, 과학 및 기술 서비스업",6
2024-06-01,30110560,동구,용운동,교육 서비스업,26
2024-06-01,30110560,동구,용운동,보건의료업,5
2024-06-01,30110560,동구,용운동,부동산업,28
2024-06-01,30110560,동구,용운동,"사업시설 관리, 사업 지원 및 임대 서비스업",28
2024-06-01,30110560,동구,용운동,소매업,189
2024-06-01,30110560,동구,용운동,수리 및 개인 서비스업,134
2024-06-01,30110560,동구,용운동,숙박업,4
2024-06-01,30110560,동구,용운동,"예술, 스포츠 및 여가관련 서비스업",52
2024-06-01,30110560,동구,용운동,음식점업,301
2024-06-01,30110560,동구,용운동,"전문, 과학 및 기술 서비스업",33
2024-06-01,30110585,동구,대동,교육 서비스업,15
2024-06-01,30110585,동구,대동,보건의료업,8
2024-06-01,30110585,동구,대동,부동산업,23
2024-06-01,30110585,동구,대동,"사업시설 관리, 사업 지원 및 임대 서비스업",23
2024-06-01,30110585,동구,대동,소매업,128
2024-06-01,30110585,동구,대동,수리 및 개인 서비스업,66
2024-06-01,30110585,동구,대동,숙박업,1
2024-06-01,30110585,동구,대동,"예술, 스포츠 및 여가관련 서비스업",22
2024-06-01,30110585,동구,대동,음식점업,181
2024-06-01,30110585,동구,대동,"전문, 과학 및 기술 서비스업",25
2024-06-01,30110590,동구,자양동,교육 서비스업,20
2024-06-01,30110590,동구,자양동,보건의료업,0
2024-06-01,30110590,동구,자양동,부동산업,38
2024-06-01,30110590,동구,자양동,"사업시설 관리, 사업 지원 및 임대 서비스업",26
2024-06-01,30110590,동구,자양동,소매업,115
2024-06-01,30110590,동구,자양동,수리 및 개인 서비스업,99
2024-06-01,30110590,동구,자양동,숙박업,1
2024-06-01,30110590,동구,자양동,"예술, 스포츠 및 여가관련 서비스업",42
2024-06-01,30110590,동구,자양동,음식점업,292
2024-06-01,30110590,동구,자양동,"전문, 과학 및 기술 서비스업",31
2024-06-01,30110620,동구,가양1동,교육 서비스업,15
2024-06-01,30110620,동구,가양1동,보건의료업,0
2024-06-01,30110620,동구,가양1동,부동산업,26
2024-06-01,30110620,동구,가양1동,"사업시설 관리, 사업 지원 및 임대 서비스업",31
2024-06-01,30110620,동구,가양1동,소매업,138
2024-06-01,30110620,동구,가양1동,수리 및 개인 서비스업,95
2024-06-01,30110620,동구,가양1동,숙박업,4
2024-06-01,30110620,동구,가양1동,"예술, 스포츠 및 여가관련 서비스업",17
2024-06-01,30110620,동구,가양1동,음식점업,199
2024-06-01,30110620,동구,가양1동,"전문, 과학 및 기술 서비스업",44
2024-06-01,30110630,동구,가양2동,교육 서비스업,24
2024-06-01,30110630,동구,가양2동,보건의료업,4
2024-06-01,30110630,동구,가양2동,부동산업,29
2024-06-01,30110630,동구,가양2동,"사업시설 관리, 사업 지원 및 임대 서비스업",25
2024-06-01,30110630,동구,가양2동,소매업,221
2024-06-01,30110630,동구,가양2동,수리 및 개인 서비스업,152
2024-06-01,30110630,동구,가양2동,숙박업,5
2024-06-01,30110630,동구,가양2동,"예술, 스포츠 및 여가관련 서비스업",34
2024-06-01,30110630,동구,가양2동,음식점업,268
2024-06-01,30110630,동구,가양2동,"전문, 과학 및 기술 서비스업",44
2024-06-01,30110640,동구,용전동,교육 서비스업,20
2024-06-01,30110640,동구,용전동,보건의료업,13
2024-06-01,30110640,동구,용전동,부동산업,57
2024-06-01,30110640,동구,용전동,"사업시설 관리, 사업 지원 및 임대 서비스업",40
2024-06-01,30110640,동구,용전동,소매업,328
2024-06-01,30110640,동구,용전동,수리 및 개인 서비스업,178
2024-06-01,30110640,동구,용전동,숙박업,71
2024-06-01,30110640,동구,용전동,"예술, 스포츠 및 여가관련 서비스업",56
2024-06-01,30110640,동구,용전동,음식점업,361
2024-06-01,30110640,동구,용전동,"전문, 과학 및 기술 서비스업",80
2024-06-01,30110665,동구,성남동,교육 서비스업,13
2024-06-01,30110665,동구,성남동,보건의료업,6
2024-06-01,30110665,동구,성남동,부동산업,13
2024-06-01,30110665,동구,성남동,"사업시설 관리, 사업 지원 및 임대 서비스업",17
2024-06-01,30110665,동구,성남동,소매업,126
2024-06-01,30110665,동구,성남동,수리 및 개인 서비스업,71
2024-06-01,30110665,동구,성남동,숙박업,3
2024-06-01,30110665,동구,성남동,"예술, 스포츠 및 여가관련 서비스업",23
2024-06-01,30110665,동구,성남동,음식점업,152
2024-06-01,30110665,동구,성남동,"전문, 과학 및 기술 서비스업",26
2024-06-01,30110670,동구,홍도동,교육 서비스업,11
2024-06-01,30110670,동구,홍도동,보건의료업,3
2024-06-01,30110670,동구,홍도동,부동산업,19
2024-06-01,30110670,동구,홍도동,"사업시설 관리, 사업 지원 및 임대 서비스업",19
2024-06-01,30110670,동구,홍도동,소매업,105
2024-06-01,30110670,동구,홍도동,수리 및 개인 서비스업,58
2024-06-01,30110670,동구,홍도동,숙박업,0
2024-06-01,30110670,동구,홍도동,"예술, 스포츠 및 여가관련 서비스업",32
2024-06-01,30110670,동구,홍도동,음식점업,178
2024-06-01,30110670,동구,홍도동,"전문, 과학 및 기술 서비스업",33
2024-06-01,30110695,동구,삼성동,교육 서비스업,12
2024-06-01,30110695,동구,삼성동,보건의료업,2
2024-06-01,30110695,동구,삼성동,부동산업,15
2024-06-01,30110695,동구,삼성동,"사업시설 관리, 사업 지원 및 임대 서비스업",50
2024-06-01,30110695,동구,삼성동,소매업,168
2024-06-01,30110695,동구,삼성동,수리 및 개인 서비스업,83
2024-06-01,30110695,동구,삼성동,숙박업,2
2024-06-01,30110695,동구,삼성동,"예술, 스포츠 및 여가관련 서비스업",20
2024-06-01,30110695,동구,삼성동,음식점업,117
2024-06-01,30110695,동구,삼성동,"전문, 과학 및 기술 서비스업",214
2024-06-01,30110725,동구,대청동,교육 서비스업,5
2024-06-01,30110725,동구,대청동,보건의료업,1
2024-06-01,30110725,동구,대청동,부동산업,1
2024-06-01,30110725,동구,대청동,"사업시설 관리, 사업 지원 및 임대 서비스업",2
2024-06-01,30110725,동구,대청동,소매업,25
2024-06-01,30110725,동구,대청동,수리 및 개인 서비스업,1
2024-06-01,30110725,동구,대청동,숙박업,2
2024-06-01,30110725,동구,대청동,"예술, 스포츠 및 여가관련 서비스업",2
2024-06-01,30110725,동구,대청동,음식점업,76
2024-06-01,30110725,동구,대청동,"전문, 과학 및 기술 서비스업",3
2024-06-01,30110740,동구,산내동,교육 서비스업,20
2024-06-01,30110740,동구,산내동,보건의료업,3
2024-06-01,30110740,동구,산내동,부동산업,16
2024-06-01,30110740,동구,산내동,"사업시설 관리, 사업 지원 및 임대 서비스업",28
2024-06-01,30110740,동구,산내동,소매업,156
2024-06-01,30110740,동구,산내동,수리 및 개인 서비스업,80
2024-06-01,30110740,동구,산내동,숙박업,8
2024-06-01,30110740,동구,산내동,"예술, 스포츠 및 여가관련 서비스업",19
2024-06-01,30110740,동구,산내동,음식점업,180
2024-06-01,30110740,동구,산내동,"전문, 과학 및 기술 서비스업",36
2024-06-01,30140535,중구,은행선화동,교육 서비스업,65
2024-06-01,30140535,중구,은행선화동,보건의료업,14
2024-06-01,30140535,중구,은행선화동,부동산업,61
2024-06-01,30140535,중구,은행선화동,"사업시설 관리, 사업 지원 및 임대 서비스업",101
2024-06-01,30140535,중구,은행선화동,소매업,676
2024-06-01,30140535,중구,은행선화동,수리 및 개인 서비스업,194
2024-06-01,30140535,중구,은행선화동,숙박업,22
2024-06-01,30140535,중구,은행선화동,"예술, 스포츠 및 여가관련 서비스업",81
2024-06-01,30140535,중구,은행선화동,음식점업,505
2024-06-01,30140535,중구,은행선화동,"전문, 과학 및 기술 서비스업",198
2024-06-01,30140550,중구,목동,교육 서비스업,49
2024-06-01,30140550,중구,목동,보건의료업,5
2024-06-01,30140550,중구,목동,부동산업,12
2024-06-01,30140550,중구,목동,"사업시설 관리, 사업 지원 및 임대 서비스업",4
2024-06-01,30140550,중구,목동,소매업,75
2024-06-01,30140550,중구,목동,수리 및 개인 서비스업,51
2024-06-01,30140550,중구,목동,숙박업,0
2024-06-01,30140550,중구,목동,"예술, 스포츠 및 여가관련 서비스업",20
2024-06-01,30140550,중구,목동,음식점업,117
2024-06-01,30140550,중구,목동,"전문, 과학 및 기술 서비스업",20
2024-06-01,30140560,중구,중촌동,교육 서비스업,20
2024-06-01,30140560,중구,중촌동,보건의료업,2
2024-06-01,30140560,중구,중촌동,부동산업,16
2024-06-01,30140560,중구,중촌동,"사업시설 관리, 사업 지원 및 임대 서비스업",31
2024-06-01,30140560,중구,중촌동,소매업,151
2024-06-01,30140560,중구,중촌동,수리 및 개인 서비스업,101
2024-06-01,30140560,중구,중촌동,숙박업,1
2024-06-01,30140560,중구,중촌동,"예술, 스포츠 및 여가관련 서비스업",28
2024-06-01,30140560,중구,중촌동,음식점업,178
2024-06-01,30140560,중구,중촌동,"전문, 과학 및 기술 서비스업",51
2024-06-01,30140575,중구,대흥동,교육 서비스업,50
2024-06-01,30140575,중구,대흥동,보건의료업,7
2024-06-01,30140575,중구,대흥동,부동산업,19
2024-06-01,30140575,중구,대흥동,"사업시설 관리, 사업 지원 및 임대 서비스업",42
2024-06-01,30140575,중구,대흥동,소매업,456
2024-06-01,30140575,중구,대흥동,수리 및 개인 서비스업,119
2024-06-01,30140575,중구,대흥동,숙박업,45
2024-06-01,30140575,중구,대흥동,"예술, 스포츠 및 여가관련 서비스업",52
2024-06-01,30140575,중구,대흥동,음식점업,604
2024-06-01,30140575,중구,대흥동,"전문, 과학 및 기술 서비스업",119
2024-06-01,30140605,중구,문창동,교육 서비스업,5
2024-06-01,30140605,중구,문창동,보건의료업,2
2024-06-01,30140605,중구,문창동,부동산업,7
2024-06-01,30140605,중구,문창동,"사업시설 관리, 사업 지원 및 임대 서비스업",19
2024-06-01,30140605,중구,문창동,소매업,167
2024-06-01,30140605,중구,문창동,수리 및 개인 서비스업,72
2024-06-01,30140605,중구,문창동,숙박업,22
2024-06-01,30140605,중구,문창동,"예술, 스포츠 및 여가관련 서비스업",20
2024-06-01,30140605,중구,문창동,음식점업,146
2024-06-01,30140605,중구,문창동,"전문, 과학 및 기술 서비스업",21
2024-06-01,30140620,중구,석교동,교육 서비스업,9
2024-06-01,30140620,중구,석교동,보건의료업,3
2024-06-01,30140620,중구,석교동,부동산업,17
2024-06-01,30140620,중구,석교동,"사업시설 관리, 사업 지원 및 임대 서비스업",32
2024-06-01,30140620,중구,석교동,소매업,157
2024-06-01,30140620,중구,석교동,수리 및 개인 서비스업,102
2024-06-01,30140620,중구,석교동,숙박업,0
2024-06-01,30140620,중구,석교동,"예술, 스포츠 및 여가관련 서비스업",23
2024-06-01,30140620,중구,석교동,음식점업,121
2024-06-01,30140620,중구,석교동,"전문, 과학 및 기술 서비스업",36
2024-06-01,30140630,중구,대사동,교육 서비스업,10
2024-06-01,30140630,중구,대사동,보건의료업,12
2024-06-01,30140630,중구,대사동,부동산업,11
2024-06-01,30140630,중구,대사동,"사업시설 관리, 사업 지원 및 임대 서비스업",15
2024-06-01,30140630,중구,대사동,소매업,124
2024-06-01,30140630,중구,대사동,수리 및 개인 서비스업,58
2024-06-01,30140630,중구,대사동,숙박업,8
2024-06-01,30140630,중구,대사동,"예술, 스포츠 및 여가관련 서비스업",14
2024-06-01,30140630,중구,대사동,음식점업,155
2024-06-01,30140630,중구,대사동,"전문, 과학 및 기술 서비스업",21
2024-06-01,30140640,중구,부사동,교육 서비스업,7
2024-06-01,30140640,중구,부사동,보건의료업,3
2024-06-01,30140640,중구,부사동,부동산업,12
2024-06-01,30140640,중구,부사동,"사업시설 관리, 사업 지원 및 임대 서비스업",11
2024-06-01,30140640,중구,부사동,소매업,144
2024-06-01,30140640,중구,부사동,수리 및 개인 서비스업,49
2024-06-01,30140640,중구,부사동,숙박업,3
2024-06-01,30140640,중구,부사동,"예술, 스포츠 및 여가관련 서비스업",22
2024-06-01,30140640,중구,부사동,음식점업,146
2024-06-01,30140640,중구,부사동,"전문, 과학 및 기술 서비스업",23
2024-06-01,30140655,중구,용두동,교육 서비스업,19
2024-06-01,30140655,중구,용두동,보건의료업,4
2024-06-01,30140655,중구,용두동,부동산업,24
2024-06-01,30140655,중구,용두동,"사업시설 관리, 사업 지원 및 임대 서비스업",25
2024-06-01,30140655,중구,용두동,소매업,161
2024-06-01,30140655,중구,용두동,수리 및 개인 서비스업,89
2024-06-01,30140655,중구,용두동,숙박업,4
2024-06-01,30140655,중구,용두동,"예술, 스포츠 및 여가관련 서비스업",12
2024-06-01,30140655,중구,용두동,음식점업,123
2024-06-01,30140655,중구,용두동,"전문, 과학 및 기술 서비스업",33
2024-06-01,30140670,중구,오류동,교육 서비스업,26
2024-06-01,30140670,중구,오류동,보건의료업,14
2024-06-01,30140670,중구,오류동,부동산업,22
2024-06-01,30140670,중구,오류동,"사업시설 관리, 사업 지원 및 임대 서비스업",35
2024-06-01,30140670,중구,오류동,소매업,164
2024-06-01,30140670,중구,오류동,수리 및 개인 서비스업,70
2024-06-01,30140670,중구,오류동,숙박업,7
2024-06-01,30140670,중구,오류동,"예술, 스포츠 및 여가관련 서비스업",45
2024-06-01,30140670,중구,오류동,음식점업,339
2024-06-01,30140670,중구,오류동,"전문, 과학 및 기술 서비스업",64
2024-06-01,30140680,중구,태평1동,교육 서비스업,19
2024-06-01,30140680,중구,태평1동,보건의료업,3
2024-06-01,30140680,중구,태평1동,부동산업,12
2024-06-01,30140680,중구,태평1동,"사업시설 관리, 사업 지원 및 임대 서비스업",11
2024-06-01,30140680,중구,태평1동,소매업,156
2024-06-01,30140680,중구,태평1동,수리 및 개인 서비스업,81
2024-06-01,30140680,중구,태평1동,숙박업,1
2024-06-01,30140680,중구,태평1동,"예술, 스포츠 및 여가관련 서비스업",25
2024-06-01,30140680,중구,태평1동,음식점업,167
2024-06-01,30140680,중구,태평1동,"전문, 과학 및 기술 서비스업",18
2024-06-01,30140690,중구,태평2동,교육 서비스업,15
2024-06-01,30140690,중구,태평2동,보건의료업,2
2024-06-01,30140690,중구,태평2동,부동산업,16
2024-06-01,30140690,중구,태평2동,"사업시설 관리, 사업 지원 및 임대 서비스업",13
2024-06-01,30140690,중구,태평2동,소매업,139
2024-06-01,30140690,중구,태평2동,수리 및 개인 서비스업,59
2024-06-01,30140690,중구,태평2동,숙박업,2
2024-06-01,30140690,중구,태평2동,"예술, 스포츠 및 여가관련 서비스업",13
2024-06-01,30140690,중구,태평2동,음식점업,107
2024-06-01,30140690,중구,태평2동,"전문, 과학 및 기술 서비스업",20
2024-06-01,30140700,중구,유천1동,교육 서비스업,36
2024-06-01,30140700,중구,유천1동,보건의료업,7
2024-06-01,30140700,중구,유천1동,부동산업,9
2024-06-01,30140700,중구,유천1동,"사업시설 관리, 사업 지원 및 임대 서비스업",15
2024-06-01,30140700,중구,유천1동,소매업,146
2024-06-01,30140700,중구,유천1동,수리 및 개인 서비스업,74
2024-06-01,30140700,중구,유천1동,숙박업,25
2024-06-01,30140700,중구,유천1동,"예술, 스포츠 및 여가관련 서비스업",44
2024-06-01,30140700,중구,유천1동,음식점업,260
2024-06-01,30140700,중구,유천1동,"전문, 과학 및 기술 서비스업",32
2024-06-01,30140710,중구,유천2동,교육 서비스업,23
2024-06-01,30140710,중구,유천2동,보건의료업,12
2024-06-01,30140710,중구,유천2동,부동산업,24
2024-06-01,30140710,중구,유천2동,"사업시설 관리, 사업 지원 및 임대 서비스업",32
2024-06-01,30140710,중구,유천2동,소매업,162
2024-06-01,30140710,중구,유천2동,수리 및 개인 서비스업,120
2024-06-01,30140710,중구,유천2동,숙박업,2
2024-06-01,30140710,중구,유천2동,"예술, 스포츠 및 여가관련 서비스업",30
2024-06-01,30140710,중구,유천2동,음식점업,205
2024-06-01,30140710,중구,유천2동,"전문, 과학 및 기술 서비스업",34
2024-06-01,30140720,중구,문화1동,교육 서비스업,28
2024-06-01,30140720,중구,문화1동,보건의료업,10
2024-06-01,30140720,중구,문화1동,부동산업,8
2024-06-01,30140720,중구,문화1동,"사업시설 관리, 사업 지원 및 임대 서비스업",24
2024-06-01,30140720,중구,문화1동,소매업,191
2024-06-01,30140720,중구,문화1동,수리 및 개인 서비스업,78
2024-06-01,30140720,중구,문화1동,숙박업,6
2024-06-01,30140720,중구,문화1동,"예술, 스포츠 및 여가관련 서비스업",26
2024-06-01,30140720,중구,문화1동,음식점업,187
2024-06-01,30140720,중구,문화1동,"전문, 과학 및 기술 서비스업",23
2024-06-01,30140730,중구,문화2동,교육 서비스업,15
2024-06-01,30140730,중구,문화2동,보건의료업,2
2024-06-01,30140730,중구,문화2동,부동산업,12
2024-06-01,30140730,중구,문화2동,"사업시설 관리, 사업 지원 및 임대 서비스업",5
2024-06-01,30140730,중구,문화2동,소매업,93
2024-06-01,30140730,중구,문화2동,수리 및 개인 서비스업,77
2024-06-01,30140730,중구,문화2동,숙박업,2
2024-06-01,30140730,중구,문화2동,"예술, 스포츠 및 여가관련 서비스업",13
2024-06-01,30140730,중구,문화2동,음식점업,114
2024-06-01,30140730,중구,문화2동,"전문, 과학 및 기술 서비스업",20
2024-06-01,30140740,중구,산성동,교육 서비스업,17
2024-06-01,30140740,중구,산성동,보건의료업,2
2024-06-01,30140740,중구,산성동,부동산업,37
2024-06-01,30140740,중구,산성동,"사업시설 관리, 사업 지원 및 임대 서비스업",78
2024-06-01,30140740,중구,산성동,소매업,371
2024-06-01,30140740,중구,산성동,수리 및 개인 서비스업,211
2024-06-01,30140740,중구,산성동,숙박업,10
2024-06-01,30140740,중구,산성동,"예술, 스포츠 및 여가관련 서비스업",53
2024-06-01,30140740,중구,산성동,음식점업,308
2024-06-01,30140740,중구,산성동,"전문, 과학 및 기술 서비스업",83
2024-06-01,30170510,서구,복수동,교육 서비스업,37
2024-06-01,30170510,서구,복수동,보건의료업,1
2024-06-01,30170510,서구,복수동,부동산업,16
2024-06-01,30170510,서구,복수동,"사업시설 관리, 사업 지원 및 임대 서비스업",21
2024-06-01,30170510,서구,복수동,소매업,99
2024-06-01,30170510,서구,복수동,수리 및 개인 서비스업,87
2024-06-01,30170510,서구,복수동,숙박업,0
2024-06-01,30170510,서구,복수동,"예술, 스포츠 및 여가관련 서비스업",38
2024-06-01,30170510,서구,복수동,음식점업,204
2024-06-01,30170510,서구,복수동,"전문, 과학 및 기술 서비스업",26
2024-06-01,30170520,서구,도마1동,교육 서비스업,32
2024-06-01,30170520,서구,도마1동,보건의료업,7
2024-06-01,30170520,서구,도마1동,부동산업,47
2024-06-01,30170520,서구,도마1동,"사업시설 관리, 사업 지원 및 임대 서비스업",39
2024-06-01,30170520,서구,도마1동,소매업,387
2024-06-01,30170520,서구,도마1동,수리 및 개인 서비스업,139
2024-06-01,30170520,서구,도마1동,숙박업,4
2024-06-01,30170520,서구,도마1동,"예술, 스포츠 및 여가관련 서비스업",41
2024-06-01,30170520,서구,도마1동,음식점업,345
2024-06-01,30170520,서구,도마1동,"전문, 과학 및 기술 서비스업",49
2024-06-01,30170530,서구,도마2동,교육 서비스업,15
2024-06-01,30170530,서구,도마2동,보건의료업,11
2024-06-01,30170530,서구,도마2동,부동산업,48
2024-06-01,30170530,서구,도마2동,"사업시설 관리, 사업 지원 및 임대 서비스업",26
2024-06-01,30170530,서구,도마2동,소매업,179
2024-06-01,30170530,서구,도마2동,수리 및 개인 서비스업,106
2024-06-01,30170530,서구,도마2동,숙박업,2
2024-06-01,30170530,서구,도마2동,"예술, 스포츠 및 여가관련 서비스업",24
2024-06-01,30170530,서구,도마2동,음식점업,198
2024-06-01,30170530,서구,도마2동,"전문, 과학 및 기술 서비스업",41
2024-06-01,30170535,서구,정림동,교육 서비스업,23
2024-06-01,30170535,서구,정림동,보건의료업,6
2024-06-01,30170535,서구,정림동,부동산업,9
2024-06-01,30170535,서구,정림동,"사업시설 관리, 사업 지원 및 임대 서비스업",10
2024-06-01,30170535,서구,정림동,소매업,154
2024-06-01,30170535,서구,정림동,수리 및 개인 서비스업,81
2024-06-01,30170535,서구,정림동,숙박업,0
2024-06-01,30170535,서구,정림동,"예술, 스포츠 및 여가관련 서비스업",31
2024-06-01,30170535,서구,정림동,음식점업,160
2024-06-01,30170535,서구,정림동,"전문, 과학 및 기술 서비스업",35
2024-06-01,30170540,서구,변동,교육 서비스업,19
2024-06-01,30170540,서구,변동,보건의료업,1
2024-06-01,30170540,서구,변동,부동산업,35
2024-06-01,30170540,서구,변동,"사업시설 관리, 사업 지원 및 임대 서비스업",59
2024-06-01,30170540,서구,변동,소매업,174
2024-06-01,30170540,서구,변동,수리 및 개인 서비스업,115
2024-06-01,30170540,서구,변동,숙박업,3
2024-06-01,30170540,서구,변동,"예술, 스포츠 및 여가관련 서비스업",18
2024-06-01,30170540,서구,변동,음식점업,144
2024-06-01,30170540,서구,변동,"전문, 과학 및 기술 서비스업",89
2024-06-01,30170550,서구,용문동,교육 서비스업,21
2024-06-01,30170550,서구,용문동,보건의료업,2
2024-06-01,30170550,서구,용문동,부동산업,43
2024-06-01,30170550,서구,용문동,"사업시설 관리, 사업 지원 및 임대 서비스업",35
2024-06-01,30170550,서구,용문동,소매업,160
2024-06-01,30170550,서구,용문동,수리 및 개인 서비스업,133
2024-06-01,30170550,서구,용문동,숙박업,13
2024-06-01,30170550,서구,용문동,"예술, 스포츠 및 여가관련 서비스업",26
2024-06-01,30170550,서구,용문동,음식점업,161
2024-06-01,30170550,서구,용문동,"전문, 과학 및 기술 서비스업",48
2024-06-01,30170555,서구,탄방동,교육 서비스업,150
2024-06-01,30170555,서구,탄방동,보건의료업,51
2024-06-01,30170555,서구,탄방동,부동산업,87
2024-06-01,30170555,서구,탄방동,"사업시설 관리, 사업 지원 및 임대 서비스업",113
2024-06-01,30170555,서구,탄방동,소매업,698
2024-06-01,30170555,서구,탄방동,수리 및 개인 서비스업,416
2024-06-01,30170555,서구,탄방동,숙박업,6
2024-06-01,30170555,서구,탄방동,"예술, 스포츠 및 여가관련 서비스업",112
2024-06-01,30170555,서구,탄방동,음식점업,645
2024-06-01,30170555,서구,탄방동,"전문, 과학 및 기술 서비스업",231
2024-06-01,30170560,서구,괴정동,교육 서비스업,52
2024-06-01,30170560,서구,괴정동,보건의료업,11
2024-06-01,30170560,서구,괴정동,부동산업,74
2024-06-01,30170560,서구,괴정동,"사업시설 관리, 사업 지원 및 임대 서비스업",68
2024-06-01,30170560,서구,괴정동,소매업,536
2024-06-01,30170560,서구,괴정동,수리 및 개인 서비스업,276
2024-06-01,30170560,서구,괴정동,숙박업,8
2024-06-01,30170560,서구,괴정동,"예술, 스포츠 및 여가관련 서비스업",76
2024-06-01,30170560,서구,괴정동,음식점업,545
2024-06-01,30170560,서구,괴정동,"전문, 과학 및 기술 서비스업",123
2024-06-01,30170570,서구,가장동,교육 서비스업,15
2024-06-01,30170570,서구,가장동,보건의료업,2
2024-06-01,30170570,서구,가장동,부동산업,14
2024-06-01,30170570,서구,가장동,"사업시설 관리, 사업 지원 및 임대 서비스업",23
2024-06-01,30170570,서구,가장동,소매업,109
2024-06-01,30170570,서구,가장동,수리 및 개인 서비스업,78
2024-06-01,30170570,서구,가장동,숙박업,0
2024-06-01,30170570,서구,가장동,"예술, 스포츠 및 여가관련 서비스업",17
2024-06-01,30170570,서구,가장동,음식점업,83
2024-06-01,30170570,서구,가장동,"전문, 과학 및 기술 서비스업",25
2024-06-01,30170575,서구,내동,교육 서비스업,34
2024-06-01,30170575,서구,내동,보건의료업,2
2024-06-01,30170575,서구,내동,부동산업,22
2024-06-01,30170575,서구,내동,"사업시설 관리, 사업 지원 및 임대 서비스업",22
2024-06-01,30170575,서구,내동,소매업,147
2024-06-01,30170575,서구,내동,수리 및 개인 서비스업,112
2024-06-01,30170575,서구,내동,숙박업,0
2024-06-01,30170575,서구,내동,"예술, 스포츠 및 여가관련 서비스업",21
2024-06-01,30170575,서구,내동,음식점업,123
2024-06-01,30170575,서구,내동,"전문, 과학 및 기술 서비스업",58
2024-06-01,30170581,서구,갈마1동,교육 서비스업,36
2024-06-01,30170581,서구,갈마1동,보건의료업,6
2024-06-01,30170581,서구,갈마1동,부동산업,35
2024-06-01,30170581,서구,갈마1동,"사업시설 관리, 사업 지원 및 임대 서비스업",53
2024-06-01,30170581,서구,갈마1동,소매업,222
2024-06-01,30170581,서구,갈마1동,수리 및 개인 서비스업,198
2024-06-01,30170581,서구,갈마1동,숙박업,7
2024-06-01,30170581,서구,갈마1동,"예술, 스포츠 및 여가관련 서비스업",54
2024-06-01,30170581,서구,갈마1동,음식점업,363
2024-06-01,30170581,서구,갈마1동,"전문, 과학 및 기술 서비스업",105
2024-06-01,30170582,서구,갈마2동,교육 서비스업,50
2024-06-01,30170582,서구,갈마2동,보건의료업,4
2024-06-01,30170582,서구,갈마2동,부동산업,42
2024-06-01,30170582,서구,갈마2동,"사업시설 관리, 사업 지원 및 임대 서비스업",51
2024-06-01,30170582,서구,갈마2동,소매업,213
2024-06-01,30170582,서구,갈마2동,수리 및 개인 서비스업,168
2024-06-01,30170582,서구,갈마2동,숙박업,1
2024-06-01,30170582,서구,갈마2동,"예술, 스포츠 및 여가관련 서비스업",74
2024-06-01,30170582,서구,갈마2동,음식점업,430
2024-06-01,30170582,서구,갈마2동,"전문, 과학 및 기술 서비스업",97
2024-06-01,30170586,서구,월평1동,교육 서비스업,31
2024-06-01,30170586,서구,월평1동,보건의료업,7
2024-06-01,30170586,서구,월평1동,부동산업,59
2024-06-01,30170586,서구,월평1동,"사업시설 관리, 사업 지원 및 임대 서비스업",86
2024-06-01,30170586,서구,월평1동,소매업,234
2024-06-01,30170586,서구,월평1동,수리 및 개인 서비스업,195
2024-06-01,30170586,서구,월평1동,숙박업,12
2024-06-01,30170586,서구,월평1동,"예술, 스포츠 및 여가관련 서비스업",63
2024-06-01,30170586,서구,월평1동,음식점업,391
2024-06-01,30170586,서구,월평1동,"전문, 과학 및 기술 서비스업",120
2024-06-01,30170587,서구,월평2동,교육 서비스업,63
2024-06-01,30170587,서구,월평2동,보건의료업,20
2024-06-01,30170587,서구,월평2동,부동산업,15
2024-06-01,30170587,서구,월평2동,"사업시설 관리, 사업 지원 및 임대 서비스업",42
2024-06-01,30170587,서구,월평2동,소매업,139
2024-06-01,30170587,서구,월평2동,수리 및 개인 서비스업,60
2024-06-01,30170587,서구,월평2동,숙박업,5
2024-06-01,30170587,서구,월평2동,"예술, 스포츠 및 여가관련 서비스업",70
2024-06-01,30170587,서구,월평2동,음식점업,193
2024-06-01,30170587,서구,월평2동,"전문, 과학 및 기술 서비스업",139
2024-06-01,30170588,서구,월평3동,교육 서비스업,7
2024-06-01,30170588,서구,월평3동,보건의료업,0
2024-06-01,30170588,서구,월평3동,부동산업,2
2024-06-01,30170588,서구,월평3동,"사업시설 관리, 사업 지원 및 임대 서비스업",2
2024-06-01,30170588,서구,월평3동,소매업,23
2024-06-01,30170588,서구,월평3동,수리 및 개인 서비스업,15
2024-06-01,30170588,서구,월평3동,숙박업,0
2024-06-01,30170588,서구,월평3동,"예술, 스포츠 및 여가관련 서비스업",1
2024-06-01,30170588,서구,월평3동,음식점업,35
2024-06-01,30170588,서구,월평3동,"전문, 과학 및 기술 서비스업",2
2024-06-01,30170590,서구,가수원동,교육 서비스업,13
2024-06-01,30170590,서구,가수원동,보건의료업,2
2024-06-01,30170590,서구,가수원동,부동산업,20
2024-06-01,30170590,서구,가수원동,"사업시설 관리, 사업 지원 및 임대 서비스업",26
2024-06-01,30170590,서구,가수원동,소매업,100
2024-06-01,30170590,서구,가수원동,수리 및 개인 서비스업,71
2024-06-01,30170590,서구,가수원동,숙박업,0
2024-06-01,30170590,서구,가수원동,"예술, 스포츠 및 여가관련 서비스업",17
2024-06-01,30170590,서구,가수원동,음식점업,114
2024-06-01,30170590,서구,가수원동,"전문, 과학 및 기술 서비스업",18
2024-06-01,30170593,서구,도안동,교육 서비스업,160
2024-06-01,30170593,서구,도안동,보건의료업,13
2024-06-01,30170593,서구,도안동,부동산업,86
2024-06-01,30170593,서구,도안동,"사업시설 관리, 사업 지원 및 임대 서비스업",52
2024-06-01,30170593,서구,도안동,소매업,351
2024-06-01,30170593,서구,도안동,수리 및 개인 서비스업,275
2024-06-01,30170593,서구,도안동,숙박업,1
2024-06-01,30170593,서구,도안동,"예술, 스포츠 및 여가관련 서비스업",98
2024-06-01,30170593,서구,도안동,음식점업,596
2024-06-01,30170593,서구,도안동,"전문, 과학 및 기술 서비스업",163
2024-06-01,30170596,서구,관저1동,교육 서비스업,22
2024-06-01,30170596,서구,관저1동,보건의료업,7
2024-06-01,30170596,서구,관저1동,부동산업,28
2024-06-01,30170596,서구,관저1동,"사업시설 관리, 사업 지원 및 임대 서비스업",10
2024-06-01,30170596,서구,관저1동,소매업,107
2024-06-01,30170596,서구,관저1동,수리 및 개인 서비스업,63
2024-06-01,30170596,서구,관저1동,숙박업,0
2024-06-01,30170596,서구,관저1동,"예술, 스포츠 및 여가관련 서비스업",35
2024-06-01,30170596,서구,관저1동,음식점업,174
2024-06-01,30170596,서구,관저1동,"전문, 과학 및 기술 서비스업",29
2024-06-01,30170597,서구,관저2동,교육 서비스업,127
2024-06-01,30170597,서구,관저2동,보건의료업,23
2024-06-01,30170597,서구,관저2동,부동산업,73
2024-06-01,30170597,서구,관저2동,"사업시설 관리, 사업 지원 및 임대 서비스업",21
2024-06-01,30170597,서구,관저2동,소매업,335
2024-06-01,30170597,서구,관저2동,수리 및 개인 서비스업,239
2024-06-01,30170597,서구,관저2동,숙박업,0
2024-06-01,30170597,서구,관저2동,"예술, 스포츠 및 여가관련 서비스업",102
2024-06-01,30170597,서구,관저2동,음식점업,590
2024-06-01,30170597,서구,관저2동,"전문, 과학 및 기술 서비스업",85
2024-06-01,30170600,서구,기성동,교육 서비스업,6
2024-06-01,30170600,서구,기성동,보건의료업,1
2024-06-01,30170600,서구,기성동,부동산업,6
2024-06-01,30170600,서구,기성동,"사업시설 관리, 사업 지원 및 임대 서비스업",14
2024-06-01,30170600,서구,기성동,소매업,56
2024-06-01,30170600,서구,기성동,수리 및 개인 서비스업,8
2024-06-01,30170600,서구,기성동,숙박업,31
2024-06-01,30170600,서구,기성동,"예술, 스포츠 및 여가관련 서비스업",6
2024-06-01,30170600,서구,기성동,음식점업,54
2024-06-01,30170600,서구,기성동,"전문, 과학 및 기술 서비스업",8
2024-06-01,30170630,서구,둔산1동,교육 서비스업,165
2024-06-01,30170630,서구,둔산1동,보건의료업,40
2024-06-01,30170630,서구,둔산1동,부동산업,80
2024-06-01,30170630,서구,둔산1동,"사업시설 관리, 사업 지원 및 임대 서비스업",54
2024-06-01,30170630,서구,둔산1동,소매업,158
2024-06-01,30170630,서구,둔산1동,수리 및 개인 서비스업,95
2024-06-01,30170630,서구,둔산1동,숙박업,12
2024-06-01,30170630,서구,둔산1동,"예술, 스포츠 및 여가관련 서비스업",66
2024-06-01,30170630,서구,둔산1동,음식점업,423
2024-06-01,30170630,서구,둔산1동,"전문, 과학 및 기술 서비스업",600
2024-06-01,30170640,서구,둔산2동,교육 서비스업,117
2024-06-01,30170640,서구,둔산2동,보건의료업,129
2024-06-01,30170640,서구,둔산2동,부동산업,48
2024-06-01,30170640,서구,둔산2동,"사업시설 관리, 사업 지원 및 임대 서비스업",72
2024-06-01,30170640,서구,둔산2동,소매업,665
2024-06-01,30170640,서구,둔산2동,수리 및 개인 서비스업,221
2024-06-01,30170640,서구,둔산2동,숙박업,19
2024-06-01,30170640,서구,둔산2동,"예술, 스포츠 및 여가관련 서비스업",128
2024-06-01,30170640,서구,둔산2동,음식점업,704
2024-06-01,30170640,서구,둔산2동,"전문, 과학 및 기술 서비스업",402
2024-06-01,30170650,서구,만년동,교육 서비스업,33
2024-06-01,30170650,서구,만년동,보건의료업,4
2024-06-01,30170650,서구,만년동,부동산업,24
2024-06-01,30170650,서구,만년동,"사업시설 관리, 사업 지원 및 임대 서비스업",51
2024-06-01,30170650,서구,만년동,소매업,167
2024-06-01,30170650,서구,만년동,수리 및 개인 서비스업,76
2024-06-01,30170650,서구,만년동,숙박업,2
2024-06-01,30170650,서구,만년동,"예술, 스포츠 및 여가관련 서비스업",28
2024-06-01,30170650,서구,만년동,음식점업,238
2024-06-01,30170650,서구,만년동,"전문, 과학 및 기술 서비스업",133
2024-06-01,30170660,서구,둔산3동,교육 서비스업,38
2024-06-01,30170660,서구,둔산3동,보건의료업,1
2024-06-01,30170660,서구,둔산3동,부동산업,19
2024-06-01,30170660,서구,둔산3동,"사업시설 관리, 사업 지원 및 임대 서비스업",10
2024-06-01,30170660,서구,둔산3동,소매업,214
2024-06-01,30170660,서구,둔산3동,수리 및 개인 서비스업,85
2024-06-01,30170660,서구,둔산3동,숙박업,0
2024-06-01,30170660,서구,둔산3동,"예술, 스포츠 및 여가관련 서비스업",30
2024-06-01,30170660,서구,둔산3동,음식점업,202
2024-06-01,30170660,서구,둔산3동,"전문, 과학 및 기술 서비스업",25
2024-06-01,30200520,유성구,진잠동,교육 서비스업,34
2024-06-01,30200520,유성구,진잠동,보건의료업,7
2024-06-01,30200520,유성구,진잠동,부동산업,39
2024-06-01,30200520,유성구,진잠동,"사업시설 관리, 사업 지원 및 임대 서비스업",68
2024-06-01,30200520,유성구,진잠동,소매업,410
2024-06-01,30200520,유성구,진잠동,수리 및 개인 서비스업,156
2024-06-01,30200520,유성구,진잠동,숙박업,4
2024-06-01,30200520,유성구,진잠동,"예술, 스포츠 및 여가관련 서비스업",51
2024-06-01,30200520,유성구,진잠동,음식점업,307
2024-06-01,30200520,유성구,진잠동,"전문, 과학 및 기술 서비스업",84
2024-06-01,30200526,유성구,학하동,교육 서비스업,39
2024-06-01,30200526,유성구,학하동,보건의료업,5
2024-06-01,30200526,유성구,학하동,부동산업,77
2024-06-01,30200526,유성구,학하동,"사업시설 관리, 사업 지원 및 임대 서비스업",60
2024-06-01,30200526,유성구,학하동,소매업,169
2024-06-01,30200526,유성구,학하동,수리 및 개인 서비스업,123
2024-06-01,30200526,유성구,학하동,숙박업,2
2024-06-01,30200526,유성구,학하동,"예술, 스포츠 및 여가관련 서비스업",42
2024-06-01,30200526,유성구,학하동,음식점업,314
2024-06-01,30200526,유성구,학하동,"전문, 과학 및 기술 서비스업",125
2024-06-01,30200527,유성구,상대동,교육 서비스업,46
2024-06-01,30200527,유성구,상대동,보건의료업,4
2024-06-01,30200527,유성구,상대동,부동산업,18
2024-06-01,30200527,유성구,상대동,"사업시설 관리, 사업 지원 및 임대 서비스업",8
2024-06-01,30200527,유성구,상대동,소매업,89
2024-06-01,30200527,유성구,상대동,수리 및 개인 서비스업,73
2024-06-01,30200527,유성구,상대동,숙박업,0
2024-06-01,30200527,유성구,상대동,"예술, 스포츠 및 여가관련 서비스업",14
2024-06-01,30200527,유성구,상대동,음식점업,150
2024-06-01,30200527,유성구,상대동,"전문, 과학 및 기술 서비스업",73
2024-06-01,30200530,유성구,온천1동,교육 서비스업,94
2024-06-01,30200530,유성구,온천1동,보건의료업,48
2024-06-01,30200530,유성구,온천1동,부동산업,170
2024-06-01,30200530,유성구,온천1동,"사업시설 관리, 사업 지원 및 임대 서비스업",139
2024-06-01,30200530,유성구,온천1동,소매업,640
2024-06-01,30200530,유성구,온천1동,수리 및 개인 서비스업,412
2024-06-01,30200530,유성구,온천1동,숙박업,88
2024-06-01,30200530,유성구,온천1동,"예술, 스포츠 및 여가관련 서비스업",104
2024-06-01,30200530,유성구,온천1동,음식점업,1083
2024-06-01,30200530,유성구,온천1동,"전문, 과학 및 기술 서비스업",358
2024-06-01,30200540,유성구,온천2동,교육 서비스업,121
2024-06-01,30200540,유성구,온천2동,보건의료업,7
2024-06-01,30200540,유성구,온천2동,부동산업,115
2024-06-01,30200540,유성구,온천2동,"사업시설 관리, 사업 지원 및 임대 서비스업",108
2024-06-01,30200540,유성구,온천2동,소매업,606
2024-06-01,30200540,유성구,온천2동,수리 및 개인 서비스업,294
2024-06-01,30200540,유성구,온천2동,숙박업,15
2024-06-01,30200540,유성구,온천2동,"예술, 스포츠 및 여가관련 서비스업",139
2024-06-01,30200540,유성구,온천2동,음식점업,1089
2024-06-01,30200540,유성구,온천2동,"전문, 과학 및 기술 서비스업",247
2024-06-01,30200546,유성구,노은1동,교육 서비스업,96
2024-06-01,30200546,유성구,노은1동,보건의료업,6
2024-06-01,30200546,유성구,노은1동,부동산업,32
2024-06-01,30200546,유성구,노은1동,"사업시설 관리, 사업 지원 및 임대 서비스업",36
2024-06-01,30200546,유성구,노은1동,소매업,290
2024-06-01,30200546,유성구,노은1동,수리 및 개인 서비스업,161
2024-06-01,30200546,유성구,노은1동,숙박업,1
2024-06-01,30200546,유성구,노은1동,"예술, 스포츠 및 여가관련 서비스업",60
2024-06-01,30200546,유성구,노은1동,음식점업,380
2024-06-01,30200546,유성구,노은1동,"전문, 과학 및 기술 서비스업",90
2024-06-01,30200547,유성구,노은2동,교육 서비스업,65
2024-06-01,30200547,유성구,노은2동,보건의료업,12
2024-06-01,30200547,유성구,노은2동,부동산업,26
2024-06-01,30200547,유성구,노은2동,"사업시설 관리, 사업 지원 및 임대 서비스업",30
2024-06-01,30200547,유성구,노은2동,소매업,166
2024-06-01,30200547,유성구,노은2동,수리 및 개인 서비스업,56
2024-06-01,30200547,유성구,노은2동,숙박업,2
2024-06-01,30200547,유성구,노은2동,"예술, 스포츠 및 여가관련 서비스업",48
2024-06-01,30200547,유성구,노은2동,음식점업,213
2024-06-01,30200547,유성구,노은2동,"전문, 과학 및 기술 서비스업",52
2024-06-01,30200548,유성구,노은3동,교육 서비스업,109
2024-06-01,30200548,유성구,노은3동,보건의료업,17
2024-06-01,30200548,유성구,노은3동,부동산업,26
2024-06-01,30200548,유성구,노은3동,"사업시설 관리, 사업 지원 및 임대 서비스업",18
2024-06-01,30200548,유성구,노은3동,소매업,236
2024-06-01,30200548,유성구,노은3동,수리 및 개인 서비스업,139
2024-06-01,30200548,유성구,노은3동,숙박업,0
2024-06-01,30200548,유성구,노은3동,"예술, 스포츠 및 여가관련 서비스업",51
2024-06-01,30200548,유성구,노은3동,음식점업,343
2024-06-01,30200548,유성구,노은3동,"전문, 과학 및 기술 서비스업",84
2024-06-01,30200550,유성구,신성동,교육 서비스업,57
2024-06-01,30200550,유성구,신성동,보건의료업,9
2024-06-01,30200550,유성구,신성동,부동산업,45
2024-06-01,30200550,유성구,신성동,"사업시설 관리, 사업 지원 및 임대 서비스업",56
2024-06-01,30200550,유성구,신성동,소매업,463
2024-06-01,30200550,유성구,신성동,수리 및 개인 서비스업,117
2024-06-01,30200550,유성구,신성동,숙박업,5
2024-06-01,30200550,유성구,신성동,"예술, 스포츠 및 여가관련 서비스업",71
2024-06-01,30200550,유성구,신성동,음식점업,559
2024-06-01,30200550,유성구,신성동,"전문, 과학 및 기술 서비스업",112
2024-06-01,30200570,유성구,전민동,교육 서비스업,58
2024-06-01,30200570,유성구,전민동,보건의료업,7
2024-06-01,30200570,유성구,전민동,부동산업,26
2024-06-01,30200570,유성구,전민동,"사업시설 관리, 사업 지원 및 임대 서비스업",17
2024-06-01,30200570,유성구,전민동,소매업,395
2024-06-01,30200570,유성구,전민동,수리 및 개인 서비스업,110
2024-06-01,30200570,유성구,전민동,숙박업,0
2024-06-01,30200570,유성구,전민동,"예술, 스포츠 및 여가관련 서비스업",66
2024-06-01,30200570,유성구,전민동,음식점업,414
2024-06-01,30200570,유성구,전민동,"전문, 과학 및 기술 서비스업",55
2024-06-01,30200580,유성구,구즉동,교육 서비스업,29
2024-06-01,30200580,유성구,구즉동,보건의료업,4
2024-06-01,30200580,유성구,구즉동,부동산업,27
2024-06-01,30200580,유성구,구즉동,"사업시설 관리, 사업 지원 및 임대 서비스업",11
2024-06-01,30200580,유성구,구즉동,소매업,170
2024-06-01,30200580,유성구,구즉동,수리 및 개인 서비스업,107
2024-06-01,30200580,유성구,구즉동,숙박업,0
2024-06-01,30200580,유성구,구즉동,"예술, 스포츠 및 여가관련 서비스업",47
2024-06-01,30200580,유성구,구즉동,음식점업,315
2024-06-01,30200580,유성구,구즉동,"전문, 과학 및 기술 서비스업",28
2024-06-01,30200600,유성구,관평동,교육 서비스업,103
2024-06-01,30200600,유성구,관평동,보건의료업,19
2024-06-01,30200600,유성구,관평동,부동산업,43
2024-06-01,30200600,유성구,관평동,"사업시설 관리, 사업 지원 및 임대 서비스업",50
2024-06-01,30200600,유성구,관평동,소매업,447
2024-06-01,30200600,유성구,관평동,수리 및 개인 서비스업,161
2024-06-01,30200600,유성구,관평동,숙박업,7
2024-06-01,30200600,유성구,관평동,"예술, 스포츠 및 여가관련 서비스업",74
2024-06-01,30200600,유성구,관평동,음식점업,594
2024-06-01,30200600,유성구,관평동,"전문, 과학 및 기술 서비스업",145
2024-06-01,30200610,유성구,원신흥동,교육 서비스업,83
2024-06-01,30200610,유성구,원신흥동,보건의료업,23
2024-06-01,30200610,유성구,원신흥동,부동산업,37
2024-06-01,30200610,유성구,원신흥동,"사업시설 관리, 사업 지원 및 임대 서비스업",25
2024-06-01,30200610,유성구,원신흥동,소매업,226
2024-06-01,30200610,유성구,원신흥동,수리 및 개인 서비스업,227
2024-06-01,30200610,유성구,원신흥동,숙박업,0
2024-06-01,30200610,유성구,원신흥동,"예술, 스포츠 및 여가관련 서비스업",19
2024-06-01,30200610,유성구,원신흥동,음식점업,251
2024-06-01,30200610,유성구,원신흥동,"전문, 과학 및 기술 서비스업",66
2024-06-01,30230510,대덕구,오정동,교육 서비스업,36
2024-06-01,30230510,대덕구,오정동,보건의료업,2
2024-06-01,30230510,대덕구,오정동,부동산업,38
2024-06-01,30230510,대덕구,오정동,"사업시설 관리, 사업 지원 및 임대 서비스업",81
2024-06-01,30230510,대덕구,오정동,소매업,310
2024-06-01,30230510,대덕구,오정동,수리 및 개인 서비스업,145
2024-06-01,30230510,대덕구,오정동,숙박업,2
2024-06-01,30230510,대덕구,오정동,"예술, 스포츠 및 여가관련 서비스업",45
2024-06-01,30230510,대덕구,오정동,음식점업,300
2024-06-01,30230510,대덕구,오정동,"전문, 과학 및 기술 서비스업",123
2024-06-01,30230520,대덕구,대화동,교육 서비스업,11
2024-06-01,30230520,대덕구,대화동,보건의료업,0
2024-06-01,30230520,대덕구,대화동,부동산업,12
2024-06-01,30230520,대덕구,대화동,"사업시설 관리, 사업 지원 및 임대 서비스업",37
2024-06-01,30230520,대덕구,대화동,소매업,156
2024-06-01,30230520,대덕구,대화동,수리 및 개인 서비스업,62
2024-06-01,30230520,대덕구,대화동,숙박업,0
2024-06-01,30230520,대덕구,대화동,"예술, 스포츠 및 여가관련 서비스업",6
2024-06-01,30230520,대덕구,대화동,음식점업,97
2024-06-01,30230520,대덕구,대화동,"전문, 과학 및 기술 서비스업",144
2024-06-01,30230525,대덕구,회덕동,교육 서비스업,5
2024-06-01,30230525,대덕구,회덕동,보건의료업,1
2024-06-01,30230525,대덕구,회덕동,부동산업,15
2024-06-01,30230525,대덕구,회덕동,"사업시설 관리, 사업 지원 및 임대 서비스업",24
2024-06-01,30230525,대덕구,회덕동,소매업,135
2024-06-01,30230525,대덕구,회덕동,수리 및 개인 서비스업,99
2024-06-01,30230525,대덕구,회덕동,숙박업,2
2024-06-01,30230525,대덕구,회덕동,"예술, 스포츠 및 여가관련 서비스업",18
2024-06-01,30230525,대덕구,회덕동,음식점업,140
2024-06-01,30230525,대덕구,회덕동,"전문, 과학 및 기술 서비스업",21
2024-06-01,30230533,대덕구,비래동,교육 서비스업,16
2024-06-01,30230533,대덕구,비래동,보건의료업,4
2024-06-01,30230533,대덕구,비래동,부동산업,23
2024-06-01,30230533,대덕구,비래동,"사업시설 관리, 사업 지원 및 임대 서비스업",25
2024-06-01,30230533,대덕구,비래동,소매업,148
2024-06-01,30230533,대덕구,비래동,수리 및 개인 서비스업,102
2024-06-01,30230533,대덕구,비래동,숙박업,0
2024-06-01,30230533,대덕구,비래동,"예술, 스포츠 및 여가관련 서비스업",43
2024-06-01,30230533,대덕구,비래동,음식점업,188
2024-06-01,30230533,대덕구,비래동,"전문, 과학 및 기술 서비스업",28
2024-06-01,30230543,대덕구,송촌동,교육 서비스업,74
2024-06-01,30230543,대덕구,송촌동,보건의료업,5
2024-06-01,30230543,대덕구,송촌동,부동산업,15
2024-06-01,30230543,대덕구,송촌동,"사업시설 관리, 사업 지원 및 임대 서비스업",25
2024-06-01,30230543,대덕구,송촌동,소매업,233
2024-06-01,30230543,대덕구,송촌동,수리 및 개인 서비스업,150
2024-06-01,30230543,대덕구,송촌동,숙박업,1
2024-06-01,30230543,대덕구,송촌동,"예술, 스포츠 및 여가관련 서비스업",92
2024-06-01,30230543,대덕구,송촌동,음식점업,408
2024-06-01,30230543,대덕구,송촌동,"전문, 과학 및 기술 서비스업",60
2024-06-01,30230546,대덕구,중리동,교육 서비스업,35
2024-06-01,30230546,대덕구,중리동,보건의료업,9
2024-06-01,30230546,대덕구,중리동,부동산업,34
2024-06-01,30230546,대덕구,중리동,"사업시설 관리, 사업 지원 및 임대 서비스업",46
2024-06-01,30230546,대덕구,중리동,소매업,476
2024-06-01,30230546,대덕구,중리동,수리 및 개인 서비스업,260
2024-06-01,30230546,대덕구,중리동,숙박업,34
2024-06-01,30230546,대덕구,중리동,"예술, 스포츠 및 여가관련 서비스업",95
2024-06-01,30230546,대덕구,중리동,음식점업,533
2024-06-01,30230546,대덕구,중리동,"전문, 과학 및 기술 서비스업",81
2024-06-01,30230550,대덕구,신탄진동,교육 서비스업,15
2024-06-01,30230550,대덕구,신탄진동,보건의료업,8
2024-06-01,30230550,대덕구,신탄진동,부동산업,20
2024-06-01,30230550,대덕구,신탄진동,"사업시설 관리, 사업 지원 및 임대 서비스업",16
2024-06-01,30230550,대덕구,신탄진동,소매업,184
2024-06-01,30230550,대덕구,신탄진동,수리 및 개인 서비스업,101
2024-06-01,30230550,대덕구,신탄진동,숙박업,34
2024-06-01,30230550,대덕구,신탄진동,"예술, 스포츠 및 여가관련 서비스업",40
2024-06-01,30230550,대덕구,신탄진동,음식점업,357
2024-06-01,30230550,대덕구,신탄진동,"전문, 과학 및 기술 서비스업",24
2024-06-01,30230560,대덕구,석봉동,교육 서비스업,16
2024-06-01,30230560,대덕구,석봉동,보건의료업,6
2024-06-01,30230560,대덕구,석봉동,부동산업,13
2024-06-01,30230560,대덕구,석봉동,"사업시설 관리, 사업 지원 및 임대 서비스업",11
2024-06-01,30230560,대덕구,석봉동,소매업,165
2024-06-01,30230560,대덕구,석봉동,수리 및 개인 서비스업,86
2024-06-01,30230560,대덕구,석봉동,숙박업,0
2024-06-01,30230560,대덕구,석봉동,"예술, 스포츠 및 여가관련 서비스업",32
2024-06-01,30230560,대덕구,석봉동,음식점업,203
2024-06-01,30230560,대덕구,석봉동,"전문, 과학 및 기술 서비스업",15
2024-06-01,30230570,대덕구,덕암동,교육 서비스업,10
2024-06-01,30230570,대덕구,덕암동,보건의료업,1
2024-06-01,30230570,대덕구,덕암동,부동산업,14
2024-06-01,30230570,대덕구,덕암동,"사업시설 관리, 사업 지원 및 임대 서비스업",25
2024-06-01,30230570,대덕구,덕암동,소매업,164
2024-06-01,30230570,대덕구,덕암동,수리 및 개인 서비스업,109
2024-06-01,30230570,대덕구,덕암동,숙박업,4
2024-06-01,30230570,대덕구,덕암동,"예술, 스포츠 및 여가관련 서비스업",23
2024-06-01,30230570,대덕구,덕암동,음식점업,157
2024-06-01,30230570,대덕구,덕암동,"전문, 과학 및 기술 서비스업",32
2024-06-01,30230580,대덕구,목상동,교육 서비스업,4
2024-06-01,30230580,대덕구,목상동,보건의료업,1
2024-06-01,30230580,대덕구,목상동,부동산업,4
2024-06-01,30230580,대덕구,목상동,"사업시설 관리, 사업 지원 및 임대 서비스업",22
2024-06-01,30230580,대덕구,목상동,소매업,88
2024-06-01,30230580,대덕구,목상동,수리 및 개인 서비스업,54
2024-06-01,30230580,대덕구,목상동,숙박업,0
2024-06-01,30230580,대덕구,목상동,"예술, 스포츠 및 여가관련 서비스업",22
2024-06-01,30230580,대덕구,목상동,음식점업,139
2024-06-01,30230580,대덕구,목상동,"전문, 과학 및 기술 서비스업",22
2024-06-01,30230600,대덕구,법1동,교육 서비스업,10
2024-06-01,30230600,대덕구,법1동,보건의료업,8
2024-06-01,30230600,대덕구,법1동,부동산업,4
2024-06-01,30230600,대덕구,법1동,"사업시설 관리, 사업 지원 및 임대 서비스업",4
2024-06-01,30230600,대덕구,법1동,소매업,34
2024-06-01,30230600,대덕구,법1동,수리 및 개인 서비스업,21
2024-06-01,30230600,대덕구,법1동,숙박업,1
2024-06-01,30230600,대덕구,법1동,"예술, 스포츠 및 여가관련 서비스업",10
2024-06-01,30230600,대덕구,법1동,음식점업,40
2024-06-01,30230600,대덕구,법1동,"전문, 과학 및 기술 서비스업",10
2024-06-01,30230610,대덕구,법2동,교육 서비스업,13
2024-06-01,30230610,대덕구,법2동,보건의료업,1
2024-06-01,30230610,대덕구,법2동,부동산업,2
2024-06-01,30230610,대덕구,법2동,"사업시설 관리, 사업 지원 및 임대 서비스업",6
2024-06-01,30230610,대덕구,법2동,소매업,82
2024-06-01,30230610,대덕구,법2동,수리 및 개인 서비스업,42
2024-06-01,30230610,대덕구,법2동,숙박업,0
2024-06-01,30230610,대덕구,법2동,"예술, 스포츠 및 여가관련 서비스업",21
2024-06-01,30230610,대덕구,법2동,음식점업,100
2024-06-01,30230610,대덕구,법2동,"전문, 과학 및 기술 서비스업",12
2024-09-01,30110515,동구,중앙동,교육 서비스업,23
2024-09-01,30110515,동구,중앙동,보건의료업,14
2024-09-01,30110515,동구,중앙동,부동산업,26
2024-09-01,30110515,동구,중앙동,"사업시설 관리, 사업 지원 및 임대 서비스업",45
2024-09-01,30110515,동구,중앙동,소매업,882
2024-09-01,30110515,동구,중앙동,수리 및 개인 서비스업,100
2024-09-01,30110515,동구,중앙동,숙박업,64
2024-09-01,30110515,동구,중앙동,"예술, 스포츠 및 여가관련 서비스업",27
2024-09-01,30110515,동구,중앙동,음식점업,376
2024-09-01,30110515,동구,중앙동,"전문, 과학 및 기술 서비스업",172
2024-09-01,30110530,동구,효동,교육 서비스업,65
2024-09-01,30110530,동구,효동,보건의료업,12
2024-09-01,30110530,동구,효동,부동산업,35
2024-09-01,30110530,동구,효동,"사업시설 관리, 사업 지원 및 임대 서비스업",9
2024-09-01,30110530,동구,효동,소매업,277
2024-09-01,30110530,동구,효동,수리 및 개인 서비스업,134
2024-09-01,30110530,동구,효동,숙박업,1
2024-09-01,30110530,동구,효동,"예술, 스포츠 및 여가관련 서비스업",65
2024-09-01,30110530,동구,효동,음식점업,342
2024-09-01,30110530,동구,효동,"전문, 과학 및 기술 서비스업",35
2024-09-01,30110545,동구,신인동,교육 서비스업,17
2024-09-01,30110545,동구,신인동,보건의료업,2
2024-09-01,30110545,동구,신인동,부동산업,18
2024-09-01,30110545,동구,신인동,"사업시설 관리, 사업 지원 및 임대 서비스업",8
2024-09-01,30110545,동구,신인동,소매업,77
2024-09-01,30110545,동구,신인동,수리 및 개인 서비스업,58
2024-09-01,30110545,동구,신인동,숙박업,2
2024-09-01,30110545,동구,신인동,"예술, 스포츠 및 여가관련 서비스업",15
2024-09-01,30110545,동구,신인동,음식점업,107
2024-09-01,30110545,동구,신인동,"전문, 과학 및 기술 서비스업",18
2024-09-01,30110551,동구,판암1동,교육 서비스업,7
2024-09-01,30110551,동구,판암1동,보건의료업,9
2024-09-01,30110551,동구,판암1동,부동산업,16
2024-09-01,30110551,동구,판암1동,"사업시설 관리, 사업 지원 및 임대 서비스업",11
2024-09-01,30110551,동구,판암1동,소매업,75
2024-09-01,30110551,동구,판암1동,수리 및 개인 서비스업,51
2024-09-01,30110551,동구,판암1동,숙박업,0
2024-09-01,30110551,동구,판암1동,"예술, 스포츠 및 여가관련 서비스업",15
2024-09-01,30110551,동구,판암1동,음식점업,89
2024-09-01,30110551,동구,판암1동,"전문, 과학 및 기술 서비스업",12
2024-09-01,30110552,동구,판암2동,교육 서비스업,1
2024-09-01,30110552,동구,판암2동,보건의료업,1
2024-09-01,30110552,동구,판암2동,부동산업,1
2024-09-01,30110552,동구,판암2동,"사업시설 관리, 사업 지원 및 임대 서비스업",4
2024-09-01,30110552,동구,판암2동,소매업,45
2024-09-01,30110552,동구,판암2동,수리 및 개인 서비스업,16
2024-09-01,30110552,동구,판암2동,숙박업,0
2024-09-01,30110552,동구,판암2동,"예술, 스포츠 및 여가관련 서비스업",8
2024-09-01,30110552,동구,판암2동,음식점업,48
2024-09-01,30110552,동구,판암2동,"전문, 과학 및 기술 서비스업",6
2024-09-01,30110560,동구,용운동,교육 서비스업,26
2024-09-01,30110560,동구,용운동,보건의료업,5
2024-09-01,30110560,동구,용운동,부동산업,27
2024-09-01,30110560,동구,용운동,"사업시설 관리, 사업 지원 및 임대 서비스업",28
2024-09-01,30110560,동구,용운동,소매업,185
2024-09-01,30110560,동구,용운동,수리 및 개인 서비스업,133
2024-09-01,30110560,동구,용운동,숙박업,4
2024-09-01,30110560,동구,용운동,"예술, 스포츠 및 여가관련 서비스업",50
2024-09-01,30110560,동구,용운동,음식점업,287
2024-09-01,30110560,동구,용운동,"전문, 과학 및 기술 서비스업",32
2024-09-01,30110585,동구,대동,교육 서비스업,15
2024-09-01,30110585,동구,대동,보건의료업,8
2024-09-01,30110585,동구,대동,부동산업,23
2024-09-01,30110585,동구,대동,"사업시설 관리, 사업 지원 및 임대 서비스업",23
2024-09-01,30110585,동구,대동,소매업,122
2024-09-01,30110585,동구,대동,수리 및 개인 서비스업,61
2024-09-01,30110585,동구,대동,숙박업,1
2024-09-01,30110585,동구,대동,"예술, 스포츠 및 여가관련 서비스업",23
2024-09-01,30110585,동구,대동,음식점업,172
2024-09-01,30110585,동구,대동,"전문, 과학 및 기술 서비스업",25
2024-09-01,30110590,동구,자양동,교육 서비스업,20
2024-09-01,30110590,동구,자양동,보건의료업,0
2024-09-01,30110590,동구,자양동,부동산업,38
2024-09-01,30110590,동구,자양동,"사업시설 관리, 사업 지원 및 임대 서비스업",26
2024-09-01,30110590,동구,자양동,소매업,111
2024-09-01,30110590,동구,자양동,수리 및 개인 서비스업,99
2024-09-01,30110590,동구,자양동,숙박업,1
2024-09-01,30110590,동구,자양동,"예술, 스포츠 및 여가관련 서비스업",41
2024-09-01,30110590,동구,자양동,음식점업,277
2024-09-01,30110590,동구,자양동,"전문, 과학 및 기술 서비스업",30
2024-09-01,30110620,동구,가양1동,교육 서비스업,15
2024-09-01,30110620,동구,가양1동,보건의료업,0
2024-09-01,30110620,동구,가양1동,부동산업,26
2024-09-01,30110620,동구,가양1동,"사업시설 관리, 사업 지원 및 임대 서비스업",31
2024-09-01,30110620,동구,가양1동,소매업,137
2024-09-01,30110620,동구,가양1동,수리 및 개인 서비스업,95
2024-09-01,30110620,동구,가양1동,숙박업,3
2024-09-01,30110620,동구,가양1동,"예술, 스포츠 및 여가관련 서비스업",16
2024-09-01,30110620,동구,가양1동,음식점업,193
2024-09-01,30110620,동구,가양1동,"전문, 과학 및 기술 서비스업",44
2024-09-01,30110630,동구,가양2동,교육 서비스업,21
2024-09-01,30110630,동구,가양2동,보건의료업,4
2024-09-01,30110630,동구,가양2동,부동산업,29
2024-09-01,30110630,동구,가양2동,"사업시설 관리, 사업 지원 및 임대 서비스업",25
2024-09-01,30110630,동구,가양2동,소매업,219
2024-09-01,30110630,동구,가양2동,수리 및 개인 서비스업,151
2024-09-01,30110630,동구,가양2동,숙박업,5
2024-09-01,30110630,동구,가양2동,"예술, 스포츠 및 여가관련 서비스업",34
2024-09-01,30110630,동구,가양2동,음식점업,258
2024-09-01,30110630,동구,가양2동,"전문, 과학 및 기술 서비스업",43
2024-09-01,30110640,동구,용전동,교육 서비스업,19
2024-09-01,30110640,동구,용전동,보건의료업,13
2024-09-01,30110640,동구,용전동,부동산업,54
2024-09-01,30110640,동구,용전동,"사업시설 관리, 사업 지원 및 임대 서비스업",40
2024-09-01,30110640,동구,용전동,소매업,319
2024-09-01,30110640,동구,용전동,수리 및 개인 서비스업,173
2024-09-01,30110640,동구,용전동,숙박업,71
2024-09-01,30110640,동구,용전동,"예술, 스포츠 및 여가관련 서비스업",55
2024-09-01,30110640,동구,용전동,음식점업,348
2024-09-01,30110640,동구,용전동,"전문, 과학 및 기술 서비스업",80
2024-09-01,30110665,동구,성남동,교육 서비스업,12
2024-09-01,30110665,동구,성남동,보건의료업,6
2024-09-01,30110665,동구,성남동,부동산업,13
2024-09-01,30110665,동구,성남동,"사업시설 관리, 사업 지원 및 임대 서비스업",16
2024-09-01,30110665,동구,성남동,소매업,122
2024-09-01,30110665,동구,성남동,수리 및 개인 서비스업,71
2024-09-01,30110665,동구,성남동,숙박업,3
2024-09-01,30110665,동구,성남동,"예술, 스포츠 및 여가관련 서비스업",23
2024-09-01,30110665,동구,성남동,음식점업,145
2024-09-01,30110665,동구,성남동,"전문, 과학 및 기술 서비스업",26
2024-09-01,30110670,동구,홍도동,교육 서비스업,11
2024-09-01,30110670,동구,홍도동,보건의료업,3
2024-09-01,30110670,동구,홍도동,부동산업,18
2024-09-01,30110670,동구,홍도동,"사업시설 관리, 사업 지원 및 임대 서비스업",19
2024-09-01,30110670,동구,홍도동,소매업,102
2024-09-01,30110670,동구,홍도동,수리 및 개인 서비스업,58
2024-09-01,30110670,동구,홍도동,숙박업,0
2024-09-01,30110670,동구,홍도동,"예술, 스포츠 및 여가관련 서비스업",29
2024-09-01,30110670,동구,홍도동,음식점업,170
2024-09-01,30110670,동구,홍도동,"전문, 과학 및 기술 서비스업",32
2024-09-01,30110695,동구,삼성동,교육 서비스업,12
2024-09-01,30110695,동구,삼성동,보건의료업,2
2024-09-01,30110695,동구,삼성동,부동산업,15
2024-09-01,30110695,동구,삼성동,"사업시설 관리, 사업 지원 및 임대 서비스업",49
2024-09-01,30110695,동구,삼성동,소매업,162
2024-09-01,30110695,동구,삼성동,수리 및 개인 서비스업,83
2024-09-01,30110695,동구,삼성동,숙박업,2
2024-09-01,30110695,동구,삼성동,"예술, 스포츠 및 여가관련 서비스업",19
2024-09-01,30110695,동구,삼성동,음식점업,115
2024-09-01,30110695,동구,삼성동,"전문, 과학 및 기술 서비스업",213
2024-09-01,30110725,동구,대청동,교육 서비스업,5
2024-09-01,30110725,동구,대청동,보건의료업,1
2024-09-01,30110725,동구,대청동,부동산업,1
2024-09-01,30110725,동구,대청동,"사업시설 관리, 사업 지원 및 임대 서비스업",2
2024-09-01,30110725,동구,대청동,소매업,24
2024-09-01,30110725,동구,대청동,수리 및 개인 서비스업,1
2024-09-01,30110725,동구,대청동,숙박업,2
2024-09-01,30110725,동구,대청동,"예술, 스포츠 및 여가관련 서비스업",2
2024-09-01,30110725,동구,대청동,음식점업,76
2024-09-01,30110725,동구,대청동,"전문, 과학 및 기술 서비스업",3
2024-09-01,30110740,동구,산내동,교육 서비스업,20
2024-09-01,30110740,동구,산내동,보건의료업,3
2024-09-01,30110740,동구,산내동,부동산업,16
2024-09-01,30110740,동구,산내동,"사업시설 관리, 사업 지원 및 임대 서비스업",28
2024-09-01,30110740,동구,산내동,소매업,153
2024-09-01,30110740,동구,산내동,수리 및 개인 서비스업,78
2024-09-01,30110740,동구,산내동,숙박업,8
2024-09-01,30110740,동구,산내동,"예술, 스포츠 및 여가관련 서비스업",19
2024-09-01,30110740,동구,산내동,음식점업,174
2024-09-01,30110740,동구,산내동,"전문, 과학 및 기술 서비스업",35
2024-09-01,30140535,중구,은행선화동,교육 서비스업,63
2024-09-01,30140535,중구,은행선화동,보건의료업,14
2024-09-01,30140535,중구,은행선화동,부동산업,59
2024-09-01,30140535,중구,은행선화동,"사업시설 관리, 사업 지원 및 임대 서비스업",101
2024-09-01,30140535,중구,은행선화동,소매업,610
2024-09-01,30140535,중구,은행선화동,수리 및 개인 서비스업,193
2024-09-01,30140535,중구,은행선화동,숙박업,22
2024-09-01,30140535,중구,은행선화동,"예술, 스포츠 및 여가관련 서비스업",76
2024-09-01,30140535,중구,은행선화동,음식점업,487
2024-09-01,30140535,중구,은행선화동,"전문, 과학 및 기술 서비스업",190
2024-09-01,30140550,중구,목동,교육 서비스업,48
2024-09-01,30140550,중구,목동,보건의료업,5
2024-09-01,30140550,중구,목동,부동산업,12
2024-09-01,30140550,중구,목동,"사업시설 관리, 사업 지원 및 임대 서비스업",3
2024-09-01,30140550,중구,목동,소매업,74
2024-09-01,30140550,중구,목동,수리 및 개인 서비스업,51
2024-09-01,30140550,중구,목동,숙박업,0
2024-09-01,30140550,중구,목동,"예술, 스포츠 및 여가관련 서비스업",19
2024-09-01,30140550,중구,목동,음식점업,112
2024-09-01,30140550,중구,목동,"전문, 과학 및 기술 서비스업",19
2024-09-01,30140560,중구,중촌동,교육 서비스업,20
2024-09-01,30140560,중구,중촌동,보건의료업,2
2024-09-01,30140560,중구,중촌동,부동산업,16
2024-09-01,30140560,중구,중촌동,"사업시설 관리, 사업 지원 및 임대 서비스업",31
2024-09-01,30140560,중구,중촌동,소매업,148
2024-09-01,30140560,중구,중촌동,수리 및 개인 서비스업,101
2024-09-01,30140560,중구,중촌동,숙박업,1
2024-09-01,30140560,중구,중촌동,"예술, 스포츠 및 여가관련 서비스업",28
2024-09-01,30140560,중구,중촌동,음식점업,169
2024-09-01,30140560,중구,중촌동,"전문, 과학 및 기술 서비스업",50
2024-09-01,30140575,중구,대흥동,교육 서비스업,49
2024-09-01,30140575,중구,대흥동,보건의료업,7
2024-09-01,30140575,중구,대흥동,부동산업,19
2024-09-01,30140575,중구,대흥동,"사업시설 관리, 사업 지원 및 임대 서비스업",42
2024-09-01,30140575,중구,대흥동,소매업,386
2024-09-01,30140575,중구,대흥동,수리 및 개인 서비스업,115
2024-09-01,30140575,중구,대흥동,숙박업,45
2024-09-01,30140575,중구,대흥동,"예술, 스포츠 및 여가관련 서비스업",49
2024-09-01,30140575,중구,대흥동,음식점업,583
2024-09-01,30140575,중구,대흥동,"전문, 과학 및 기술 서비스업",116
2024-09-01,30140605,중구,문창동,교육 서비스업,5
2024-09-01,30140605,중구,문창동,보건의료업,2
2024-09-01,30140605,중구,문창동,부동산업,7
2024-09-01,30140605,중구,문창동,"사업시설 관리, 사업 지원 및 임대 서비스업",18
2024-09-01,30140605,중구,문창동,소매업,165
2024-09-01,30140605,중구,문창동,수리 및 개인 서비스업,72
2024-09-01,30140605,중구,문창동,숙박업,21
2024-09-01,30140605,중구,문창동,"예술, 스포츠 및 여가관련 서비스업",19
2024-09-01,30140605,중구,문창동,음식점업,137
2024-09-01,30140605,중구,문창동,"전문, 과학 및 기술 서비스업",21
2024-09-01,30140620,중구,석교동,교육 서비스업,9
2024-09-01,30140620,중구,석교동,보건의료업,3
2024-09-01,30140620,중구,석교동,부동산업,16
2024-09-01,30140620,중구,석교동,"사업시설 관리, 사업 지원 및 임대 서비스업",32
2024-09-01,30140620,중구,석교동,소매업,154
2024-09-01,30140620,중구,석교동,수리 및 개인 서비스업,101
2024-09-01,30140620,중구,석교동,숙박업,0
2024-09-01,30140620,중구,석교동,"예술, 스포츠 및 여가관련 서비스업",22
2024-09-01,30140620,중구,석교동,음식점업,119
2024-09-01,30140620,중구,석교동,"전문, 과학 및 기술 서비스업",34
2024-09-01,30140630,중구,대사동,교육 서비스업,10
2024-09-01,30140630,중구,대사동,보건의료업,12
2024-09-01,30140630,중구,대사동,부동산업,11
2024-09-01,30140630,중구,대사동,"사업시설 관리, 사업 지원 및 임대 서비스업",15
2024-09-01,30140630,중구,대사동,소매업,121
2024-09-01,30140630,중구,대사동,수리 및 개인 서비스업,58
2024-09-01,30140630,중구,대사동,숙박업,8
2024-09-01,30140630,중구,대사동,"예술, 스포츠 및 여가관련 서비스업",14
2024-09-01,30140630,중구,대사동,음식점업,151
2024-09-01,30140630,중구,대사동,"전문, 과학 및 기술 서비스업",20
2024-09-01,30140640,중구,부사동,교육 서비스업,7
2024-09-01,30140640,중구,부사동,보건의료업,3
2024-09-01,30140640,중구,부사동,부동산업,12
2024-09-01,30140640,중구,부사동,"사업시설 관리, 사업 지원 및 임대 서비스업",11
2024-09-01,30140640,중구,부사동,소매업,141
2024-09-01,30140640,중구,부사동,수리 및 개인 서비스업,49
2024-09-01,30140640,중구,부사동,숙박업,3
2024-09-01,30140640,중구,부사동,"예술, 스포츠 및 여가관련 서비스업",21
2024-09-01,30140640,중구,부사동,음식점업,142
2024-09-01,30140640,중구,부사동,"전문, 과학 및 기술 서비스업",23
2024-09-01,30140655,중구,용두동,교육 서비스업,19
2024-09-01,30140655,중구,용두동,보건의료업,4
2024-09-01,30140655,중구,용두동,부동산업,24
2024-09-01,30140655,중구,용두동,"사업시설 관리, 사업 지원 및 임대 서비스업",25
2024-09-01,30140655,중구,용두동,소매업,158
2024-09-01,30140655,중구,용두동,수리 및 개인 서비스업,87
2024-09-01,30140655,중구,용두동,숙박업,4
2024-09-01,30140655,중구,용두동,"예술, 스포츠 및 여가관련 서비스업",12
2024-09-01,30140655,중구,용두동,음식점업,120
2024-09-01,30140655,중구,용두동,"전문, 과학 및 기술 서비스업",32
2024-09-01,30140670,중구,오류동,교육 서비스업,25
2024-09-01,30140670,중구,오류동,보건의료업,14
2024-09-01,30140670,중구,오류동,부동산업,20
2024-09-01,30140670,중구,오류동,"사업시설 관리, 사업 지원 및 임대 서비스업",34
2024-09-01,30140670,중구,오류동,소매업,161
2024-09-01,30140670,중구,오류동,수리 및 개인 서비스업,69
2024-09-01,30140670,중구,오류동,숙박업,7
2024-09-01,30140670,중구,오류동,"예술, 스포츠 및 여가관련 서비스업",44
2024-09-01,30140670,중구,오류동,음식점업,318
2024-09-01,30140670,중구,오류동,"전문, 과학 및 기술 서비스업",64
2024-09-01,30140680,중구,태평1동,교육 서비스업,19
2024-09-01,30140680,중구,태평1동,보건의료업,3
2024-09-01,30140680,중구,태평1동,부동산업,12
2024-09-01,30140680,중구,태평1동,"사업시설 관리, 사업 지원 및 임대 서비스업",11
2024-09-01,30140680,중구,태평1동,소매업,155
2024-09-01,30140680,중구,태평1동,수리 및 개인 서비스업,79
2024-09-01,30140680,중구,태평1동,숙박업,1
2024-09-01,30140680,중구,태평1동,"예술, 스포츠 및 여가관련 서비스업",25
2024-09-01,30140680,중구,태평1동,음식점업,159
2024-09-01,30140680,중구,태평1동,"전문, 과학 및 기술 서비스업",18
2024-09-01,30140690,중구,태평2동,교육 서비스업,15
2024-09-01,30140690,중구,태평2동,보건의료업,2
2024-09-01,30140690,중구,태평2동,부동산업,16
2024-09-01,30140690,중구,태평2동,"사업시설 관리, 사업 지원 및 임대 서비스업",12
2024-09-01,30140690,중구,태평2동,소매업,135
2024-09-01,30140690,중구,태평2동,수리 및 개인 서비스업,59
2024-09-01,30140690,중구,태평2동,숙박업,2
2024-09-01,30140690,중구,태평2동,"예술, 스포츠 및 여가관련 서비스업",14
2024-09-01,30140690,중구,태평2동,음식점업,100
2024-09-01,30140690,중구,태평2동,"전문, 과학 및 기술 서비스업",20
2024-09-01,30140700,중구,유천1동,교육 서비스업,34
2024-09-01,30140700,중구,유천1동,보건의료업,7
2024-09-01,30140700,중구,유천1동,부동산업,9
2024-09-01,30140700,중구,유천1동,"사업시설 관리, 사업 지원 및 임대 서비스업",14
2024-09-01,30140700,중구,유천1동,소매업,144
2024-09-01,30140700,중구,유천1동,수리 및 개인 서비스업,74
2024-09-01,30140700,중구,유천1동,숙박업,23
2024-09-01,30140700,중구,유천1동,"예술, 스포츠 및 여가관련 서비스업",42
2024-09-01,30140700,중구,유천1동,음식점업,243
2024-09-01,30140700,중구,유천1동,"전문, 과학 및 기술 서비스업",31
2024-09-01,30140710,중구,유천2동,교육 서비스업,23
2024-09-01,30140710,중구,유천2동,보건의료업,12
2024-09-01,30140710,중구,유천2동,부동산업,23
2024-09-01,30140710,중구,유천2동,"사업시설 관리, 사업 지원 및 임대 서비스업",31
2024-09-01,30140710,중구,유천2동,소매업,158
2024-09-01,30140710,중구,유천2동,수리 및 개인 서비스업,117
2024-09-01,30140710,중구,유천2동,숙박업,2
2024-09-01,30140710,중구,유천2동,"예술, 스포츠 및 여가관련 서비스업",28
2024-09-01,30140710,중구,유천2동,음식점업,197
2024-09-01,30140710,중구,유천2동,"전문, 과학 및 기술 서비스업",34
2024-09-01,30140720,중구,문화1동,교육 서비스업,28
2024-09-01,30140720,중구,문화1동,보건의료업,10
2024-09-01,30140720,중구,문화1동,부동산업,8
2024-09-01,30140720,중구,문화1동,"사업시설 관리, 사업 지원 및 임대 서비스업",24
2024-09-01,30140720,중구,문화1동,소매업,190
2024-09-01,30140720,중구,문화1동,수리 및 개인 서비스업,77
2024-09-01,30140720,중구,문화1동,숙박업,6
2024-09-01,30140720,중구,문화1동,"예술, 스포츠 및 여가관련 서비스업",26
2024-09-01,30140720,중구,문화1동,음식점업,184
2024-09-01,30140720,중구,문화1동,"전문, 과학 및 기술 서비스업",23
2024-09-01,30140730,중구,문화2동,교육 서비스업,15
2024-09-01,30140730,중구,문화2동,보건의료업,2
2024-09-01,30140730,중구,문화2동,부동산업,11
2024-09-01,30140730,중구,문화2동,"사업시설 관리, 사업 지원 및 임대 서비스업",5
2024-09-01,30140730,중구,문화2동,소매업,91
2024-09-01,30140730,중구,문화2동,수리 및 개인 서비스업,76
2024-09-01,30140730,중구,문화2동,숙박업,2
2024-09-01,30140730,중구,문화2동,"예술, 스포츠 및 여가관련 서비스업",13
2024-09-01,30140730,중구,문화2동,음식점업,110
2024-09-01,30140730,중구,문화2동,"전문, 과학 및 기술 서비스업",20
2024-09-01,30140740,중구,산성동,교육 서비스업,16
2024-09-01,30140740,중구,산성동,보건의료업,2
2024-09-01,30140740,중구,산성동,부동산업,36
2024-09-01,30140740,중구,산성동,"사업시설 관리, 사업 지원 및 임대 서비스업",78
2024-09-01,30140740,중구,산성동,소매업,359
2024-09-01,30140740,중구,산성동,수리 및 개인 서비스업,209
2024-09-01,30140740,중구,산성동,숙박업,10
2024-09-01,30140740,중구,산성동,"예술, 스포츠 및 여가관련 서비스업",52
2024-09-01,30140740,중구,산성동,음식점업,302
2024-09-01,30140740,중구,산성동,"전문, 과학 및 기술 서비스업",83
2024-09-01,30170510,서구,복수동,교육 서비스업,37
2024-09-01,30170510,서구,복수동,보건의료업,1
2024-09-01,30170510,서구,복수동,부동산업,16
2024-09-01,30170510,서구,복수동,"사업시설 관리, 사업 지원 및 임대 서비스업",21
2024-09-01,30170510,서구,복수동,소매업,95
2024-09-01,30170510,서구,복수동,수리 및 개인 서비스업,85
2024-09-01,30170510,서구,복수동,숙박업,0
2024-09-01,30170510,서구,복수동,"예술, 스포츠 및 여가관련 서비스업",38
2024-09-01,30170510,서구,복수동,음식점업,197
2024-09-01,30170510,서구,복수동,"전문, 과학 및 기술 서비스업",26
2024-09-01,30170520,서구,도마1동,교육 서비스업,31
2024-09-01,30170520,서구,도마1동,보건의료업,7
2024-09-01,30170520,서구,도마1동,부동산업,46
2024-09-01,30170520,서구,도마1동,"사업시설 관리, 사업 지원 및 임대 서비스업",39
2024-09-01,30170520,서구,도마1동,소매업,383
2024-09-01,30170520,서구,도마1동,수리 및 개인 서비스업,136
2024-09-01,30170520,서구,도마1동,숙박업,4
2024-09-01,30170520,서구,도마1동,"예술, 스포츠 및 여가관련 서비스업",40
2024-09-01,30170520,서구,도마1동,음식점업,329
2024-09-01,30170520,서구,도마1동,"전문, 과학 및 기술 서비스업",48
2024-09-01,30170530,서구,도마2동,교육 서비스업,15
2024-09-01,30170530,서구,도마2동,보건의료업,11
2024-09-01,30170530,서구,도마2동,부동산업,48
2024-09-01,30170530,서구,도마2동,"사업시설 관리, 사업 지원 및 임대 서비스업",26
2024-09-01,30170530,서구,도마2동,소매업,176
2024-09-01,30170530,서구,도마2동,수리 및 개인 서비스업,106
2024-09-01,30170530,서구,도마2동,숙박업,2
2024-09-01,30170530,서구,도마2동,"예술, 스포츠 및 여가관련 서비스업",24
2024-09-01,30170530,서구,도마2동,음식점업,184
2024-09-01,30170530,서구,도마2동,"전문, 과학 및 기술 서비스업",38
2024-09-01,30170535,서구,정림동,교육 서비스업,22
2024-09-01,30170535,서구,정림동,보건의료업,6
2024-09-01,30170535,서구,정림동,부동산업,9
2024-09-01,30170535,서구,정림동,"사업시설 관리, 사업 지원 및 임대 서비스업",10
2024-09-01,30170535,서구,정림동,소매업,151
2024-09-01,30170535,서구,정림동,수리 및 개인 서비스업,81
2024-09-01,30170535,서구,정림동,숙박업,0
2024-09-01,30170535,서구,정림동,"예술, 스포츠 및 여가관련 서비스업",32
2024-09-01,30170535,서구,정림동,음식점업,154
2024-09-01,30170535,서구,정림동,"전문, 과학 및 기술 서비스업",34
2024-09-01,30170540,서구,변동,교육 서비스업,17
2024-09-01,30170540,서구,변동,보건의료업,1
2024-09-01,30170540,서구,변동,부동산업,35
2024-09-01,30170540,서구,변동,"사업시설 관리, 사업 지원 및 임대 서비스업",57
2024-09-01,30170540,서구,변동,소매업,171
2024-09-01,30170540,서구,변동,수리 및 개인 서비스업,112
2024-09-01,30170540,서구,변동,숙박업,2
2024-09-01,30170540,서구,변동,"예술, 스포츠 및 여가관련 서비스업",18
2024-09-01,30170540,서구,변동,음식점업,138
2024-09-01,30170540,서구,변동,"전문, 과학 및 기술 서비스업",89
2024-09-01,30170550,서구,용문동,교육 서비스업,21
2024-09-01,30170550,서구,용문동,보건의료업,2
2024-09-01,30170550,서구,용문동,부동산업,41
2024-09-01,30170550,서구,용문동,"사업시설 관리, 사업 지원 및 임대 서비스업",35
2024-09-01,30170550,서구,용문동,소매업,154
2024-09-01,30170550,서구,용문동,수리 및 개인 서비스업,128
2024-09-01,30170550,서구,용문동,숙박업,13
2024-09-01,30170550,서구,용문동,"예술, 스포츠 및 여가관련 서비스업",26
2024-09-01,30170550,서구,용문동,음식점업,154
2024-09-01,30170550,서구,용문동,"전문, 과학 및 기술 서비스업",47
2024-09-01,30170555,서구,탄방동,교육 서비스업,150
2024-09-01,30170555,서구,탄방동,보건의료업,50
2024-09-01,30170555,서구,탄방동,부동산업,83
2024-09-01,30170555,서구,탄방동,"사업시설 관리, 사업 지원 및 임대 서비스업",110
2024-09-01,30170555,서구,탄방동,소매업,680
2024-09-01,30170555,서구,탄방동,수리 및 개인 서비스업,409
2024-09-01,30170555,서구,탄방동,숙박업,6
2024-09-01,30170555,서구,탄방동,"예술, 스포츠 및 여가관련 서비스업",107
2024-09-01,30170555,서구,탄방동,음식점업,611
2024-09-01,30170555,서구,탄방동,"전문, 과학 및 기술 서비스업",229
2024-09-01,30170560,서구,괴정동,교육 서비스업,51
2024-09-01,30170560,서구,괴정동,보건의료업,12
2024-09-01,30170560,서구,괴정동,부동산업,72
2024-09-01,30170560,서구,괴정동,"사업시설 관리, 사업 지원 및 임대 서비스업",68
2024-09-01,30170560,서구,괴정동,소매업,524
2024-09-01,30170560,서구,괴정동,수리 및 개인 서비스업,270
2024-09-01,30170560,서구,괴정동,숙박업,8
2024-09-01,30170560,서구,괴정동,"예술, 스포츠 및 여가관련 서비스업",72
2024-09-01,30170560,서구,괴정동,음식점업,505
2024-09-01,30170560,서구,괴정동,"전문, 과학 및 기술 서비스업",120
2024-09-01,30170570,서구,가장동,교육 서비스업,15
2024-09-01,30170570,서구,가장동,보건의료업,2
2024-09-01,30170570,서구,가장동,부동산업,14
2024-09-01,30170570,서구,가장동,"사업시설 관리, 사업 지원 및 임대 서비스업",23
2024-09-01,30170570,서구,가장동,소매업,108
2024-09-01,30170570,서구,가장동,수리 및 개인 서비스업,78
2024-09-01,30170570,서구,가장동,숙박업,0
2024-09-01,30170570,서구,가장동,"예술, 스포츠 및 여가관련 서비스업",17
2024-09-01,30170570,서구,가장동,음식점업,79
2024-09-01,30170570,서구,가장동,"전문, 과학 및 기술 서비스업",25
2024-09-01,30170575,서구,내동,교육 서비스업,33
2024-09-01,30170575,서구,내동,보건의료업,2
2024-09-01,30170575,서구,내동,부동산업,22
2024-09-01,30170575,서구,내동,"사업시설 관리, 사업 지원 및 임대 서비스업",22
2024-09-01,30170575,서구,내동,소매업,145
2024-09-01,30170575,서구,내동,수리 및 개인 서비스업,110
2024-09-01,30170575,서구,내동,숙박업,0
2024-09-01,30170575,서구,내동,"예술, 스포츠 및 여가관련 서비스업",19
2024-09-01,30170575,서구,내동,음식점업,118
2024-09-01,30170575,서구,내동,"전문, 과학 및 기술 서비스업",56
2024-09-01,30170581,서구,갈마1동,교육 서비스업,36
2024-09-01,30170581,서구,갈마1동,보건의료업,6
2024-09-01,30170581,서구,갈마1동,부동산업,34
2024-09-01,30170581,서구,갈마1동,"사업시설 관리, 사업 지원 및 임대 서비스업",51
2024-09-01,30170581,서구,갈마1동,소매업,214
2024-09-01,30170581,서구,갈마1동,수리 및 개인 서비스업,193
2024-09-01,30170581,서구,갈마1동,숙박업,7
2024-09-01,30170581,서구,갈마1동,"예술, 스포츠 및 여가관련 서비스업",53
2024-09-01,30170581,서구,갈마1동,음식점업,343
2024-09-01,30170581,서구,갈마1동,"전문, 과학 및 기술 서비스업",102
2024-09-01,30170582,서구,갈마2동,교육 서비스업,49
2024-09-01,30170582,서구,갈마2동,보건의료업,4
2024-09-01,30170582,서구,갈마2동,부동산업,39
2024-09-01,30170582,서구,갈마2동,"사업시설 관리, 사업 지원 및 임대 서비스업",51
2024-09-01,30170582,서구,갈마2동,소매업,207
2024-09-01,30170582,서구,갈마2동,수리 및 개인 서비스업,169
2024-09-01,30170582,서구,갈마2동,숙박업,1
2024-09-01,30170582,서구,갈마2동,"예술, 스포츠 및 여가관련 서비스업",72
2024-09-01,30170582,서구,갈마2동,음식점업,395
2024-09-01,30170582,서구,갈마2동,"전문, 과학 및 기술 서비스업",95
2024-09-01,30170586,서구,월평1동,교육 서비스업,31
2024-09-01,30170586,서구,월평1동,보건의료업,6
2024-09-01,30170586,서구,월평1동,부동산업,57
2024-09-01,30170586,서구,월평1동,"사업시설 관리, 사업 지원 및 임대 서비스업",83
2024-09-01,30170586,서구,월평1동,소매업,229
2024-09-01,30170586,서구,월평1동,수리 및 개인 서비스업,191
2024-09-01,30170586,서구,월평1동,숙박업,12
2024-09-01,30170586,서구,월평1동,"예술, 스포츠 및 여가관련 서비스업",60
2024-09-01,30170586,서구,월평1동,음식점업,373
2024-09-01,30170586,서구,월평1동,"전문, 과학 및 기술 서비스업",118
2024-09-01,30170587,서구,월평2동,교육 서비스업,62
2024-09-01,30170587,서구,월평2동,보건의료업,20
2024-09-01,30170587,서구,월평2동,부동산업,15
2024-09-01,30170587,서구,월평2동,"사업시설 관리, 사업 지원 및 임대 서비스업",42
2024-09-01,30170587,서구,월평2동,소매업,133
2024-09-01,30170587,서구,월평2동,수리 및 개인 서비스업,60
2024-09-01,30170587,서구,월평2동,숙박업,5
2024-09-01,30170587,서구,월평2동,"예술, 스포츠 및 여가관련 서비스업",70
2024-09-01,30170587,서구,월평2동,음식점업,189
2024-09-01,30170587,서구,월평2동,"전문, 과학 및 기술 서비스업",139
2024-09-01,30170588,서구,월평3동,교육 서비스업,7
2024-09-01,30170588,서구,월평3동,보건의료업,0
2024-09-01,30170588,서구,월평3동,부동산업,2
2024-09-01,30170588,서구,월평3동,"사업시설 관리, 사업 지원 및 임대 서비스업",2
2024-09-01,30170588,서구,월평3동,소매업,23
2024-09-01,30170588,서구,월평3동,수리 및 개인 서비스업,15
2024-09-01,30170588,서구,월평3동,숙박업,0
2024-09-01,30170588,서구,월평3동,"예술, 스포츠 및 여가관련 서비스업",1
2024-09-01,30170588,서구,월평3동,음식점업,33
2024-09-01,30170588,서구,월평3동,"전문, 과학 및 기술 서비스업",2
2024-09-01,30170590,서구,가수원동,교육 서비스업,13
2024-09-01,30170590,서구,가수원동,보건의료업,2
2024-09-01,30170590,서구,가수원동,부동산업,19
2024-09-01,30170590,서구,가수원동,"사업시설 관리, 사업 지원 및 임대 서비스업",25
2024-09-01,30170590,서구,가수원동,소매업,99
2024-09-01,30170590,서구,가수원동,수리 및 개인 서비스업,69
2024-09-01,30170590,서구,가수원동,숙박업,0
2024-09-01,30170590,서구,가수원동,"예술, 스포츠 및 여가관련 서비스업",17
2024-09-01,30170590,서구,가수원동,음식점업,111
2024-09-01,30170590,서구,가수원동,"전문, 과학 및 기술 서비스업",17
2024-09-01,30170593,서구,도안동,교육 서비스업,155
2024-09-01,30170593,서구,도안동,보건의료업,13
2024-09-01,30170593,서구,도안동,부동산업,84
2024-09-01,30170593,서구,도안동,"사업시설 관리, 사업 지원 및 임대 서비스업",53
2024-09-01,30170593,서구,도안동,소매업,340
2024-09-01,30170593,서구,도안동,수리 및 개인 서비스업,268
2024-09-01,30170593,서구,도안동,숙박업,1
2024-09-01,30170593,서구,도안동,"예술, 스포츠 및 여가관련 서비스업",93
2024-09-01,30170593,서구,도안동,음식점업,577
2024-09-01,30170593,서구,도안동,"전문, 과학 및 기술 서비스업",162
2024-09-01,30170596,서구,관저1동,교육 서비스업,22
2024-09-01,30170596,서구,관저1동,보건의료업,7
2024-09-01,30170596,서구,관저1동,부동산업,28
2024-09-01,30170596,서구,관저1동,"사업시설 관리, 사업 지원 및 임대 서비스업",10
2024-09-01,30170596,서구,관저1동,소매업,100
2024-09-01,30170596,서구,관저1동,수리 및 개인 서비스업,61
2024-09-01,30170596,서구,관저1동,숙박업,0
2024-09-01,30170596,서구,관저1동,"예술, 스포츠 및 여가관련 서비스업",35
2024-09-01,30170596,서구,관저1동,음식점업,165
2024-09-01,30170596,서구,관저1동,"전문, 과학 및 기술 서비스업",29
2024-09-01,30170597,서구,관저2동,교육 서비스업,122
2024-09-01,30170597,서구,관저2동,보건의료업,23
2024-09-01,30170597,서구,관저2동,부동산업,71
2024-09-01,30170597,서구,관저2동,"사업시설 관리, 사업 지원 및 임대 서비스업",21
2024-09-01,30170597,서구,관저2동,소매업,324
2024-09-01,30170597,서구,관저2동,수리 및 개인 서비스업,232
2024-09-01,30170597,서구,관저2동,숙박업,0
2024-09-01,30170597,서구,관저2동,"예술, 스포츠 및 여가관련 서비스업",95
2024-09-01,30170597,서구,관저2동,음식점업,566
2024-09-01,30170597,서구,관저2동,"전문, 과학 및 기술 서비스업",86
2024-09-01,30170600,서구,기성동,교육 서비스업,6
2024-09-01,30170600,서구,기성동,보건의료업,1
2024-09-01,30170600,서구,기성동,부동산업,6
2024-09-01,30170600,서구,기성동,"사업시설 관리, 사업 지원 및 임대 서비스업",12
2024-09-01,30170600,서구,기성동,소매업,54
2024-09-01,30170600,서구,기성동,수리 및 개인 서비스업,8
2024-09-01,30170600,서구,기성동,숙박업,31
2024-09-01,30170600,서구,기성동,"예술, 스포츠 및 여가관련 서비스업",6
2024-09-01,30170600,서구,기성동,음식점업,52
2024-09-01,30170600,서구,기성동,"전문, 과학 및 기술 서비스업",8
2024-09-01,30170630,서구,둔산1동,교육 서비스업,166
2024-09-01,30170630,서구,둔산1동,보건의료업,39
2024-09-01,30170630,서구,둔산1동,부동산업,77
2024-09-01,30170630,서구,둔산1동,"사업시설 관리, 사업 지원 및 임대 서비스업",54
2024-09-01,30170630,서구,둔산1동,소매업,154
2024-09-01,30170630,서구,둔산1동,수리 및 개인 서비스업,91
2024-09-01,30170630,서구,둔산1동,숙박업,12
2024-09-01,30170630,서구,둔산1동,"예술, 스포츠 및 여가관련 서비스업",63
2024-09-01,30170630,서구,둔산1동,음식점업,403
2024-09-01,30170630,서구,둔산1동,"전문, 과학 및 기술 서비스업",596
2024-09-01,30170640,서구,둔산2동,교육 서비스업,116
2024-09-01,30170640,서구,둔산2동,보건의료업,128
2024-09-01,30170640,서구,둔산2동,부동산업,46
2024-09-01,30170640,서구,둔산2동,"사업시설 관리, 사업 지원 및 임대 서비스업",72
2024-09-01,30170640,서구,둔산2동,소매업,649
2024-09-01,30170640,서구,둔산2동,수리 및 개인 서비스업,214
2024-09-01,30170640,서구,둔산2동,숙박업,17
2024-09-01,30170640,서구,둔산2동,"예술, 스포츠 및 여가관련 서비스업",125
2024-09-01,30170640,서구,둔산2동,음식점업,688
2024-09-01,30170640,서구,둔산2동,"전문, 과학 및 기술 서비스업",400
2024-09-01,30170650,서구,만년동,교육 서비스업,33
2024-09-01,30170650,서구,만년동,보건의료업,4
2024-09-01,30170650,서구,만년동,부동산업,24
2024-09-01,30170650,서구,만년동,"사업시설 관리, 사업 지원 및 임대 서비스업",49
2024-09-01,30170650,서구,만년동,소매업,166
2024-09-01,30170650,서구,만년동,수리 및 개인 서비스업,76
2024-09-01,30170650,서구,만년동,숙박업,2
2024-09-01,30170650,서구,만년동,"예술, 스포츠 및 여가관련 서비스업",28
2024-09-01,30170650,서구,만년동,음식점업,234
2024-09-01,30170650,서구,만년동,"전문, 과학 및 기술 서비스업",132
2024-09-01,30170660,서구,둔산3동,교육 서비스업,38
2024-09-01,30170660,서구,둔산3동,보건의료업,1
2024-09-01,30170660,서구,둔산3동,부동산업,19
2024-09-01,30170660,서구,둔산3동,"사업시설 관리, 사업 지원 및 임대 서비스업",10
2024-09-01,30170660,서구,둔산3동,소매업,209
2024-09-01,30170660,서구,둔산3동,수리 및 개인 서비스업,83
2024-09-01,30170660,서구,둔산3동,숙박업,0
2024-09-01,30170660,서구,둔산3동,"예술, 스포츠 및 여가관련 서비스업",29
2024-09-01,30170660,서구,둔산3동,음식점업,192
2024-09-01,30170660,서구,둔산3동,"전문, 과학 및 기술 서비스업",25
2024-09-01,30200520,유성구,진잠동,교육 서비스업,33
2024-09-01,30200520,유성구,진잠동,보건의료업,7
2024-09-01,30200520,유성구,진잠동,부동산업,38
2024-09-01,30200520,유성구,진잠동,"사업시설 관리, 사업 지원 및 임대 서비스업",66
2024-09-01,30200520,유성구,진잠동,소매업,396
2024-09-01,30200520,유성구,진잠동,수리 및 개인 서비스업,154
2024-09-01,30200520,유성구,진잠동,숙박업,4
2024-09-01,30200520,유성구,진잠동,"예술, 스포츠 및 여가관련 서비스업",50
2024-09-01,30200520,유성구,진잠동,음식점업,299
2024-09-01,30200520,유성구,진잠동,"전문, 과학 및 기술 서비스업",84
2024-09-01,30200526,유성구,학하동,교육 서비스업,38
2024-09-01,30200526,유성구,학하동,보건의료업,5
2024-09-01,30200526,유성구,학하동,부동산업,75
2024-09-01,30200526,유성구,학하동,"사업시설 관리, 사업 지원 및 임대 서비스업",60
2024-09-01,30200526,유성구,학하동,소매업,167
2024-09-01,30200526,유성구,학하동,수리 및 개인 서비스업,121
2024-09-01,30200526,유성구,학하동,숙박업,2
2024-09-01,30200526,유성구,학하동,"예술, 스포츠 및 여가관련 서비스업",42
2024-09-01,30200526,유성구,학하동,음식점업,304
2024-09-01,30200526,유성구,학하동,"전문, 과학 및 기술 서비스업",123
2024-09-01,30200527,유성구,상대동,교육 서비스업,46
2024-09-01,30200527,유성구,상대동,보건의료업,4
2024-09-01,30200527,유성구,상대동,부동산업,17
2024-09-01,30200527,유성구,상대동,"사업시설 관리, 사업 지원 및 임대 서비스업",8
2024-09-01,30200527,유성구,상대동,소매업,87
2024-09-01,30200527,유성구,상대동,수리 및 개인 서비스업,73
2024-09-01,30200527,유성구,상대동,숙박업,0
2024-09-01,30200527,유성구,상대동,"예술, 스포츠 및 여가관련 서비스업",14
2024-09-01,30200527,유성구,상대동,음식점업,140
2024-09-01,30200527,유성구,상대동,"전문, 과학 및 기술 서비스업",73
2024-09-01,30200530,유성구,온천1동,교육 서비스업,93
2024-09-01,30200530,유성구,온천1동,보건의료업,46
2024-09-01,30200530,유성구,온천1동,부동산업,168
2024-09-01,30200530,유성구,온천1동,"사업시설 관리, 사업 지원 및 임대 서비스업",137
2024-09-01,30200530,유성구,온천1동,소매업,620
2024-09-01,30200530,유성구,온천1동,수리 및 개인 서비스업,404
2024-09-01,30200530,유성구,온천1동,숙박업,88
2024-09-01,30200530,유성구,온천1동,"예술, 스포츠 및 여가관련 서비스업",103
2024-09-01,30200530,유성구,온천1동,음식점업,1032
2024-09-01,30200530,유성구,온천1동,"전문, 과학 및 기술 서비스업",351
2024-09-01,30200540,유성구,온천2동,교육 서비스업,118
2024-09-01,30200540,유성구,온천2동,보건의료업,7
2024-09-01,30200540,유성구,온천2동,부동산업,114
2024-09-01,30200540,유성구,온천2동,"사업시설 관리, 사업 지원 및 임대 서비스업",107
2024-09-01,30200540,유성구,온천2동,소매업,590
2024-09-01,30200540,유성구,온천2동,수리 및 개인 서비스업,289
2024-09-01,30200540,유성구,온천2동,숙박업,15
2024-09-01,30200540,유성구,온천2동,"예술, 스포츠 및 여가관련 서비스업",138
2024-09-01,30200540,유성구,온천2동,음식점업,1040
2024-09-01,30200540,유성구,온천2동,"전문, 과학 및 기술 서비스업",242
2024-09-01,30200546,유성구,노은1동,교육 서비스업,96
2024-09-01,30200546,유성구,노은1동,보건의료업,6
2024-09-01,30200546,유성구,노은1동,부동산업,33
2024-09-01,30200546,유성구,노은1동,"사업시설 관리, 사업 지원 및 임대 서비스업",35
2024-09-01,30200546,유성구,노은1동,소매업,284
2024-09-01,30200546,유성구,노은1동,수리 및 개인 서비스업,159
2024-09-01,30200546,유성구,노은1동,숙박업,1
2024-09-01,30200546,유성구,노은1동,"예술, 스포츠 및 여가관련 서비스업",58
2024-09-01,30200546,유성구,노은1동,음식점업,356
2024-09-01,30200546,유성구,노은1동,"전문, 과학 및 기술 서비스업",87
2024-09-01,30200547,유성구,노은2동,교육 서비스업,63
2024-09-01,30200547,유성구,노은2동,보건의료업,12
2024-09-01,30200547,유성구,노은2동,부동산업,25
2024-09-01,30200547,유성구,노은2동,"사업시설 관리, 사업 지원 및 임대 서비스업",30
2024-09-01,30200547,유성구,노은2동,소매업,164
2024-09-01,30200547,유성구,노은2동,수리 및 개인 서비스업,56
2024-09-01,30200547,유성구,노은2동,숙박업,2
2024-09-01,30200547,유성구,노은2동,"예술, 스포츠 및 여가관련 서비스업",47
2024-09-01,30200547,유성구,노은2동,음식점업,203
2024-09-01,30200547,유성구,노은2동,"전문, 과학 및 기술 서비스업",52
2024-09-01,30200548,유성구,노은3동,교육 서비스업,108
2024-09-01,30200548,유성구,노은3동,보건의료업,17
2024-09-01,30200548,유성구,노은3동,부동산업,26
2024-09-01,30200548,유성구,노은3동,"사업시설 관리, 사업 지원 및 임대 서비스업",18
2024-09-01,30200548,유성구,노은3동,소매업,229
2024-09-01,30200548,유성구,노은3동,수리 및 개인 서비스업,137
2024-09-01,30200548,유성구,노은3동,숙박업,0
2024-09-01,30200548,유성구,노은3동,"예술, 스포츠 및 여가관련 서비스업",51
2024-09-01,30200548,유성구,노은3동,음식점업,333
2024-09-01,30200548,유성구,노은3동,"전문, 과학 및 기술 서비스업",84
2024-09-01,30200550,유성구,신성동,교육 서비스업,56
2024-09-01,30200550,유성구,신성동,보건의료업,9
2024-09-01,30200550,유성구,신성동,부동산업,45
2024-09-01,30200550,유성구,신성동,"사업시설 관리, 사업 지원 및 임대 서비스업",55
2024-09-01,30200550,유성구,신성동,소매업,456
2024-09-01,30200550,유성구,신성동,수리 및 개인 서비스업,113
2024-09-01,30200550,유성구,신성동,숙박업,5
2024-09-01,30200550,유성구,신성동,"예술, 스포츠 및 여가관련 서비스업",69
2024-09-01,30200550,유성구,신성동,음식점업,543
2024-09-01,30200550,유성구,신성동,"전문, 과학 및 기술 서비스업",109
2024-09-01,30200570,유성구,전민동,교육 서비스업,57
2024-09-01,30200570,유성구,전민동,보건의료업,7
2024-09-01,30200570,유성구,전민동,부동산업,25
2024-09-01,30200570,유성구,전민동,"사업시설 관리, 사업 지원 및 임대 서비스업",17
2024-09-01,30200570,유성구,전민동,소매업,391
2024-09-01,30200570,유성구,전민동,수리 및 개인 서비스업,107
2024-09-01,30200570,유성구,전민동,숙박업,0
2024-09-01,30200570,유성구,전민동,"예술, 스포츠 및 여가관련 서비스업",64
2024-09-01,30200570,유성구,전민동,음식점업,403
2024-09-01,30200570,유성구,전민동,"전문, 과학 및 기술 서비스업",55
2024-09-01,30200580,유성구,구즉동,교육 서비스업,29
2024-09-01,30200580,유성구,구즉동,보건의료업,4
2024-09-01,30200580,유성구,구즉동,부동산업,26
2024-09-01,30200580,유성구,구즉동,"사업시설 관리, 사업 지원 및 임대 서비스업",11
2024-09-01,30200580,유성구,구즉동,소매업,163
2024-09-01,30200580,유성구,구즉동,수리 및 개인 서비스업,107
2024-09-01,30200580,유성구,구즉동,숙박업,0
2024-09-01,30200580,유성구,구즉동,"예술, 스포츠 및 여가관련 서비스업",46
2024-09-01,30200580,유성구,구즉동,음식점업,304
2024-09-01,30200580,유성구,구즉동,"전문, 과학 및 기술 서비스업",27
2024-09-01,30200600,유성구,관평동,교육 서비스업,103
2024-09-01,30200600,유성구,관평동,보건의료업,17
2024-09-01,30200600,유성구,관평동,부동산업,42
2024-09-01,30200600,유성구,관평동,"사업시설 관리, 사업 지원 및 임대 서비스업",48
2024-09-01,30200600,유성구,관평동,소매업,437
2024-09-01,30200600,유성구,관평동,수리 및 개인 서비스업,157
2024-09-01,30200600,유성구,관평동,숙박업,7
2024-09-01,30200600,유성구,관평동,"예술, 스포츠 및 여가관련 서비스업",70
2024-09-01,30200600,유성구,관평동,음식점업,577
2024-09-01,30200600,유성구,관평동,"전문, 과학 및 기술 서비스업",143
2024-09-01,30200610,유성구,원신흥동,교육 서비스업,83
2024-09-01,30200610,유성구,원신흥동,보건의료업,23
2024-09-01,30200610,유성구,원신흥동,부동산업,35
2024-09-01,30200610,유성구,원신흥동,"사업시설 관리, 사업 지원 및 임대 서비스업",25
2024-09-01,30200610,유성구,원신흥동,소매업,218
2024-09-01,30200610,유성구,원신흥동,수리 및 개인 서비스업,225
2024-09-01,30200610,유성구,원신흥동,숙박업,0
2024-09-01,30200610,유성구,원신흥동,"예술, 스포츠 및 여가관련 서비스업",19
2024-09-01,30200610,유성구,원신흥동,음식점업,245
2024-09-01,30200610,유성구,원신흥동,"전문, 과학 및 기술 서비스업",62
2024-09-01,30230510,대덕구,오정동,교육 서비스업,33
2024-09-01,30230510,대덕구,오정동,보건의료업,2
2024-09-01,30230510,대덕구,오정동,부동산업,38
2024-09-01,30230510,대덕구,오정동,"사업시설 관리, 사업 지원 및 임대 서비스업",80
2024-09-01,30230510,대덕구,오정동,소매업,308
2024-09-01,30230510,대덕구,오정동,수리 및 개인 서비스업,142
2024-09-01,30230510,대덕구,오정동,숙박업,2
2024-09-01,30230510,대덕구,오정동,"예술, 스포츠 및 여가관련 서비스업",43
2024-09-01,30230510,대덕구,오정동,음식점업,286
2024-09-01,30230510,대덕구,오정동,"전문, 과학 및 기술 서비스업",121
2024-09-01,30230520,대덕구,대화동,교육 서비스업,11
2024-09-01,30230520,대덕구,대화동,보건의료업,0
2024-09-01,30230520,대덕구,대화동,부동산업,12
2024-09-01,30230520,대덕구,대화동,"사업시설 관리, 사업 지원 및 임대 서비스업",37
2024-09-01,30230520,대덕구,대화동,소매업,151
2024-09-01,30230520,대덕구,대화동,수리 및 개인 서비스업,61
2024-09-01,30230520,대덕구,대화동,숙박업,0
2024-09-01,30230520,대덕구,대화동,"예술, 스포츠 및 여가관련 서비스업",6
2024-09-01,30230520,대덕구,대화동,음식점업,93
2024-09-01,30230520,대덕구,대화동,"전문, 과학 및 기술 서비스업",142
2024-09-01,30230525,대덕구,회덕동,교육 서비스업,5
2024-09-01,30230525,대덕구,회덕동,보건의료업,1
2024-09-01,30230525,대덕구,회덕동,부동산업,14
2024-09-01,30230525,대덕구,회덕동,"사업시설 관리, 사업 지원 및 임대 서비스업",24
2024-09-01,30230525,대덕구,회덕동,소매업,129
2024-09-01,30230525,대덕구,회덕동,수리 및 개인 서비스업,97
2024-09-01,30230525,대덕구,회덕동,숙박업,2
2024-09-01,30230525,대덕구,회덕동,"예술, 스포츠 및 여가관련 서비스업",17
2024-09-01,30230525,대덕구,회덕동,음식점업,136
2024-09-01,30230525,대덕구,회덕동,"전문, 과학 및 기술 서비스업",24
2024-09-01,30230533,대덕구,비래동,교육 서비스업,16
2024-09-01,30230533,대덕구,비래동,보건의료업,3
2024-09-01,30230533,대덕구,비래동,부동산업,23
2024-09-01,30230533,대덕구,비래동,"사업시설 관리, 사업 지원 및 임대 서비스업",24
2024-09-01,30230533,대덕구,비래동,소매업,146
2024-09-01,30230533,대덕구,비래동,수리 및 개인 서비스업,100
2024-09-01,30230533,대덕구,비래동,숙박업,0
2024-09-01,30230533,대덕구,비래동,"예술, 스포츠 및 여가관련 서비스업",43
2024-09-01,30230533,대덕구,비래동,음식점업,178
2024-09-01,30230533,대덕구,비래동,"전문, 과학 및 기술 서비스업",27
2024-09-01,30230543,대덕구,송촌동,교육 서비스업,72
2024-09-01,30230543,대덕구,송촌동,보건의료업,5
2024-09-01,30230543,대덕구,송촌동,부동산업,15
2024-09-01,30230543,대덕구,송촌동,"사업시설 관리, 사업 지원 및 임대 서비스업",25
2024-09-01,30230543,대덕구,송촌동,소매업,228
2024-09-01,30230543,대덕구,송촌동,수리 및 개인 서비스업,149
2024-09-01,30230543,대덕구,송촌동,숙박업,1
2024-09-01,30230543,대덕구,송촌동,"예술, 스포츠 및 여가관련 서비스업",91
2024-09-01,30230543,대덕구,송촌동,음식점업,392
2024-09-01,30230543,대덕구,송촌동,"전문, 과학 및 기술 서비스업",59
2024-09-01,30230546,대덕구,중리동,교육 서비스업,35
2024-09-01,30230546,대덕구,중리동,보건의료업,9
2024-09-01,30230546,대덕구,중리동,부동산업,33
2024-09-01,30230546,대덕구,중리동,"사업시설 관리, 사업 지원 및 임대 서비스업",44
2024-09-01,30230546,대덕구,중리동,소매업,462
2024-09-01,30230546,대덕구,중리동,수리 및 개인 서비스업,255
2024-09-01,30230546,대덕구,중리동,숙박업,32
2024-09-01,30230546,대덕구,중리동,"예술, 스포츠 및 여가관련 서비스업",94
2024-09-01,30230546,대덕구,중리동,음식점업,511
2024-09-01,30230546,대덕구,중리동,"전문, 과학 및 기술 서비스업",80
2024-09-01,30230550,대덕구,신탄진동,교육 서비스업,14
2024-09-01,30230550,대덕구,신탄진동,보건의료업,8
2024-09-01,30230550,대덕구,신탄진동,부동산업,20
2024-09-01,30230550,대덕구,신탄진동,"사업시설 관리, 사업 지원 및 임대 서비스업",15
2024-09-01,30230550,대덕구,신탄진동,소매업,180
2024-09-01,30230550,대덕구,신탄진동,수리 및 개인 서비스업,98
2024-09-01,30230550,대덕구,신탄진동,숙박업,34
2024-09-01,30230550,대덕구,신탄진동,"예술, 스포츠 및 여가관련 서비스업",39
2024-09-01,30230550,대덕구,신탄진동,음식점업,348
2024-09-01,30230550,대덕구,신탄진동,"전문, 과학 및 기술 서비스업",23
2024-09-01,30230560,대덕구,석봉동,교육 서비스업,16
2024-09-01,30230560,대덕구,석봉동,보건의료업,6
2024-09-01,30230560,대덕구,석봉동,부동산업,13
2024-09-01,30230560,대덕구,석봉동,"사업시설 관리, 사업 지원 및 임대 서비스업",11
2024-09-01,30230560,대덕구,석봉동,소매업,161
2024-09-01,30230560,대덕구,석봉동,수리 및 개인 서비스업,84
2024-09-01,30230560,대덕구,석봉동,숙박업,0
2024-09-01,30230560,대덕구,석봉동,"예술, 스포츠 및 여가관련 서비스업",31
2024-09-01,30230560,대덕구,석봉동,음식점업,195
2024-09-01,30230560,대덕구,석봉동,"전문, 과학 및 기술 서비스업",15
2024-09-01,30230570,대덕구,덕암동,교육 서비스업,10
2024-09-01,30230570,대덕구,덕암동,보건의료업,1
2024-09-01,30230570,대덕구,덕암동,부동산업,14
2024-09-01,30230570,대덕구,덕암동,"사업시설 관리, 사업 지원 및 임대 서비스업",24
2024-09-01,30230570,대덕구,덕암동,소매업,161
2024-09-01,30230570,대덕구,덕암동,수리 및 개인 서비스업,107
2024-09-01,30230570,대덕구,덕암동,숙박업,4
2024-09-01,30230570,대덕구,덕암동,"예술, 스포츠 및 여가관련 서비스업",23
2024-09-01,30230570,대덕구,덕암동,음식점업,154
2024-09-01,30230570,대덕구,덕암동,"전문, 과학 및 기술 서비스업",32
2024-09-01,30230580,대덕구,목상동,교육 서비스업,4
2024-09-01,30230580,대덕구,목상동,보건의료업,1
2024-09-01,30230580,대덕구,목상동,부동산업,4
2024-09-01,30230580,대덕구,목상동,"사업시설 관리, 사업 지원 및 임대 서비스업",22
2024-09-01,30230580,대덕구,목상동,소매업,85
2024-09-01,30230580,대덕구,목상동,수리 및 개인 서비스업,53
2024-09-01,30230580,대덕구,목상동,숙박업,0
2024-09-01,30230580,대덕구,목상동,"예술, 스포츠 및 여가관련 서비스업",20
2024-09-01,30230580,대덕구,목상동,음식점업,136
2024-09-01,30230580,대덕구,목상동,"전문, 과학 및 기술 서비스업",22
2024-09-01,30230600,대덕구,법1동,교육 서비스업,10
2024-09-01,30230600,대덕구,법1동,보건의료업,8
2024-09-01,30230600,대덕구,법1동,부동산업,4
2024-09-01,30230600,대덕구,법1동,"사업시설 관리, 사업 지원 및 임대 서비스업",4
2024-09-01,30230600,대덕구,법1동,소매업,34
2024-09-01,30230600,대덕구,법1동,수리 및 개인 서비스업,20
2024-09-01,30230600,대덕구,법1동,숙박업,1
2024-09-01,30230600,대덕구,법1동,"예술, 스포츠 및 여가관련 서비스업",10
2024-09-01,30230600,대덕구,법1동,음식점업,40
2024-09-01,30230600,대덕구,법1동,"전문, 과학 및 기술 서비스업",10
2024-09-01,30230610,대덕구,법2동,교육 서비스업,13
2024-09-01,30230610,대덕구,법2동,보건의료업,1
2024-09-01,30230610,대덕구,법2동,부동산업,2
2024-09-01,30230610,대덕구,법2동,"사업시설 관리, 사업 지원 및 임대 서비스업",6
2024-09-01,30230610,대덕구,법2동,소매업,82
2024-09-01,30230610,대덕구,법2동,수리 및 개인 서비스업,42
2024-09-01,30230610,대덕구,법2동,숙박업,0
2024-09-01,30230610,대덕구,법2동,"예술, 스포츠 및 여가관련 서비스업",20
2024-09-01,30230610,대덕구,법2동,음식점업,98
2024-09-01,30230610,대덕구,법2동,"전문, 과학 및 기술 서비스업",11
2024-12-01,30110515,동구,중앙동,교육 서비스업,30
2024-12-01,30110515,동구,중앙동,보건의료업,54
2024-12-01,30110515,동구,중앙동,부동산업,28
2024-12-01,30110515,동구,중앙동,"사업시설 관리, 사업 지원 및 임대 서비스업",44
2024-12-01,30110515,동구,중앙동,소매업,1041
2024-12-01,30110515,동구,중앙동,수리 및 개인 서비스업,106
2024-12-01,30110515,동구,중앙동,숙박업,62
2024-12-01,30110515,동구,중앙동,"예술, 스포츠 및 여가관련 서비스업",32
2024-12-01,30110515,동구,중앙동,음식점업,424
2024-12-01,30110515,동구,중앙동,"전문, 과학 및 기술 서비스업",183
2024-12-01,30110530,동구,효동,교육 서비스업,145
2024-12-01,30110530,동구,효동,보건의료업,46
2024-12-01,30110530,동구,효동,부동산업,32
2024-12-01,30110530,동구,효동,"사업시설 관리, 사업 지원 및 임대 서비스업",13
2024-12-01,30110530,동구,효동,소매업,305
2024-12-01,30110530,동구,효동,수리 및 개인 서비스업,143
2024-12-01,30110530,동구,효동,숙박업,1
2024-12-01,30110530,동구,효동,"예술, 스포츠 및 여가관련 서비스업",82
2024-12-01,30110530,동구,효동,음식점업,387
2024-12-01,30110530,동구,효동,"전문, 과학 및 기술 서비스업",37
2024-12-01,30110545,동구,신인동,교육 서비스업,26
2024-12-01,30110545,동구,신인동,보건의료업,11
2024-12-01,30110545,동구,신인동,부동산업,18
2024-12-01,30110545,동구,신인동,"사업시설 관리, 사업 지원 및 임대 서비스업",15
2024-12-01,30110545,동구,신인동,소매업,97
2024-12-01,30110545,동구,신인동,수리 및 개인 서비스업,67
2024-12-01,30110545,동구,신인동,숙박업,3
2024-12-01,30110545,동구,신인동,"예술, 스포츠 및 여가관련 서비스업",18
2024-12-01,30110545,동구,신인동,음식점업,124
2024-12-01,30110545,동구,신인동,"전문, 과학 및 기술 서비스업",20
2024-12-01,30110551,동구,판암1동,교육 서비스업,25
2024-12-01,30110551,동구,판암1동,보건의료업,31
2024-12-01,30110551,동구,판암1동,부동산업,13
2024-12-01,30110551,동구,판암1동,"사업시설 관리, 사업 지원 및 임대 서비스업",13
2024-12-01,30110551,동구,판암1동,소매업,96
2024-12-01,30110551,동구,판암1동,수리 및 개인 서비스업,58
2024-12-01,30110551,동구,판암1동,숙박업,0
2024-12-01,30110551,동구,판암1동,"예술, 스포츠 및 여가관련 서비스업",15
2024-12-01,30110551,동구,판암1동,음식점업,108
2024-12-01,30110551,동구,판암1동,"전문, 과학 및 기술 서비스업",12
2024-12-01,30110552,동구,판암2동,교육 서비스업,1
2024-12-01,30110552,동구,판암2동,보건의료업,6
2024-12-01,30110552,동구,판암2동,부동산업,2
2024-12-01,30110552,동구,판암2동,"사업시설 관리, 사업 지원 및 임대 서비스업",6
2024-12-01,30110552,동구,판암2동,소매업,47
2024-12-01,30110552,동구,판암2동,수리 및 개인 서비스업,21
2024-12-01,30110552,동구,판암2동,숙박업,0
2024-12-01,30110552,동구,판암2동,"예술, 스포츠 및 여가관련 서비스업",8
2024-12-01,30110552,동구,판암2동,음식점업,56
2024-12-01,30110552,동구,판암2동,"전문, 과학 및 기술 서비스업",7
2024-12-01,30110560,동구,용운동,교육 서비스업,53
2024-12-01,30110560,동구,용운동,보건의료업,29
2024-12-01,30110560,동구,용운동,부동산업,29
2024-12-01,30110560,동구,용운동,"사업시설 관리, 사업 지원 및 임대 서비스업",27
2024-12-01,30110560,동구,용운동,소매업,219
2024-12-01,30110560,동구,용운동,수리 및 개인 서비스업,165
2024-12-01,30110560,동구,용운동,숙박업,4
2024-12-01,30110560,동구,용운동,"예술, 스포츠 및 여가관련 서비스업",51
2024-12-01,30110560,동구,용운동,음식점업,314
2024-12-01,30110560,동구,용운동,"전문, 과학 및 기술 서비스업",38
2024-12-01,30110585,동구,대동,교육 서비스업,42
2024-12-01,30110585,동구,대동,보건의료업,37
2024-12-01,30110585,동구,대동,부동산업,24
2024-12-01,30110585,동구,대동,"사업시설 관리, 사업 지원 및 임대 서비스업",28
2024-12-01,30110585,동구,대동,소매업,144
2024-12-01,30110585,동구,대동,수리 및 개인 서비스업,72
2024-12-01,30110585,동구,대동,숙박업,2
2024-12-01,30110585,동구,대동,"예술, 스포츠 및 여가관련 서비스업",26
2024-12-01,30110585,동구,대동,음식점업,190
2024-12-01,30110585,동구,대동,"전문, 과학 및 기술 서비스업",27
2024-12-01,30110590,동구,자양동,교육 서비스업,33
2024-12-01,30110590,동구,자양동,보건의료업,6
2024-12-01,30110590,동구,자양동,부동산업,41
2024-12-01,30110590,동구,자양동,"사업시설 관리, 사업 지원 및 임대 서비스업",27
2024-12-01,30110590,동구,자양동,소매업,125
2024-12-01,30110590,동구,자양동,수리 및 개인 서비스업,114
2024-12-01,30110590,동구,자양동,숙박업,2
2024-12-01,30110590,동구,자양동,"예술, 스포츠 및 여가관련 서비스업",46
2024-12-01,30110590,동구,자양동,음식점업,313
2024-12-01,30110590,동구,자양동,"전문, 과학 및 기술 서비스업",34
2024-12-01,30110620,동구,가양1동,교육 서비스업,21
2024-12-01,30110620,동구,가양1동,보건의료업,8
2024-12-01,30110620,동구,가양1동,부동산업,26
2024-12-01,30110620,동구,가양1동,"사업시설 관리, 사업 지원 및 임대 서비스업",42
2024-12-01,30110620,동구,가양1동,소매업,159
2024-12-01,30110620,동구,가양1동,수리 및 개인 서비스업,102
2024-12-01,30110620,동구,가양1동,숙박업,5
2024-12-01,30110620,동구,가양1동,"예술, 스포츠 및 여가관련 서비스업",18
2024-12-01,30110620,동구,가양1동,음식점업,219
2024-12-01,30110620,동구,가양1동,"전문, 과학 및 기술 서비스업",46
2024-12-01,30110630,동구,가양2동,교육 서비스업,66
2024-12-01,30110630,동구,가양2동,보건의료업,28
2024-12-01,30110630,동구,가양2동,부동산업,29
2024-12-01,30110630,동구,가양2동,"사업시설 관리, 사업 지원 및 임대 서비스업",29
2024-12-01,30110630,동구,가양2동,소매업,263
2024-12-01,30110630,동구,가양2동,수리 및 개인 서비스업,151
2024-12-01,30110630,동구,가양2동,숙박업,5
2024-12-01,30110630,동구,가양2동,"예술, 스포츠 및 여가관련 서비스업",37
2024-12-01,30110630,동구,가양2동,음식점업,298
2024-12-01,30110630,동구,가양2동,"전문, 과학 및 기술 서비스업",45
2024-12-01,30110640,동구,용전동,교육 서비스업,44
2024-12-01,30110640,동구,용전동,보건의료업,33
2024-12-01,30110640,동구,용전동,부동산업,56
2024-12-01,30110640,동구,용전동,"사업시설 관리, 사업 지원 및 임대 서비스업",52
2024-12-01,30110640,동구,용전동,소매업,380
2024-12-01,30110640,동구,용전동,수리 및 개인 서비스업,207
2024-12-01,30110640,동구,용전동,숙박업,75
2024-12-01,30110640,동구,용전동,"예술, 스포츠 및 여가관련 서비스업",60
2024-12-01,30110640,동구,용전동,음식점업,392
2024-12-01,30110640,동구,용전동,"전문, 과학 및 기술 서비스업",91
2024-12-01,30110665,동구,성남동,교육 서비스업,29
2024-12-01,30110665,동구,성남동,보건의료업,31
2024-12-01,30110665,동구,성남동,부동산업,14
2024-12-01,30110665,동구,성남동,"사업시설 관리, 사업 지원 및 임대 서비스업",22
2024-12-01,30110665,동구,성남동,소매업,141
2024-12-01,30110665,동구,성남동,수리 및 개인 서비스업,81
2024-12-01,30110665,동구,성남동,숙박업,3
2024-12-01,30110665,동구,성남동,"예술, 스포츠 및 여가관련 서비스업",23
2024-12-01,30110665,동구,성남동,음식점업,161
2024-12-01,30110665,동구,성남동,"전문, 과학 및 기술 서비스업",29
2024-12-01,30110670,동구,홍도동,교육 서비스업,21
2024-12-01,30110670,동구,홍도동,보건의료업,10
2024-12-01,30110670,동구,홍도동,부동산업,18
2024-12-01,30110670,동구,홍도동,"사업시설 관리, 사업 지원 및 임대 서비스업",26
2024-12-01,30110670,동구,홍도동,소매업,123
2024-12-01,30110670,동구,홍도동,수리 및 개인 서비스업,62
2024-12-01,30110670,동구,홍도동,숙박업,1
2024-12-01,30110670,동구,홍도동,"예술, 스포츠 및 여가관련 서비스업",32
2024-12-01,30110670,동구,홍도동,음식점업,194
2024-12-01,30110670,동구,홍도동,"전문, 과학 및 기술 서비스업",34
2024-12-01,30110695,동구,삼성동,교육 서비스업,28
2024-12-01,30110695,동구,삼성동,보건의료업,13
2024-12-01,30110695,동구,삼성동,부동산업,16
2024-12-01,30110695,동구,삼성동,"사업시설 관리, 사업 지원 및 임대 서비스업",53
2024-12-01,30110695,동구,삼성동,소매업,224
2024-12-01,30110695,동구,삼성동,수리 및 개인 서비스업,87
2024-12-01,30110695,동구,삼성동,숙박업,3
2024-12-01,30110695,동구,삼성동,"예술, 스포츠 및 여가관련 서비스업",19
2024-12-01,30110695,동구,삼성동,음식점업,124
2024-12-01,30110695,동구,삼성동,"전문, 과학 및 기술 서비스업",220
2024-12-01,30110725,동구,대청동,교육 서비스업,6
2024-12-01,30110725,동구,대청동,보건의료업,1
2024-12-01,30110725,동구,대청동,부동산업,2
2024-12-01,30110725,동구,대청동,"사업시설 관리, 사업 지원 및 임대 서비스업",2
2024-12-01,30110725,동구,대청동,소매업,28
2024-12-01,30110725,동구,대청동,수리 및 개인 서비스업,2
2024-12-01,30110725,동구,대청동,숙박업,2
2024-12-01,30110725,동구,대청동,"예술, 스포츠 및 여가관련 서비스업",3
2024-12-01,30110725,동구,대청동,음식점업,80
2024-12-01,30110725,동구,대청동,"전문, 과학 및 기술 서비스업",3
2024-12-01,30110740,동구,산내동,교육 서비스업,39
2024-12-01,30110740,동구,산내동,보건의료업,17
2024-12-01,30110740,동구,산내동,부동산업,16
2024-12-01,30110740,동구,산내동,"사업시설 관리, 사업 지원 및 임대 서비스업",29
2024-12-01,30110740,동구,산내동,소매업,174
2024-12-01,30110740,동구,산내동,수리 및 개인 서비스업,91
2024-12-01,30110740,동구,산내동,숙박업,9
2024-12-01,30110740,동구,산내동,"예술, 스포츠 및 여가관련 서비스업",20
2024-12-01,30110740,동구,산내동,음식점업,185
2024-12-01,30110740,동구,산내동,"전문, 과학 및 기술 서비스업",51
2024-12-01,30140535,중구,은행선화동,교육 서비스업,118
2024-12-01,30140535,중구,은행선화동,보건의료업,48
2024-12-01,30140535,중구,은행선화동,부동산업,64
2024-12-01,30140535,중구,은행선화동,"사업시설 관리, 사업 지원 및 임대 서비스업",110
2024-12-01,30140535,중구,은행선화동,소매업,565
2024-12-01,30140535,중구,은행선화동,수리 및 개인 서비스업,190
2024-12-01,30140535,중구,은행선화동,숙박업,31
2024-12-01,30140535,중구,은행선화동,"예술, 스포츠 및 여가관련 서비스업",85
2024-12-01,30140535,중구,은행선화동,음식점업,548
2024-12-01,30140535,중구,은행선화동,"전문, 과학 및 기술 서비스업",214
2024-12-01,30140550,중구,목동,교육 서비스업,95
2024-12-01,30140550,중구,목동,보건의료업,11
2024-12-01,30140550,중구,목동,부동산업,14
2024-12-01,30140550,중구,목동,"사업시설 관리, 사업 지원 및 임대 서비스업",7
2024-12-01,30140550,중구,목동,소매업,99
2024-12-01,30140550,중구,목동,수리 및 개인 서비스업,60
2024-12-01,30140550,중구,목동,숙박업,0
2024-12-01,30140550,중구,목동,"예술, 스포츠 및 여가관련 서비스업",24
2024-12-01,30140550,중구,목동,음식점업,127
2024-12-01,30140550,중구,목동,"전문, 과학 및 기술 서비스업",22
2024-12-01,30140560,중구,중촌동,교육 서비스업,42
2024-12-01,30140560,중구,중촌동,보건의료업,14
2024-12-01,30140560,중구,중촌동,부동산업,15
2024-12-01,30140560,중구,중촌동,"사업시설 관리, 사업 지원 및 임대 서비스업",39
2024-12-01,30140560,중구,중촌동,소매업,169
2024-12-01,30140560,중구,중촌동,수리 및 개인 서비스업,112
2024-12-01,30140560,중구,중촌동,숙박업,1
2024-12-01,30140560,중구,중촌동,"예술, 스포츠 및 여가관련 서비스업",32
2024-12-01,30140560,중구,중촌동,음식점업,190
2024-12-01,30140560,중구,중촌동,"전문, 과학 및 기술 서비스업",54
2024-12-01,30140575,중구,대흥동,교육 서비스업,86
2024-12-01,30140575,중구,대흥동,보건의료업,32
2024-12-01,30140575,중구,대흥동,부동산업,24
2024-12-01,30140575,중구,대흥동,"사업시설 관리, 사업 지원 및 임대 서비스업",50
2024-12-01,30140575,중구,대흥동,소매업,724
2024-12-01,30140575,중구,대흥동,수리 및 개인 서비스업,158
2024-12-01,30140575,중구,대흥동,숙박업,46
2024-12-01,30140575,중구,대흥동,"예술, 스포츠 및 여가관련 서비스업",59
2024-12-01,30140575,중구,대흥동,음식점업,653
2024-12-01,30140575,중구,대흥동,"전문, 과학 및 기술 서비스업",132
2024-12-01,30140605,중구,문창동,교육 서비스업,10
2024-12-01,30140605,중구,문창동,보건의료업,7
2024-12-01,30140605,중구,문창동,부동산업,7
2024-12-01,30140605,중구,문창동,"사업시설 관리, 사업 지원 및 임대 서비스업",25
2024-12-01,30140605,중구,문창동,소매업,201
2024-12-01,30140605,중구,문창동,수리 및 개인 서비스업,83
2024-12-01,30140605,중구,문창동,숙박업,26
2024-12-01,30140605,중구,문창동,"예술, 스포츠 및 여가관련 서비스업",22
2024-12-01,30140605,중구,문창동,음식점업,157
2024-12-01,30140605,중구,문창동,"전문, 과학 및 기술 서비스업",21
2024-12-01,30140620,중구,석교동,교육 서비스업,17
2024-12-01,30140620,중구,석교동,보건의료업,13
2024-12-01,30140620,중구,석교동,부동산업,17
2024-12-01,30140620,중구,석교동,"사업시설 관리, 사업 지원 및 임대 서비스업",37
2024-12-01,30140620,중구,석교동,소매업,177
2024-12-01,30140620,중구,석교동,수리 및 개인 서비스업,109
2024-12-01,30140620,중구,석교동,숙박업,0
2024-12-01,30140620,중구,석교동,"예술, 스포츠 및 여가관련 서비스업",23
2024-12-01,30140620,중구,석교동,음식점업,128
2024-12-01,30140620,중구,석교동,"전문, 과학 및 기술 서비스업",40
2024-12-01,30140630,중구,대사동,교육 서비스업,22
2024-12-01,30140630,중구,대사동,보건의료업,13
2024-12-01,30140630,중구,대사동,부동산업,13
2024-12-01,30140630,중구,대사동,"사업시설 관리, 사업 지원 및 임대 서비스업",18
2024-12-01,30140630,중구,대사동,소매업,134
2024-12-01,30140630,중구,대사동,수리 및 개인 서비스업,66
2024-12-01,30140630,중구,대사동,숙박업,7
2024-12-01,30140630,중구,대사동,"예술, 스포츠 및 여가관련 서비스업",13
2024-12-01,30140630,중구,대사동,음식점업,176
2024-12-01,30140630,중구,대사동,"전문, 과학 및 기술 서비스업",20
2024-12-01,30140640,중구,부사동,교육 서비스업,14
2024-12-01,30140640,중구,부사동,보건의료업,17
2024-12-01,30140640,중구,부사동,부동산업,16
2024-12-01,30140640,중구,부사동,"사업시설 관리, 사업 지원 및 임대 서비스업",15
2024-12-01,30140640,중구,부사동,소매업,167
2024-12-01,30140640,중구,부사동,수리 및 개인 서비스업,53
2024-12-01,30140640,중구,부사동,숙박업,7
2024-12-01,30140640,중구,부사동,"예술, 스포츠 및 여가관련 서비스업",21
2024-12-01,30140640,중구,부사동,음식점업,154
2024-12-01,30140640,중구,부사동,"전문, 과학 및 기술 서비스업",29
2024-12-01,30140655,중구,용두동,교육 서비스업,46
2024-12-01,30140655,중구,용두동,보건의료업,14
2024-12-01,30140655,중구,용두동,부동산업,28
2024-12-01,30140655,중구,용두동,"사업시설 관리, 사업 지원 및 임대 서비스업",30
2024-12-01,30140655,중구,용두동,소매업,174
2024-12-01,30140655,중구,용두동,수리 및 개인 서비스업,90
2024-12-01,30140655,중구,용두동,숙박업,3
2024-12-01,30140655,중구,용두동,"예술, 스포츠 및 여가관련 서비스업",11
2024-12-01,30140655,중구,용두동,음식점업,141
2024-12-01,30140655,중구,용두동,"전문, 과학 및 기술 서비스업",39
2024-12-01,30140670,중구,오류동,교육 서비스업,43
2024-12-01,30140670,중구,오류동,보건의료업,52
2024-12-01,30140670,중구,오류동,부동산업,21
2024-12-01,30140670,중구,오류동,"사업시설 관리, 사업 지원 및 임대 서비스업",44
2024-12-01,30140670,중구,오류동,소매업,188
2024-12-01,30140670,중구,오류동,수리 및 개인 서비스업,84
2024-12-01,30140670,중구,오류동,숙박업,7
2024-12-01,30140670,중구,오류동,"예술, 스포츠 및 여가관련 서비스업",52
2024-12-01,30140670,중구,오류동,음식점업,366
2024-12-01,30140670,중구,오류동,"전문, 과학 및 기술 서비스업",67
2024-12-01,30140680,중구,태평1동,교육 서비스업,42
2024-12-01,30140680,중구,태평1동,보건의료업,22
2024-12-01,30140680,중구,태평1동,부동산업,11
2024-12-01,30140680,중구,태평1동,"사업시설 관리, 사업 지원 및 임대 서비스업",12
2024-12-01,30140680,중구,태평1동,소매업,185
2024-12-01,30140680,중구,태평1동,수리 및 개인 서비스업,85
2024-12-01,30140680,중구,태평1동,숙박업,1
2024-12-01,30140680,중구,태평1동,"예술, 스포츠 및 여가관련 서비스업",27
2024-12-01,30140680,중구,태평1동,음식점업,178
2024-12-01,30140680,중구,태평1동,"전문, 과학 및 기술 서비스업",19
2024-12-01,30140690,중구,태평2동,교육 서비스업,36
2024-12-01,30140690,중구,태평2동,보건의료업,9
2024-12-01,30140690,중구,태평2동,부동산업,17
2024-12-01,30140690,중구,태평2동,"사업시설 관리, 사업 지원 및 임대 서비스업",16
2024-12-01,30140690,중구,태평2동,소매업,144
2024-12-01,30140690,중구,태평2동,수리 및 개인 서비스업,62
2024-12-01,30140690,중구,태평2동,숙박업,2
2024-12-01,30140690,중구,태평2동,"예술, 스포츠 및 여가관련 서비스업",15
2024-12-01,30140690,중구,태평2동,음식점업,112
2024-12-01,30140690,중구,태평2동,"전문, 과학 및 기술 서비스업",22
2024-12-01,30140700,중구,유천1동,교육 서비스업,72
2024-12-01,30140700,중구,유천1동,보건의료업,17
2024-12-01,30140700,중구,유천1동,부동산업,12
2024-12-01,30140700,중구,유천1동,"사업시설 관리, 사업 지원 및 임대 서비스업",18
2024-12-01,30140700,중구,유천1동,소매업,153
2024-12-01,30140700,중구,유천1동,수리 및 개인 서비스업,83
2024-12-01,30140700,중구,유천1동,숙박업,25
2024-12-01,30140700,중구,유천1동,"예술, 스포츠 및 여가관련 서비스업",47
2024-12-01,30140700,중구,유천1동,음식점업,269
2024-12-01,30140700,중구,유천1동,"전문, 과학 및 기술 서비스업",32
2024-12-01,30140710,중구,유천2동,교육 서비스업,39
2024-12-01,30140710,중구,유천2동,보건의료업,29
2024-12-01,30140710,중구,유천2동,부동산업,23
2024-12-01,30140710,중구,유천2동,"사업시설 관리, 사업 지원 및 임대 서비스업",42
2024-12-01,30140710,중구,유천2동,소매업,183
2024-12-01,30140710,중구,유천2동,수리 및 개인 서비스업,126
2024-12-01,30140710,중구,유천2동,숙박업,2
2024-12-01,30140710,중구,유천2동,"예술, 스포츠 및 여가관련 서비스업",35
2024-12-01,30140710,중구,유천2동,음식점업,222
2024-12-01,30140710,중구,유천2동,"전문, 과학 및 기술 서비스업",40
2024-12-01,30140720,중구,문화1동,교육 서비스업,71
2024-12-01,30140720,중구,문화1동,보건의료업,30
2024-12-01,30140720,중구,문화1동,부동산업,10
2024-12-01,30140720,중구,문화1동,"사업시설 관리, 사업 지원 및 임대 서비스업",28
2024-12-01,30140720,중구,문화1동,소매업,214
2024-12-01,30140720,중구,문화1동,수리 및 개인 서비스업,79
2024-12-01,30140720,중구,문화1동,숙박업,6
2024-12-01,30140720,중구,문화1동,"예술, 스포츠 및 여가관련 서비스업",28
2024-12-01,30140720,중구,문화1동,음식점업,208
2024-12-01,30140720,중구,문화1동,"전문, 과학 및 기술 서비스업",23
2024-12-01,30140730,중구,문화2동,교육 서비스업,32
2024-12-01,30140730,중구,문화2동,보건의료업,13
2024-12-01,30140730,중구,문화2동,부동산업,12
2024-12-01,30140730,중구,문화2동,"사업시설 관리, 사업 지원 및 임대 서비스업",9
2024-12-01,30140730,중구,문화2동,소매업,124
2024-12-01,30140730,중구,문화2동,수리 및 개인 서비스업,80
2024-12-01,30140730,중구,문화2동,숙박업,2
2024-12-01,30140730,중구,문화2동,"예술, 스포츠 및 여가관련 서비스업",16
2024-12-01,30140730,중구,문화2동,음식점업,120
2024-12-01,30140730,중구,문화2동,"전문, 과학 및 기술 서비스업",23
2024-12-01,30140740,중구,산성동,교육 서비스업,33
2024-12-01,30140740,중구,산성동,보건의료업,26
2024-12-01,30140740,중구,산성동,부동산업,38
2024-12-01,30140740,중구,산성동,"사업시설 관리, 사업 지원 및 임대 서비스업",91
2024-12-01,30140740,중구,산성동,소매업,409
2024-12-01,30140740,중구,산성동,수리 및 개인 서비스업,217
2024-12-01,30140740,중구,산성동,숙박업,13
2024-12-01,30140740,중구,산성동,"예술, 스포츠 및 여가관련 서비스업",63
2024-12-01,30140740,중구,산성동,음식점업,326
2024-12-01,30140740,중구,산성동,"전문, 과학 및 기술 서비스업",83
2024-12-01,30170510,서구,복수동,교육 서비스업,94
2024-12-01,30170510,서구,복수동,보건의료업,10
2024-12-01,30170510,서구,복수동,부동산업,16
2024-12-01,30170510,서구,복수동,"사업시설 관리, 사업 지원 및 임대 서비스업",26
2024-12-01,30170510,서구,복수동,소매업,127
2024-12-01,30170510,서구,복수동,수리 및 개인 서비스업,99
2024-12-01,30170510,서구,복수동,숙박업,0
2024-12-01,30170510,서구,복수동,"예술, 스포츠 및 여가관련 서비스업",40
2024-12-01,30170510,서구,복수동,음식점업,210
2024-12-01,30170510,서구,복수동,"전문, 과학 및 기술 서비스업",31
2024-12-01,30170520,서구,도마1동,교육 서비스업,53
2024-12-01,30170520,서구,도마1동,보건의료업,26
2024-12-01,30170520,서구,도마1동,부동산업,46
2024-12-01,30170520,서구,도마1동,"사업시설 관리, 사업 지원 및 임대 서비스업",44
2024-12-01,30170520,서구,도마1동,소매업,479
2024-12-01,30170520,서구,도마1동,수리 및 개인 서비스업,147
2024-12-01,30170520,서구,도마1동,숙박업,5
2024-12-01,30170520,서구,도마1동,"예술, 스포츠 및 여가관련 서비스업",45
2024-12-01,30170520,서구,도마1동,음식점업,374
2024-12-01,30170520,서구,도마1동,"전문, 과학 및 기술 서비스업",50
2024-12-01,30170530,서구,도마2동,교육 서비스업,38
2024-12-01,30170530,서구,도마2동,보건의료업,44
2024-12-01,30170530,서구,도마2동,부동산업,50
2024-12-01,30170530,서구,도마2동,"사업시설 관리, 사업 지원 및 임대 서비스업",32
2024-12-01,30170530,서구,도마2동,소매업,205
2024-12-01,30170530,서구,도마2동,수리 및 개인 서비스업,122
2024-12-01,30170530,서구,도마2동,숙박업,1
2024-12-01,30170530,서구,도마2동,"예술, 스포츠 및 여가관련 서비스업",25
2024-12-01,30170530,서구,도마2동,음식점업,202
2024-12-01,30170530,서구,도마2동,"전문, 과학 및 기술 서비스업",45
2024-12-01,30170535,서구,정림동,교육 서비스업,44
2024-12-01,30170535,서구,정림동,보건의료업,19
2024-12-01,30170535,서구,정림동,부동산업,9
2024-12-01,30170535,서구,정림동,"사업시설 관리, 사업 지원 및 임대 서비스업",11
2024-12-01,30170535,서구,정림동,소매업,174
2024-12-01,30170535,서구,정림동,수리 및 개인 서비스업,97
2024-12-01,30170535,서구,정림동,숙박업,0
2024-12-01,30170535,서구,정림동,"예술, 스포츠 및 여가관련 서비스업",34
2024-12-01,30170535,서구,정림동,음식점업,166
2024-12-01,30170535,서구,정림동,"전문, 과학 및 기술 서비스업",35
2024-12-01,30170540,서구,변동,교육 서비스업,25
2024-12-01,30170540,서구,변동,보건의료업,13
2024-12-01,30170540,서구,변동,부동산업,37
2024-12-01,30170540,서구,변동,"사업시설 관리, 사업 지원 및 임대 서비스업",65
2024-12-01,30170540,서구,변동,소매업,189
2024-12-01,30170540,서구,변동,수리 및 개인 서비스업,115
2024-12-01,30170540,서구,변동,숙박업,2
2024-12-01,30170540,서구,변동,"예술, 스포츠 및 여가관련 서비스업",20
2024-12-01,30170540,서구,변동,음식점업,149
2024-12-01,30170540,서구,변동,"전문, 과학 및 기술 서비스업",96
2024-12-01,30170550,서구,용문동,교육 서비스업,34
2024-12-01,30170550,서구,용문동,보건의료업,22
2024-12-01,30170550,서구,용문동,부동산업,47
2024-12-01,30170550,서구,용문동,"사업시설 관리, 사업 지원 및 임대 서비스업",46
2024-12-01,30170550,서구,용문동,소매업,183
2024-12-01,30170550,서구,용문동,수리 및 개인 서비스업,141
2024-12-01,30170550,서구,용문동,숙박업,17
2024-12-01,30170550,서구,용문동,"예술, 스포츠 및 여가관련 서비스업",27
2024-12-01,30170550,서구,용문동,음식점업,179
2024-12-01,30170550,서구,용문동,"전문, 과학 및 기술 서비스업",57
2024-12-01,30170555,서구,탄방동,교육 서비스업,241
2024-12-01,30170555,서구,탄방동,보건의료업,125
2024-12-01,30170555,서구,탄방동,부동산업,83
2024-12-01,30170555,서구,탄방동,"사업시설 관리, 사업 지원 및 임대 서비스업",129
2024-12-01,30170555,서구,탄방동,소매업,775
2024-12-01,30170555,서구,탄방동,수리 및 개인 서비스업,461
2024-12-01,30170555,서구,탄방동,숙박업,7
2024-12-01,30170555,서구,탄방동,"예술, 스포츠 및 여가관련 서비스업",116
2024-12-01,30170555,서구,탄방동,음식점업,712
2024-12-01,30170555,서구,탄방동,"전문, 과학 및 기술 서비스업",245
2024-12-01,30170560,서구,괴정동,교육 서비스업,74
2024-12-01,30170560,서구,괴정동,보건의료업,37
2024-12-01,30170560,서구,괴정동,부동산업,80
2024-12-01,30170560,서구,괴정동,"사업시설 관리, 사업 지원 및 임대 서비스업",83
2024-12-01,30170560,서구,괴정동,소매업,622
2024-12-01,30170560,서구,괴정동,수리 및 개인 서비스업,321
2024-12-01,30170560,서구,괴정동,숙박업,10
2024-12-01,30170560,서구,괴정동,"예술, 스포츠 및 여가관련 서비스업",79
2024-12-01,30170560,서구,괴정동,음식점업,593
2024-12-01,30170560,서구,괴정동,"전문, 과학 및 기술 서비스업",131
2024-12-01,30170570,서구,가장동,교육 서비스업,29
2024-12-01,30170570,서구,가장동,보건의료업,8
2024-12-01,30170570,서구,가장동,부동산업,17
2024-12-01,30170570,서구,가장동,"사업시설 관리, 사업 지원 및 임대 서비스업",25
2024-12-01,30170570,서구,가장동,소매업,109
2024-12-01,30170570,서구,가장동,수리 및 개인 서비스업,86
2024-12-01,30170570,서구,가장동,숙박업,0
2024-12-01,30170570,서구,가장동,"예술, 스포츠 및 여가관련 서비스업",17
2024-12-01,30170570,서구,가장동,음식점업,86
2024-12-01,30170570,서구,가장동,"전문, 과학 및 기술 서비스업",27
2024-12-01,30170575,서구,내동,교육 서비스업,75
2024-12-01,30170575,서구,내동,보건의료업,17
2024-12-01,30170575,서구,내동,부동산업,23
2024-12-01,30170575,서구,내동,"사업시설 관리, 사업 지원 및 임대 서비스업",34
2024-12-01,30170575,서구,내동,소매업,163
2024-12-01,30170575,서구,내동,수리 및 개인 서비스업,121
2024-12-01,30170575,서구,내동,숙박업,0
2024-12-01,30170575,서구,내동,"예술, 스포츠 및 여가관련 서비스업",26
2024-12-01,30170575,서구,내동,음식점업,141
2024-12-01,30170575,서구,내동,"전문, 과학 및 기술 서비스업",63
2024-12-01,30170581,서구,갈마1동,교육 서비스업,69
2024-12-01,30170581,서구,갈마1동,보건의료업,23
2024-12-01,30170581,서구,갈마1동,부동산업,37
2024-12-01,30170581,서구,갈마1동,"사업시설 관리, 사업 지원 및 임대 서비스업",61
2024-12-01,30170581,서구,갈마1동,소매업,256
2024-12-01,30170581,서구,갈마1동,수리 및 개인 서비스업,216
2024-12-01,30170581,서구,갈마1동,숙박업,7
2024-12-01,30170581,서구,갈마1동,"예술, 스포츠 및 여가관련 서비스업",52
2024-12-01,30170581,서구,갈마1동,음식점업,392
2024-12-01,30170581,서구,갈마1동,"전문, 과학 및 기술 서비스업",119
2024-12-01,30170582,서구,갈마2동,교육 서비스업,95
2024-12-01,30170582,서구,갈마2동,보건의료업,14
2024-12-01,30170582,서구,갈마2동,부동산업,40
2024-12-01,30170582,서구,갈마2동,"사업시설 관리, 사업 지원 및 임대 서비스업",72
2024-12-01,30170582,서구,갈마2동,소매업,238
2024-12-01,30170582,서구,갈마2동,수리 및 개인 서비스업,199
2024-12-01,30170582,서구,갈마2동,숙박업,1
2024-12-01,30170582,서구,갈마2동,"예술, 스포츠 및 여가관련 서비스업",78
2024-12-01,30170582,서구,갈마2동,음식점업,455
2024-12-01,30170582,서구,갈마2동,"전문, 과학 및 기술 서비스업",102
2024-12-01,30170586,서구,월평1동,교육 서비스업,50
2024-12-01,30170586,서구,월평1동,보건의료업,18
2024-12-01,30170586,서구,월평1동,부동산업,57
2024-12-01,30170586,서구,월평1동,"사업시설 관리, 사업 지원 및 임대 서비스업",95
2024-12-01,30170586,서구,월평1동,소매업,258
2024-12-01,30170586,서구,월평1동,수리 및 개인 서비스업,221
2024-12-01,30170586,서구,월평1동,숙박업,15
2024-12-01,30170586,서구,월평1동,"예술, 스포츠 및 여가관련 서비스업",60
2024-12-01,30170586,서구,월평1동,음식점업,432
2024-12-01,30170586,서구,월평1동,"전문, 과학 및 기술 서비스업",119
2024-12-01,30170587,서구,월평2동,교육 서비스업,119
2024-12-01,30170587,서구,월평2동,보건의료업,48
2024-12-01,30170587,서구,월평2동,부동산업,14
2024-12-01,30170587,서구,월평2동,"사업시설 관리, 사업 지원 및 임대 서비스업",47
2024-12-01,30170587,서구,월평2동,소매업,145
2024-12-01,30170587,서구,월평2동,수리 및 개인 서비스업,64
2024-12-01,30170587,서구,월평2동,숙박업,6
2024-12-01,30170587,서구,월평2동,"예술, 스포츠 및 여가관련 서비스업",72
2024-12-01,30170587,서구,월평2동,음식점업,205
2024-12-01,30170587,서구,월평2동,"전문, 과학 및 기술 서비스업",144
2024-12-01,30170588,서구,월평3동,교육 서비스업,17
2024-12-01,30170588,서구,월평3동,보건의료업,0
2024-12-01,30170588,서구,월평3동,부동산업,2
2024-12-01,30170588,서구,월평3동,"사업시설 관리, 사업 지원 및 임대 서비스업",2
2024-12-01,30170588,서구,월평3동,소매업,28
2024-12-01,30170588,서구,월평3동,수리 및 개인 서비스업,16
2024-12-01,30170588,서구,월평3동,숙박업,0
2024-12-01,30170588,서구,월평3동,"예술, 스포츠 및 여가관련 서비스업",2
2024-12-01,30170588,서구,월평3동,음식점업,34
2024-12-01,30170588,서구,월평3동,"전문, 과학 및 기술 서비스업",2
2024-12-01,30170590,서구,가수원동,교육 서비스업,27
2024-12-01,30170590,서구,가수원동,보건의료업,8
2024-12-01,30170590,서구,가수원동,부동산업,19
2024-12-01,30170590,서구,가수원동,"사업시설 관리, 사업 지원 및 임대 서비스업",40
2024-12-01,30170590,서구,가수원동,소매업,116
2024-12-01,30170590,서구,가수원동,수리 및 개인 서비스업,76
2024-12-01,30170590,서구,가수원동,숙박업,1
2024-12-01,30170590,서구,가수원동,"예술, 스포츠 및 여가관련 서비스업",17
2024-12-01,30170590,서구,가수원동,음식점업,124
2024-12-01,30170590,서구,가수원동,"전문, 과학 및 기술 서비스업",20
2024-12-01,30170593,서구,도안동,교육 서비스업,277
2024-12-01,30170593,서구,도안동,보건의료업,35
2024-12-01,30170593,서구,도안동,부동산업,81
2024-12-01,30170593,서구,도안동,"사업시설 관리, 사업 지원 및 임대 서비스업",67
2024-12-01,30170593,서구,도안동,소매업,413
2024-12-01,30170593,서구,도안동,수리 및 개인 서비스업,315
2024-12-01,30170593,서구,도안동,숙박업,2
2024-12-01,30170593,서구,도안동,"예술, 스포츠 및 여가관련 서비스업",106
2024-12-01,30170593,서구,도안동,음식점업,669
2024-12-01,30170593,서구,도안동,"전문, 과학 및 기술 서비스업",192
2024-12-01,30170596,서구,관저1동,교육 서비스업,32
2024-12-01,30170596,서구,관저1동,보건의료업,23
2024-12-01,30170596,서구,관저1동,부동산업,28
2024-12-01,30170596,서구,관저1동,"사업시설 관리, 사업 지원 및 임대 서비스업",12
2024-12-01,30170596,서구,관저1동,소매업,117
2024-12-01,30170596,서구,관저1동,수리 및 개인 서비스업,76
2024-12-01,30170596,서구,관저1동,숙박업,0
2024-12-01,30170596,서구,관저1동,"예술, 스포츠 및 여가관련 서비스업",36
2024-12-01,30170596,서구,관저1동,음식점업,194
2024-12-01,30170596,서구,관저1동,"전문, 과학 및 기술 서비스업",31
2024-12-01,30170597,서구,관저2동,교육 서비스업,237
2024-12-01,30170597,서구,관저2동,보건의료업,72
2024-12-01,30170597,서구,관저2동,부동산업,68
2024-12-01,30170597,서구,관저2동,"사업시설 관리, 사업 지원 및 임대 서비스업",24
2024-12-01,30170597,서구,관저2동,소매업,369
2024-12-01,30170597,서구,관저2동,수리 및 개인 서비스업,271
2024-12-01,30170597,서구,관저2동,숙박업,1
2024-12-01,30170597,서구,관저2동,"예술, 스포츠 및 여가관련 서비스업",119
2024-12-01,30170597,서구,관저2동,음식점업,665
2024-12-01,30170597,서구,관저2동,"전문, 과학 및 기술 서비스업",98
2024-12-01,30170600,서구,기성동,교육 서비스업,7
2024-12-01,30170600,서구,기성동,보건의료업,4
2024-12-01,30170600,서구,기성동,부동산업,5
2024-12-01,30170600,서구,기성동,"사업시설 관리, 사업 지원 및 임대 서비스업",11
2024-12-01,30170600,서구,기성동,소매업,60
2024-12-01,30170600,서구,기성동,수리 및 개인 서비스업,11
2024-12-01,30170600,서구,기성동,숙박업,35
2024-12-01,30170600,서구,기성동,"예술, 스포츠 및 여가관련 서비스업",7
2024-12-01,30170600,서구,기성동,음식점업,52
2024-12-01,30170600,서구,기성동,"전문, 과학 및 기술 서비스업",8
2024-12-01,30170630,서구,둔산1동,교육 서비스업,329
2024-12-01,30170630,서구,둔산1동,보건의료업,109
2024-12-01,30170630,서구,둔산1동,부동산업,83
2024-12-01,30170630,서구,둔산1동,"사업시설 관리, 사업 지원 및 임대 서비스업",69
2024-12-01,30170630,서구,둔산1동,소매업,172
2024-12-01,30170630,서구,둔산1동,수리 및 개인 서비스업,106
2024-12-01,30170630,서구,둔산1동,숙박업,12
2024-12-01,30170630,서구,둔산1동,"예술, 스포츠 및 여가관련 서비스업",80
2024-12-01,30170630,서구,둔산1동,음식점업,450
2024-12-01,30170630,서구,둔산1동,"전문, 과학 및 기술 서비스업",632
2024-12-01,30170640,서구,둔산2동,교육 서비스업,207
2024-12-01,30170640,서구,둔산2동,보건의료업,237
2024-12-01,30170640,서구,둔산2동,부동산업,54
2024-12-01,30170640,서구,둔산2동,"사업시설 관리, 사업 지원 및 임대 서비스업",86
2024-12-01,30170640,서구,둔산2동,소매업,771
2024-12-01,30170640,서구,둔산2동,수리 및 개인 서비스업,269
2024-12-01,30170640,서구,둔산2동,숙박업,22
2024-12-01,30170640,서구,둔산2동,"예술, 스포츠 및 여가관련 서비스업",148
2024-12-01,30170640,서구,둔산2동,음식점업,800
2024-12-01,30170640,서구,둔산2동,"전문, 과학 및 기술 서비스업",451
2024-12-01,30170650,서구,만년동,교육 서비스업,65
2024-12-01,30170650,서구,만년동,보건의료업,14
2024-12-01,30170650,서구,만년동,부동산업,25
2024-12-01,30170650,서구,만년동,"사업시설 관리, 사업 지원 및 임대 서비스업",52
2024-12-01,30170650,서구,만년동,소매업,175
2024-12-01,30170650,서구,만년동,수리 및 개인 서비스업,80
2024-12-01,30170650,서구,만년동,숙박업,4
2024-12-01,30170650,서구,만년동,"예술, 스포츠 및 여가관련 서비스업",30
2024-12-01,30170650,서구,만년동,음식점업,254
2024-12-01,30170650,서구,만년동,"전문, 과학 및 기술 서비스업",139
2024-12-01,30170660,서구,둔산3동,교육 서비스업,81
2024-12-01,30170660,서구,둔산3동,보건의료업,13
2024-12-01,30170660,서구,둔산3동,부동산업,19
2024-12-01,30170660,서구,둔산3동,"사업시설 관리, 사업 지원 및 임대 서비스업",13
2024-12-01,30170660,서구,둔산3동,소매업,236
2024-12-01,30170660,서구,둔산3동,수리 및 개인 서비스업,98
2024-12-01,30170660,서구,둔산3동,숙박업,0
2024-12-01,30170660,서구,둔산3동,"예술, 스포츠 및 여가관련 서비스업",36
2024-12-01,30170660,서구,둔산3동,음식점업,217
2024-12-01,30170660,서구,둔산3동,"전문, 과학 및 기술 서비스업",33
2024-12-01,30200520,유성구,진잠동,교육 서비스업,52
2024-12-01,30200520,유성구,진잠동,보건의료업,9
2024-12-01,30200520,유성구,진잠동,부동산업,45
2024-12-01,30200520,유성구,진잠동,"사업시설 관리, 사업 지원 및 임대 서비스업",71
2024-12-01,30200520,유성구,진잠동,소매업,430
2024-12-01,30200520,유성구,진잠동,수리 및 개인 서비스업,172
2024-12-01,30200520,유성구,진잠동,숙박업,4
2024-12-01,30200520,유성구,진잠동,"예술, 스포츠 및 여가관련 서비스업",57
2024-12-01,30200520,유성구,진잠동,음식점업,323
2024-12-01,30200520,유성구,진잠동,"전문, 과학 및 기술 서비스업",89
2024-12-01,30200526,유성구,학하동,교육 서비스업,51
2024-12-01,30200526,유성구,학하동,보건의료업,6
2024-12-01,30200526,유성구,학하동,부동산업,78
2024-12-01,30200526,유성구,학하동,"사업시설 관리, 사업 지원 및 임대 서비스업",78
2024-12-01,30200526,유성구,학하동,소매업,192
2024-12-01,30200526,유성구,학하동,수리 및 개인 서비스업,131
2024-12-01,30200526,유성구,학하동,숙박업,2
2024-12-01,30200526,유성구,학하동,"예술, 스포츠 및 여가관련 서비스업",43
2024-12-01,30200526,유성구,학하동,음식점업,345
2024-12-01,30200526,유성구,학하동,"전문, 과학 및 기술 서비스업",124
2024-12-01,30200527,유성구,상대동,교육 서비스업,55
2024-12-01,30200527,유성구,상대동,보건의료업,7
2024-12-01,30200527,유성구,상대동,부동산업,22
2024-12-01,30200527,유성구,상대동,"사업시설 관리, 사업 지원 및 임대 서비스업",10
2024-12-01,30200527,유성구,상대동,소매업,97
2024-12-01,30200527,유성구,상대동,수리 및 개인 서비스업,85
2024-12-01,30200527,유성구,상대동,숙박업,1
2024-12-01,30200527,유성구,상대동,"예술, 스포츠 및 여가관련 서비스업",16
2024-12-01,30200527,유성구,상대동,음식점업,168
2024-12-01,30200527,유성구,상대동,"전문, 과학 및 기술 서비스업",87
2024-12-01,30200530,유성구,온천1동,교육 서비스업,110
2024-12-01,30200530,유성구,온천1동,보건의료업,55
2024-12-01,30200530,유성구,온천1동,부동산업,183
2024-12-01,30200530,유성구,온천1동,"사업시설 관리, 사업 지원 및 임대 서비스업",160
2024-12-01,30200530,유성구,온천1동,소매업,713
2024-12-01,30200530,유성구,온천1동,수리 및 개인 서비스업,467
2024-12-01,30200530,유성구,온천1동,숙박업,93
2024-12-01,30200530,유성구,온천1동,"예술, 스포츠 및 여가관련 서비스업",130
2024-12-01,30200530,유성구,온천1동,음식점업,1184
2024-12-01,30200530,유성구,온천1동,"전문, 과학 및 기술 서비스업",388
2024-12-01,30200540,유성구,온천2동,교육 서비스업,157
2024-12-01,30200540,유성구,온천2동,보건의료업,10
2024-12-01,30200540,유성구,온천2동,부동산업,110
2024-12-01,30200540,유성구,온천2동,"사업시설 관리, 사업 지원 및 임대 서비스업",121
2024-12-01,30200540,유성구,온천2동,소매업,635
2024-12-01,30200540,유성구,온천2동,수리 및 개인 서비스업,319
2024-12-01,30200540,유성구,온천2동,숙박업,17
2024-12-01,30200540,유성구,온천2동,"예술, 스포츠 및 여가관련 서비스업",153
2024-12-01,30200540,유성구,온천2동,음식점업,1201
2024-12-01,30200540,유성구,온천2동,"전문, 과학 및 기술 서비스업",281
2024-12-01,30200546,유성구,노은1동,교육 서비스업,122
2024-12-01,30200546,유성구,노은1동,보건의료업,10
2024-12-01,30200546,유성구,노은1동,부동산업,32
2024-12-01,30200546,유성구,노은1동,"사업시설 관리, 사업 지원 및 임대 서비스업",41
2024-12-01,30200546,유성구,노은1동,소매업,315
2024-12-01,30200546,유성구,노은1동,수리 및 개인 서비스업,181
2024-12-01,30200546,유성구,노은1동,숙박업,2
2024-12-01,30200546,유성구,노은1동,"예술, 스포츠 및 여가관련 서비스업",63
2024-12-01,30200546,유성구,노은1동,음식점업,415
2024-12-01,30200546,유성구,노은1동,"전문, 과학 및 기술 서비스업",102
2024-12-01,30200547,유성구,노은2동,교육 서비스업,79
2024-12-01,30200547,유성구,노은2동,보건의료업,14
2024-12-01,30200547,유성구,노은2동,부동산업,26
2024-12-01,30200547,유성구,노은2동,"사업시설 관리, 사업 지원 및 임대 서비스업",23
2024-12-01,30200547,유성구,노은2동,소매업,168
2024-12-01,30200547,유성구,노은2동,수리 및 개인 서비스업,67
2024-12-01,30200547,유성구,노은2동,숙박업,2
2024-12-01,30200547,유성구,노은2동,"예술, 스포츠 및 여가관련 서비스업",53
2024-12-01,30200547,유성구,노은2동,음식점업,237
2024-12-01,30200547,유성구,노은2동,"전문, 과학 및 기술 서비스업",56
2024-12-01,30200548,유성구,노은3동,교육 서비스업,137
2024-12-01,30200548,유성구,노은3동,보건의료업,19
2024-12-01,30200548,유성구,노은3동,부동산업,33
2024-12-01,30200548,유성구,노은3동,"사업시설 관리, 사업 지원 및 임대 서비스업",19
2024-12-01,30200548,유성구,노은3동,소매업,247
2024-12-01,30200548,유성구,노은3동,수리 및 개인 서비스업,159
2024-12-01,30200548,유성구,노은3동,숙박업,0
2024-12-01,30200548,유성구,노은3동,"예술, 스포츠 및 여가관련 서비스업",60
2024-12-01,30200548,유성구,노은3동,음식점업,382
2024-12-01,30200548,유성구,노은3동,"전문, 과학 및 기술 서비스업",81
2024-12-01,30200550,유성구,신성동,교육 서비스업,72
2024-12-01,30200550,유성구,신성동,보건의료업,9
2024-12-01,30200550,유성구,신성동,부동산업,48
2024-12-01,30200550,유성구,신성동,"사업시설 관리, 사업 지원 및 임대 서비스업",56
2024-12-01,30200550,유성구,신성동,소매업,507
2024-12-01,30200550,유성구,신성동,수리 및 개인 서비스업,127
2024-12-01,30200550,유성구,신성동,숙박업,8
2024-12-01,30200550,유성구,신성동,"예술, 스포츠 및 여가관련 서비스업",84
2024-12-01,30200550,유성구,신성동,음식점업,602
2024-12-01,30200550,유성구,신성동,"전문, 과학 및 기술 서비스업",126
2024-12-01,30200570,유성구,전민동,교육 서비스업,68
2024-12-01,30200570,유성구,전민동,보건의료업,10
2024-12-01,30200570,유성구,전민동,부동산업,27
2024-12-01,30200570,유성구,전민동,"사업시설 관리, 사업 지원 및 임대 서비스업",16
2024-12-01,30200570,유성구,전민동,소매업,421
2024-12-01,30200570,유성구,전민동,수리 및 개인 서비스업,123
2024-12-01,30200570,유성구,전민동,숙박업,0
2024-12-01,30200570,유성구,전민동,"예술, 스포츠 및 여가관련 서비스업",73
2024-12-01,30200570,유성구,전민동,음식점업,455
2024-12-01,30200570,유성구,전민동,"전문, 과학 및 기술 서비스업",62
2024-12-01,30200580,유성구,구즉동,교육 서비스업,38
2024-12-01,30200580,유성구,구즉동,보건의료업,5
2024-12-01,30200580,유성구,구즉동,부동산업,26
2024-12-01,30200580,유성구,구즉동,"사업시설 관리, 사업 지원 및 임대 서비스업",12
2024-12-01,30200580,유성구,구즉동,소매업,185
2024-12-01,30200580,유성구,구즉동,수리 및 개인 서비스업,117
2024-12-01,30200580,유성구,구즉동,숙박업,0
2024-12-01,30200580,유성구,구즉동,"예술, 스포츠 및 여가관련 서비스업",51
2024-12-01,30200580,유성구,구즉동,음식점업,339
2024-12-01,30200580,유성구,구즉동,"전문, 과학 및 기술 서비스업",28
2024-12-01,30200600,유성구,관평동,교육 서비스업,128
2024-12-01,30200600,유성구,관평동,보건의료업,22
2024-12-01,30200600,유성구,관평동,부동산업,40
2024-12-01,30200600,유성구,관평동,"사업시설 관리, 사업 지원 및 임대 서비스업",49
2024-12-01,30200600,유성구,관평동,소매업,468
2024-12-01,30200600,유성구,관평동,수리 및 개인 서비스업,164
2024-12-01,30200600,유성구,관평동,숙박업,4
2024-12-01,30200600,유성구,관평동,"예술, 스포츠 및 여가관련 서비스업",82
2024-12-01,30200600,유성구,관평동,음식점업,648
2024-12-01,30200600,유성구,관평동,"전문, 과학 및 기술 서비스업",168
2024-12-01,30200610,유성구,원신흥동,교육 서비스업,105
2024-12-01,30200610,유성구,원신흥동,보건의료업,29
2024-12-01,30200610,유성구,원신흥동,부동산업,39
2024-12-01,30200610,유성구,원신흥동,"사업시설 관리, 사업 지원 및 임대 서비스업",29
2024-12-01,30200610,유성구,원신흥동,소매업,228
2024-12-01,30200610,유성구,원신흥동,수리 및 개인 서비스업,247
2024-12-01,30200610,유성구,원신흥동,숙박업,0
2024-12-01,30200610,유성구,원신흥동,"예술, 스포츠 및 여가관련 서비스업",20
2024-12-01,30200610,유성구,원신흥동,음식점업,276
2024-12-01,30200610,유성구,원신흥동,"전문, 과학 및 기술 서비스업",72
2024-12-01,30230510,대덕구,오정동,교육 서비스업,42
2024-12-01,30230510,대덕구,오정동,보건의료업,4
2024-12-01,30230510,대덕구,오정동,부동산업,37
2024-12-01,30230510,대덕구,오정동,"사업시설 관리, 사업 지원 및 임대 서비스업",86
2024-12-01,30230510,대덕구,오정동,소매업,331
2024-12-01,30230510,대덕구,오정동,수리 및 개인 서비스업,153
2024-12-01,30230510,대덕구,오정동,숙박업,2
2024-12-01,30230510,대덕구,오정동,"예술, 스포츠 및 여가관련 서비스업",50
2024-12-01,30230510,대덕구,오정동,음식점업,326
2024-12-01,30230510,대덕구,오정동,"전문, 과학 및 기술 서비스업",123
2024-12-01,30230520,대덕구,대화동,교육 서비스업,12
2024-12-01,30230520,대덕구,대화동,보건의료업,0
2024-12-01,30230520,대덕구,대화동,부동산업,15
2024-12-01,30230520,대덕구,대화동,"사업시설 관리, 사업 지원 및 임대 서비스업",47
2024-12-01,30230520,대덕구,대화동,소매업,177
2024-12-01,30230520,대덕구,대화동,수리 및 개인 서비스업,68
2024-12-01,30230520,대덕구,대화동,숙박업,1
2024-12-01,30230520,대덕구,대화동,"예술, 스포츠 및 여가관련 서비스업",4
2024-12-01,30230520,대덕구,대화동,음식점업,94
2024-12-01,30230520,대덕구,대화동,"전문, 과학 및 기술 서비스업",137
2024-12-01,30230525,대덕구,회덕동,교육 서비스업,7
2024-12-01,30230525,대덕구,회덕동,보건의료업,2
2024-12-01,30230525,대덕구,회덕동,부동산업,14
2024-12-01,30230525,대덕구,회덕동,"사업시설 관리, 사업 지원 및 임대 서비스업",24
2024-12-01,30230525,대덕구,회덕동,소매업,140
2024-12-01,30230525,대덕구,회덕동,수리 및 개인 서비스업,105
2024-12-01,30230525,대덕구,회덕동,숙박업,2
2024-12-01,30230525,대덕구,회덕동,"예술, 스포츠 및 여가관련 서비스업",21
2024-12-01,30230525,대덕구,회덕동,음식점업,146
2024-12-01,30230525,대덕구,회덕동,"전문, 과학 및 기술 서비스업",23
2024-12-01,30230533,대덕구,비래동,교육 서비스업,14
2024-12-01,30230533,대덕구,비래동,보건의료업,4
2024-12-01,30230533,대덕구,비래동,부동산업,24
2024-12-01,30230533,대덕구,비래동,"사업시설 관리, 사업 지원 및 임대 서비스업",29
2024-12-01,30230533,대덕구,비래동,소매업,168
2024-12-01,30230533,대덕구,비래동,수리 및 개인 서비스업,122
2024-12-01,30230533,대덕구,비래동,숙박업,0
2024-12-01,30230533,대덕구,비래동,"예술, 스포츠 및 여가관련 서비스업",49
2024-12-01,30230533,대덕구,비래동,음식점업,204
2024-12-01,30230533,대덕구,비래동,"전문, 과학 및 기술 서비스업",29
2024-12-01,30230543,대덕구,송촌동,교육 서비스업,86
2024-12-01,30230543,대덕구,송촌동,보건의료업,5
2024-12-01,30230543,대덕구,송촌동,부동산업,15
2024-12-01,30230543,대덕구,송촌동,"사업시설 관리, 사업 지원 및 임대 서비스업",29
2024-12-01,30230543,대덕구,송촌동,소매업,253
2024-12-01,30230543,대덕구,송촌동,수리 및 개인 서비스업,165
2024-12-01,30230543,대덕구,송촌동,숙박업,2
2024-12-01,30230543,대덕구,송촌동,"예술, 스포츠 및 여가관련 서비스업",101
2024-12-01,30230543,대덕구,송촌동,음식점업,436
2024-12-01,30230543,대덕구,송촌동,"전문, 과학 및 기술 서비스업",66
2024-12-01,30230546,대덕구,중리동,교육 서비스업,41
2024-12-01,30230546,대덕구,중리동,보건의료업,11
2024-12-01,30230546,대덕구,중리동,부동산업,32
2024-12-01,30230546,대덕구,중리동,"사업시설 관리, 사업 지원 및 임대 서비스업",53
2024-12-01,30230546,대덕구,중리동,소매업,485
2024-12-01,30230546,대덕구,중리동,수리 및 개인 서비스업,278
2024-12-01,30230546,대덕구,중리동,숙박업,37
2024-12-01,30230546,대덕구,중리동,"예술, 스포츠 및 여가관련 서비스업",104
2024-12-01,30230546,대덕구,중리동,음식점업,581
2024-12-01,30230546,대덕구,중리동,"전문, 과학 및 기술 서비스업",86
2024-12-01,30230550,대덕구,신탄진동,교육 서비스업,19
2024-12-01,30230550,대덕구,신탄진동,보건의료업,10
2024-12-01,30230550,대덕구,신탄진동,부동산업,22
2024-12-01,30230550,대덕구,신탄진동,"사업시설 관리, 사업 지원 및 임대 서비스업",18
2024-12-01,30230550,대덕구,신탄진동,소매업,187
2024-12-01,30230550,대덕구,신탄진동,수리 및 개인 서비스업,110
2024-12-01,30230550,대덕구,신탄진동,숙박업,34
2024-12-01,30230550,대덕구,신탄진동,"예술, 스포츠 및 여가관련 서비스업",42
2024-12-01,30230550,대덕구,신탄진동,음식점업,387
2024-12-01,30230550,대덕구,신탄진동,"전문, 과학 및 기술 서비스업",28
2024-12-01,30230560,대덕구,석봉동,교육 서비스업,28
2024-12-01,30230560,대덕구,석봉동,보건의료업,8
2024-12-01,30230560,대덕구,석봉동,부동산업,15
2024-12-01,30230560,대덕구,석봉동,"사업시설 관리, 사업 지원 및 임대 서비스업",11
2024-12-01,30230560,대덕구,석봉동,소매업,171
2024-12-01,30230560,대덕구,석봉동,수리 및 개인 서비스업,91
2024-12-01,30230560,대덕구,석봉동,숙박업,0
2024-12-01,30230560,대덕구,석봉동,"예술, 스포츠 및 여가관련 서비스업",30
2024-12-01,30230560,대덕구,석봉동,음식점업,222
2024-12-01,30230560,대덕구,석봉동,"전문, 과학 및 기술 서비스업",17
2024-12-01,30230570,대덕구,덕암동,교육 서비스업,15
2024-12-01,30230570,대덕구,덕암동,보건의료업,1
2024-12-01,30230570,대덕구,덕암동,부동산업,16
2024-12-01,30230570,대덕구,덕암동,"사업시설 관리, 사업 지원 및 임대 서비스업",26
2024-12-01,30230570,대덕구,덕암동,소매업,174
2024-12-01,30230570,대덕구,덕암동,수리 및 개인 서비스업,114
2024-12-01,30230570,대덕구,덕암동,숙박업,5
2024-12-01,30230570,대덕구,덕암동,"예술, 스포츠 및 여가관련 서비스업",25
2024-12-01,30230570,대덕구,덕암동,음식점업,177
2024-12-01,30230570,대덕구,덕암동,"전문, 과학 및 기술 서비스업",32
2024-12-01,30230580,대덕구,목상동,교육 서비스업,4
2024-12-01,30230580,대덕구,목상동,보건의료업,3
2024-12-01,30230580,대덕구,목상동,부동산업,6
2024-12-01,30230580,대덕구,목상동,"사업시설 관리, 사업 지원 및 임대 서비스업",25
2024-12-01,30230580,대덕구,목상동,소매업,86
2024-12-01,30230580,대덕구,목상동,수리 및 개인 서비스업,62
2024-12-01,30230580,대덕구,목상동,숙박업,0
2024-12-01,30230580,대덕구,목상동,"예술, 스포츠 및 여가관련 서비스업",21
2024-12-01,30230580,대덕구,목상동,음식점업,147
2024-12-01,30230580,대덕구,목상동,"전문, 과학 및 기술 서비스업",26
2024-12-01,30230600,대덕구,법1동,교육 서비스업,8
2024-12-01,30230600,대덕구,법1동,보건의료업,9
2024-12-01,30230600,대덕구,법1동,부동산업,4
2024-12-01,30230600,대덕구,법1동,"사업시설 관리, 사업 지원 및 임대 서비스업",4
2024-12-01,30230600,대덕구,법1동,소매업,35
2024-12-01,30230600,대덕구,법1동,수리 및 개인 서비스업,23
2024-12-01,30230600,대덕구,법1동,숙박업,1
2024-12-01,30230600,대덕구,법1동,"예술, 스포츠 및 여가관련 서비스업",11
2024-12-01,30230600,대덕구,법1동,음식점업,40
2024-12-01,30230600,대덕구,법1동,"전문, 과학 및 기술 서비스업",9
2024-12-01,30230610,대덕구,법2동,교육 서비스업,13
2024-12-01,30230610,대덕구,법2동,보건의료업,1
2024-12-01,30230610,대덕구,법2동,부동산업,2
2024-12-01,30230610,대덕구,법2동,"사업시설 관리, 사업 지원 및 임대 서비스업",6
2024-12-01,30230610,대덕구,법2동,소매업,88
2024-12-01,30230610,대덕구,법2동,수리 및 개인 서비스업,46
2024-12-01,30230610,대덕구,법2동,숙박업,0
2024-12-01,30230610,대덕구,법2동,"예술, 스포츠 및 여가관련 서비스업",23
2024-12-01,30230610,대덕구,법2동,음식점업,104
2024-12-01,30230610,대덕구,법2동,"전문, 과학 및 기술 서비스업",11
2025-03-01,30110515,동구,중앙동,교육 서비스업,29
2025-03-01,30110515,동구,중앙동,보건의료업,53
2025-03-01,30110515,동구,중앙동,부동산업,28
2025-03-01,30110515,동구,중앙동,"사업시설 관리, 사업 지원 및 임대 서비스업",43
2025-03-01,30110515,동구,중앙동,소매업,982
2025-03-01,30110515,동구,중앙동,수리 및 개인 서비스업,106
2025-03-01,30110515,동구,중앙동,숙박업,60
2025-03-01,30110515,동구,중앙동,"예술, 스포츠 및 여가관련 서비스업",31
2025-03-01,30110515,동구,중앙동,음식점업,416
2025-03-01,30110515,동구,중앙동,"전문, 과학 및 기술 서비스업",182
2025-03-01,30110530,동구,효동,교육 서비스업,147
2025-03-01,30110530,동구,효동,보건의료업,51
2025-03-01,30110530,동구,효동,부동산업,33
2025-03-01,30110530,동구,효동,"사업시설 관리, 사업 지원 및 임대 서비스업",15
2025-03-01,30110530,동구,효동,소매업,304
2025-03-01,30110530,동구,효동,수리 및 개인 서비스업,137
2025-03-01,30110530,동구,효동,숙박업,1
2025-03-01,30110530,동구,효동,"예술, 스포츠 및 여가관련 서비스업",78
2025-03-01,30110530,동구,효동,음식점업,381
2025-03-01,30110530,동구,효동,"전문, 과학 및 기술 서비스업",41
2025-03-01,30110545,동구,신인동,교육 서비스업,26
2025-03-01,30110545,동구,신인동,보건의료업,9
2025-03-01,30110545,동구,신인동,부동산업,18
2025-03-01,30110545,동구,신인동,"사업시설 관리, 사업 지원 및 임대 서비스업",15
2025-03-01,30110545,동구,신인동,소매업,89
2025-03-01,30110545,동구,신인동,수리 및 개인 서비스업,60
2025-03-01,30110545,동구,신인동,숙박업,4
2025-03-01,30110545,동구,신인동,"예술, 스포츠 및 여가관련 서비스업",17
2025-03-01,30110545,동구,신인동,음식점업,122
2025-03-01,30110545,동구,신인동,"전문, 과학 및 기술 서비스업",20
2025-03-01,30110551,동구,판암1동,교육 서비스업,25
2025-03-01,30110551,동구,판암1동,보건의료업,30
2025-03-01,30110551,동구,판암1동,부동산업,12
2025-03-01,30110551,동구,판암1동,"사업시설 관리, 사업 지원 및 임대 서비스업",13
2025-03-01,30110551,동구,판암1동,소매업,93
2025-03-01,30110551,동구,판암1동,수리 및 개인 서비스업,57
2025-03-01,30110551,동구,판암1동,숙박업,0
2025-03-01,30110551,동구,판암1동,"예술, 스포츠 및 여가관련 서비스업",15
2025-03-01,30110551,동구,판암1동,음식점업,105
2025-03-01,30110551,동구,판암1동,"전문, 과학 및 기술 서비스업",13
2025-03-01,30110552,동구,판암2동,교육 서비스업,1
2025-03-01,30110552,동구,판암2동,보건의료업,6
2025-03-01,30110552,동구,판암2동,부동산업,2
2025-03-01,30110552,동구,판암2동,"사업시설 관리, 사업 지원 및 임대 서비스업",5
2025-03-01,30110552,동구,판암2동,소매업,47
2025-03-01,30110552,동구,판암2동,수리 및 개인 서비스업,20
2025-03-01,30110552,동구,판암2동,숙박업,0
2025-03-01,30110552,동구,판암2동,"예술, 스포츠 및 여가관련 서비스업",8
2025-03-01,30110552,동구,판암2동,음식점업,52
2025-03-01,30110552,동구,판암2동,"전문, 과학 및 기술 서비스업",7
2025-03-01,30110560,동구,용운동,교육 서비스업,53
2025-03-01,30110560,동구,용운동,보건의료업,27
2025-03-01,30110560,동구,용운동,부동산업,26
2025-03-01,30110560,동구,용운동,"사업시설 관리, 사업 지원 및 임대 서비스업",25
2025-03-01,30110560,동구,용운동,소매업,209
2025-03-01,30110560,동구,용운동,수리 및 개인 서비스업,159
2025-03-01,30110560,동구,용운동,숙박업,5
2025-03-01,30110560,동구,용운동,"예술, 스포츠 및 여가관련 서비스업",50
2025-03-01,30110560,동구,용운동,음식점업,291
2025-03-01,30110560,동구,용운동,"전문, 과학 및 기술 서비스업",38
2025-03-01,30110585,동구,대동,교육 서비스업,41
2025-03-01,30110585,동구,대동,보건의료업,37
2025-03-01,30110585,동구,대동,부동산업,22
2025-03-01,30110585,동구,대동,"사업시설 관리, 사업 지원 및 임대 서비스업",30
2025-03-01,30110585,동구,대동,소매업,143
2025-03-01,30110585,동구,대동,수리 및 개인 서비스업,70
2025-03-01,30110585,동구,대동,숙박업,1
2025-03-01,30110585,동구,대동,"예술, 스포츠 및 여가관련 서비스업",24
2025-03-01,30110585,동구,대동,음식점업,182
2025-03-01,30110585,동구,대동,"전문, 과학 및 기술 서비스업",26
2025-03-01,30110590,동구,자양동,교육 서비스업,30
2025-03-01,30110590,동구,자양동,보건의료업,6
2025-03-01,30110590,동구,자양동,부동산업,43
2025-03-01,30110590,동구,자양동,"사업시설 관리, 사업 지원 및 임대 서비스업",27
2025-03-01,30110590,동구,자양동,소매업,125
2025-03-01,30110590,동구,자양동,수리 및 개인 서비스업,107
2025-03-01,30110590,동구,자양동,숙박업,2
2025-03-01,30110590,동구,자양동,"예술, 스포츠 및 여가관련 서비스업",44
2025-03-01,30110590,동구,자양동,음식점업,303
2025-03-01,30110590,동구,자양동,"전문, 과학 및 기술 서비스업",34
2025-03-01,30110620,동구,가양1동,교육 서비스업,20
2025-03-01,30110620,동구,가양1동,보건의료업,7
2025-03-01,30110620,동구,가양1동,부동산업,25
2025-03-01,30110620,동구,가양1동,"사업시설 관리, 사업 지원 및 임대 서비스업",40
2025-03-01,30110620,동구,가양1동,소매업,153
2025-03-01,30110620,동구,가양1동,수리 및 개인 서비스업,97
2025-03-01,30110620,동구,가양1동,숙박업,5
2025-03-01,30110620,동구,가양1동,"예술, 스포츠 및 여가관련 서비스업",18
2025-03-01,30110620,동구,가양1동,음식점업,203
2025-03-01,30110620,동구,가양1동,"전문, 과학 및 기술 서비스업",43
2025-03-01,30110630,동구,가양2동,교육 서비스업,65
2025-03-01,30110630,동구,가양2동,보건의료업,28
2025-03-01,30110630,동구,가양2동,부동산업,28
2025-03-01,30110630,동구,가양2동,"사업시설 관리, 사업 지원 및 임대 서비스업",30
2025-03-01,30110630,동구,가양2동,소매업,246
2025-03-01,30110630,동구,가양2동,수리 및 개인 서비스업,151
2025-03-01,30110630,동구,가양2동,숙박업,5
2025-03-01,30110630,동구,가양2동,"예술, 스포츠 및 여가관련 서비스업",35
2025-03-01,30110630,동구,가양2동,음식점업,283
2025-03-01,30110630,동구,가양2동,"전문, 과학 및 기술 서비스업",43
2025-03-01,30110640,동구,용전동,교육 서비스업,41
2025-03-01,30110640,동구,용전동,보건의료업,33
2025-03-01,30110640,동구,용전동,부동산업,56
2025-03-01,30110640,동구,용전동,"사업시설 관리, 사업 지원 및 임대 서비스업",51
2025-03-01,30110640,동구,용전동,소매업,365
2025-03-01,30110640,동구,용전동,수리 및 개인 서비스업,196
2025-03-01,30110640,동구,용전동,숙박업,71
2025-03-01,30110640,동구,용전동,"예술, 스포츠 및 여가관련 서비스업",57
2025-03-01,30110640,동구,용전동,음식점업,372
2025-03-01,30110640,동구,용전동,"전문, 과학 및 기술 서비스업",94
2025-03-01,30110665,동구,성남동,교육 서비스업,29
2025-03-01,30110665,동구,성남동,보건의료업,30
2025-03-01,30110665,동구,성남동,부동산업,15
2025-03-01,30110665,동구,성남동,"사업시설 관리, 사업 지원 및 임대 서비스업",24
2025-03-01,30110665,동구,성남동,소매업,143
2025-03-01,30110665,동구,성남동,수리 및 개인 서비스업,82
2025-03-01,30110665,동구,성남동,숙박업,3
2025-03-01,30110665,동구,성남동,"예술, 스포츠 및 여가관련 서비스업",23
2025-03-01,30110665,동구,성남동,음식점업,156
2025-03-01,30110665,동구,성남동,"전문, 과학 및 기술 서비스업",29
2025-03-01,30110670,동구,홍도동,교육 서비스업,21
2025-03-01,30110670,동구,홍도동,보건의료업,10
2025-03-01,30110670,동구,홍도동,부동산업,18
2025-03-01,30110670,동구,홍도동,"사업시설 관리, 사업 지원 및 임대 서비스업",27
2025-03-01,30110670,동구,홍도동,소매업,121
2025-03-01,30110670,동구,홍도동,수리 및 개인 서비스업,62
2025-03-01,30110670,동구,홍도동,숙박업,2
2025-03-01,30110670,동구,홍도동,"예술, 스포츠 및 여가관련 서비스업",31
2025-03-01,30110670,동구,홍도동,음식점업,181
2025-03-01,30110670,동구,홍도동,"전문, 과학 및 기술 서비스업",34
2025-03-01,30110695,동구,삼성동,교육 서비스업,27
2025-03-01,30110695,동구,삼성동,보건의료업,12
2025-03-01,30110695,동구,삼성동,부동산업,17
2025-03-01,30110695,동구,삼성동,"사업시설 관리, 사업 지원 및 임대 서비스업",52
2025-03-01,30110695,동구,삼성동,소매업,182
2025-03-01,30110695,동구,삼성동,수리 및 개인 서비스업,86
2025-03-01,30110695,동구,삼성동,숙박업,4
2025-03-01,30110695,동구,삼성동,"예술, 스포츠 및 여가관련 서비스업",19
2025-03-01,30110695,동구,삼성동,음식점업,119
2025-03-01,30110695,동구,삼성동,"전문, 과학 및 기술 서비스업",215
2025-03-01,30110725,동구,대청동,교육 서비스업,6
2025-03-01,30110725,동구,대청동,보건의료업,1
2025-03-01,30110725,동구,대청동,부동산업,2
2025-03-01,30110725,동구,대청동,"사업시설 관리, 사업 지원 및 임대 서비스업",2
2025-03-01,30110725,동구,대청동,소매업,27
2025-03-01,30110725,동구,대청동,수리 및 개인 서비스업,2
2025-03-01,30110725,동구,대청동,숙박업,2
2025-03-01,30110725,동구,대청동,"예술, 스포츠 및 여가관련 서비스업",3
2025-03-01,30110725,동구,대청동,음식점업,79
2025-03-01,30110725,동구,대청동,"전문, 과학 및 기술 서비스업",4
2025-03-01,30110740,동구,산내동,교육 서비스업,37
2025-03-01,30110740,동구,산내동,보건의료업,17
2025-03-01,30110740,동구,산내동,부동산업,16
2025-03-01,30110740,동구,산내동,"사업시설 관리, 사업 지원 및 임대 서비스업",30
2025-03-01,30110740,동구,산내동,소매업,156
2025-03-01,30110740,동구,산내동,수리 및 개인 서비스업,83
2025-03-01,30110740,동구,산내동,숙박업,8
2025-03-01,30110740,동구,산내동,"예술, 스포츠 및 여가관련 서비스업",19
2025-03-01,30110740,동구,산내동,음식점업,177
2025-03-01,30110740,동구,산내동,"전문, 과학 및 기술 서비스업",53
2025-03-01,30140535,중구,은행선화동,교육 서비스업,126
2025-03-01,30140535,중구,은행선화동,보건의료업,50
2025-03-01,30140535,중구,은행선화동,부동산업,63
2025-03-01,30140535,중구,은행선화동,"사업시설 관리, 사업 지원 및 임대 서비스업",110
2025-03-01,30140535,중구,은행선화동,소매업,539
2025-03-01,30140535,중구,은행선화동,수리 및 개인 서비스업,188
2025-03-01,30140535,중구,은행선화동,숙박업,29
2025-03-01,30140535,중구,은행선화동,"예술, 스포츠 및 여가관련 서비스업",82
2025-03-01,30140535,중구,은행선화동,음식점업,523
2025-03-01,30140535,중구,은행선화동,"전문, 과학 및 기술 서비스업",202
2025-03-01,30140550,중구,목동,교육 서비스업,97
2025-03-01,30140550,중구,목동,보건의료업,12
2025-03-01,30140550,중구,목동,부동산업,12
2025-03-01,30140550,중구,목동,"사업시설 관리, 사업 지원 및 임대 서비스업",8
2025-03-01,30140550,중구,목동,소매업,97
2025-03-01,30140550,중구,목동,수리 및 개인 서비스업,56
2025-03-01,30140550,중구,목동,숙박업,0
2025-03-01,30140550,중구,목동,"예술, 스포츠 및 여가관련 서비스업",23
2025-03-01,30140550,중구,목동,음식점업,121
2025-03-01,30140550,중구,목동,"전문, 과학 및 기술 서비스업",23
2025-03-01,30140560,중구,중촌동,교육 서비스업,37
2025-03-01,30140560,중구,중촌동,보건의료업,14
2025-03-01,30140560,중구,중촌동,부동산업,15
2025-03-01,30140560,중구,중촌동,"사업시설 관리, 사업 지원 및 임대 서비스업",38
2025-03-01,30140560,중구,중촌동,소매업,163
2025-03-01,30140560,중구,중촌동,수리 및 개인 서비스업,111
2025-03-01,30140560,중구,중촌동,숙박업,1
2025-03-01,30140560,중구,중촌동,"예술, 스포츠 및 여가관련 서비스업",30
2025-03-01,30140560,중구,중촌동,음식점업,180
2025-03-01,30140560,중구,중촌동,"전문, 과학 및 기술 서비스업",52
2025-03-01,30140575,중구,대흥동,교육 서비스업,84
2025-03-01,30140575,중구,대흥동,보건의료업,29
2025-03-01,30140575,중구,대흥동,부동산업,25
2025-03-01,30140575,중구,대흥동,"사업시설 관리, 사업 지원 및 임대 서비스업",50
2025-03-01,30140575,중구,대흥동,소매업,659
2025-03-01,30140575,중구,대흥동,수리 및 개인 서비스업,148
2025-03-01,30140575,중구,대흥동,숙박업,47
2025-03-01,30140575,중구,대흥동,"예술, 스포츠 및 여가관련 서비스업",56
2025-03-01,30140575,중구,대흥동,음식점업,618
2025-03-01,30140575,중구,대흥동,"전문, 과학 및 기술 서비스업",129
2025-03-01,30140605,중구,문창동,교육 서비스업,12
2025-03-01,30140605,중구,문창동,보건의료업,6
2025-03-01,30140605,중구,문창동,부동산업,7
2025-03-01,30140605,중구,문창동,"사업시설 관리, 사업 지원 및 임대 서비스업",26
2025-03-01,30140605,중구,문창동,소매업,190
2025-03-01,30140605,중구,문창동,수리 및 개인 서비스업,75
2025-03-01,30140605,중구,문창동,숙박업,25
2025-03-01,30140605,중구,문창동,"예술, 스포츠 및 여가관련 서비스업",22
2025-03-01,30140605,중구,문창동,음식점업,149
2025-03-01,30140605,중구,문창동,"전문, 과학 및 기술 서비스업",20
2025-03-01,30140620,중구,석교동,교육 서비스업,18
2025-03-01,30140620,중구,석교동,보건의료업,13
2025-03-01,30140620,중구,석교동,부동산업,17
2025-03-01,30140620,중구,석교동,"사업시설 관리, 사업 지원 및 임대 서비스업",39
2025-03-01,30140620,중구,석교동,소매업,164
2025-03-01,30140620,중구,석교동,수리 및 개인 서비스업,104
2025-03-01,30140620,중구,석교동,숙박업,0
2025-03-01,30140620,중구,석교동,"예술, 스포츠 및 여가관련 서비스업",22
2025-03-01,30140620,중구,석교동,음식점업,126
2025-03-01,30140620,중구,석교동,"전문, 과학 및 기술 서비스업",38
2025-03-01,30140630,중구,대사동,교육 서비스업,22
2025-03-01,30140630,중구,대사동,보건의료업,13
2025-03-01,30140630,중구,대사동,부동산업,13
2025-03-01,30140630,중구,대사동,"사업시설 관리, 사업 지원 및 임대 서비스업",17
2025-03-01,30140630,중구,대사동,소매업,122
2025-03-01,30140630,중구,대사동,수리 및 개인 서비스업,63
2025-03-01,30140630,중구,대사동,숙박업,7
2025-03-01,30140630,중구,대사동,"예술, 스포츠 및 여가관련 서비스업",13
2025-03-01,30140630,중구,대사동,음식점업,169
2025-03-01,30140630,중구,대사동,"전문, 과학 및 기술 서비스업",20
2025-03-01,30140640,중구,부사동,교육 서비스업,15
2025-03-01,30140640,중구,부사동,보건의료업,17
2025-03-01,30140640,중구,부사동,부동산업,15
2025-03-01,30140640,중구,부사동,"사업시설 관리, 사업 지원 및 임대 서비스업",15
2025-03-01,30140640,중구,부사동,소매업,166
2025-03-01,30140640,중구,부사동,수리 및 개인 서비스업,50
2025-03-01,30140640,중구,부사동,숙박업,8
2025-03-01,30140640,중구,부사동,"예술, 스포츠 및 여가관련 서비스업",21
2025-03-01,30140640,중구,부사동,음식점업,136
2025-03-01,30140640,중구,부사동,"전문, 과학 및 기술 서비스업",28
2025-03-01,30140655,중구,용두동,교육 서비스업,46
2025-03-01,30140655,중구,용두동,보건의료업,14
2025-03-01,30140655,중구,용두동,부동산업,29
2025-03-01,30140655,중구,용두동,"사업시설 관리, 사업 지원 및 임대 서비스업",29
2025-03-01,30140655,중구,용두동,소매업,150
2025-03-01,30140655,중구,용두동,수리 및 개인 서비스업,86
2025-03-01,30140655,중구,용두동,숙박업,4
2025-03-01,30140655,중구,용두동,"예술, 스포츠 및 여가관련 서비스업",11
2025-03-01,30140655,중구,용두동,음식점업,127
2025-03-01,30140655,중구,용두동,"전문, 과학 및 기술 서비스업",37
2025-03-01,30140670,중구,오류동,교육 서비스업,42
2025-03-01,30140670,중구,오류동,보건의료업,52
2025-03-01,30140670,중구,오류동,부동산업,21
2025-03-01,30140670,중구,오류동,"사업시설 관리, 사업 지원 및 임대 서비스업",45
2025-03-01,30140670,중구,오류동,소매업,186
2025-03-01,30140670,중구,오류동,수리 및 개인 서비스업,81
2025-03-01,30140670,중구,오류동,숙박업,8
2025-03-01,30140670,중구,오류동,"예술, 스포츠 및 여가관련 서비스업",50
2025-03-01,30140670,중구,오류동,음식점업,345
2025-03-01,30140670,중구,오류동,"전문, 과학 및 기술 서비스업",69
2025-03-01,30140680,중구,태평1동,교육 서비스업,41
2025-03-01,30140680,중구,태평1동,보건의료업,22
2025-03-01,30140680,중구,태평1동,부동산업,11
2025-03-01,30140680,중구,태평1동,"사업시설 관리, 사업 지원 및 임대 서비스업",13
2025-03-01,30140680,중구,태평1동,소매업,178
2025-03-01,30140680,중구,태평1동,수리 및 개인 서비스업,80
2025-03-01,30140680,중구,태평1동,숙박업,1
2025-03-01,30140680,중구,태평1동,"예술, 스포츠 및 여가관련 서비스업",27
2025-03-01,30140680,중구,태평1동,음식점업,167
2025-03-01,30140680,중구,태평1동,"전문, 과학 및 기술 서비스업",18
2025-03-01,30140690,중구,태평2동,교육 서비스업,36
2025-03-01,30140690,중구,태평2동,보건의료업,9
2025-03-01,30140690,중구,태평2동,부동산업,16
2025-03-01,30140690,중구,태평2동,"사업시설 관리, 사업 지원 및 임대 서비스업",16
2025-03-01,30140690,중구,태평2동,소매업,141
2025-03-01,30140690,중구,태평2동,수리 및 개인 서비스업,58
2025-03-01,30140690,중구,태평2동,숙박업,3
2025-03-01,30140690,중구,태평2동,"예술, 스포츠 및 여가관련 서비스업",16
2025-03-01,30140690,중구,태평2동,음식점업,107
2025-03-01,30140690,중구,태평2동,"전문, 과학 및 기술 서비스업",22
2025-03-01,30140700,중구,유천1동,교육 서비스업,69
2025-03-01,30140700,중구,유천1동,보건의료업,17
2025-03-01,30140700,중구,유천1동,부동산업,12
2025-03-01,30140700,중구,유천1동,"사업시설 관리, 사업 지원 및 임대 서비스업",19
2025-03-01,30140700,중구,유천1동,소매업,147
2025-03-01,30140700,중구,유천1동,수리 및 개인 서비스업,82
2025-03-01,30140700,중구,유천1동,숙박업,25
2025-03-01,30140700,중구,유천1동,"예술, 스포츠 및 여가관련 서비스업",47
2025-03-01,30140700,중구,유천1동,음식점업,252
2025-03-01,30140700,중구,유천1동,"전문, 과학 및 기술 서비스업",30
2025-03-01,30140710,중구,유천2동,교육 서비스업,38
2025-03-01,30140710,중구,유천2동,보건의료업,28
2025-03-01,30140710,중구,유천2동,부동산업,23
2025-03-01,30140710,중구,유천2동,"사업시설 관리, 사업 지원 및 임대 서비스업",42
2025-03-01,30140710,중구,유천2동,소매업,170
2025-03-01,30140710,중구,유천2동,수리 및 개인 서비스업,121
2025-03-01,30140710,중구,유천2동,숙박업,2
2025-03-01,30140710,중구,유천2동,"예술, 스포츠 및 여가관련 서비스업",34
2025-03-01,30140710,중구,유천2동,음식점업,205
2025-03-01,30140710,중구,유천2동,"전문, 과학 및 기술 서비스업",44
2025-03-01,30140720,중구,문화1동,교육 서비스업,69
2025-03-01,30140720,중구,문화1동,보건의료업,30
2025-03-01,30140720,중구,문화1동,부동산업,9
2025-03-01,30140720,중구,문화1동,"사업시설 관리, 사업 지원 및 임대 서비스업",28
2025-03-01,30140720,중구,문화1동,소매업,208
2025-03-01,30140720,중구,문화1동,수리 및 개인 서비스업,79
2025-03-01,30140720,중구,문화1동,숙박업,6
2025-03-01,30140720,중구,문화1동,"예술, 스포츠 및 여가관련 서비스업",28
2025-03-01,30140720,중구,문화1동,음식점업,196
2025-03-01,30140720,중구,문화1동,"전문, 과학 및 기술 서비스업",21
2025-03-01,30140730,중구,문화2동,교육 서비스업,31
2025-03-01,30140730,중구,문화2동,보건의료업,13
2025-03-01,30140730,중구,문화2동,부동산업,12
2025-03-01,30140730,중구,문화2동,"사업시설 관리, 사업 지원 및 임대 서비스업",10
2025-03-01,30140730,중구,문화2동,소매업,113
2025-03-01,30140730,중구,문화2동,수리 및 개인 서비스업,77
2025-03-01,30140730,중구,문화2동,숙박업,2
2025-03-01,30140730,중구,문화2동,"예술, 스포츠 및 여가관련 서비스업",15
2025-03-01,30140730,중구,문화2동,음식점업,112
2025-03-01,30140730,중구,문화2동,"전문, 과학 및 기술 서비스업",23
2025-03-01,30140740,중구,산성동,교육 서비스업,40
2025-03-01,30140740,중구,산성동,보건의료업,26
2025-03-01,30140740,중구,산성동,부동산업,37
2025-03-01,30140740,중구,산성동,"사업시설 관리, 사업 지원 및 임대 서비스업",93
2025-03-01,30140740,중구,산성동,소매업,397
2025-03-01,30140740,중구,산성동,수리 및 개인 서비스업,215
2025-03-01,30140740,중구,산성동,숙박업,12
2025-03-01,30140740,중구,산성동,"예술, 스포츠 및 여가관련 서비스업",59
2025-03-01,30140740,중구,산성동,음식점업,318
2025-03-01,30140740,중구,산성동,"전문, 과학 및 기술 서비스업",84
2025-03-01,30170510,서구,복수동,교육 서비스업,93
2025-03-01,30170510,서구,복수동,보건의료업,10
2025-03-01,30170510,서구,복수동,부동산업,16
2025-03-01,30170510,서구,복수동,"사업시설 관리, 사업 지원 및 임대 서비스업",25
2025-03-01,30170510,서구,복수동,소매업,122
2025-03-01,30170510,서구,복수동,수리 및 개인 서비스업,99
2025-03-01,30170510,서구,복수동,숙박업,0
2025-03-01,30170510,서구,복수동,"예술, 스포츠 및 여가관련 서비스업",38
2025-03-01,30170510,서구,복수동,음식점업,201
2025-03-01,30170510,서구,복수동,"전문, 과학 및 기술 서비스업",31
2025-03-01,30170520,서구,도마1동,교육 서비스업,53
2025-03-01,30170520,서구,도마1동,보건의료업,26
2025-03-01,30170520,서구,도마1동,부동산업,45
2025-03-01,30170520,서구,도마1동,"사업시설 관리, 사업 지원 및 임대 서비스업",45
2025-03-01,30170520,서구,도마1동,소매업,466
2025-03-01,30170520,서구,도마1동,수리 및 개인 서비스업,141
2025-03-01,30170520,서구,도마1동,숙박업,5
2025-03-01,30170520,서구,도마1동,"예술, 스포츠 및 여가관련 서비스업",42
2025-03-01,30170520,서구,도마1동,음식점업,350
2025-03-01,30170520,서구,도마1동,"전문, 과학 및 기술 서비스업",51
2025-03-01,30170530,서구,도마2동,교육 서비스업,38
2025-03-01,30170530,서구,도마2동,보건의료업,46
2025-03-01,30170530,서구,도마2동,부동산업,48
2025-03-01,30170530,서구,도마2동,"사업시설 관리, 사업 지원 및 임대 서비스업",34
2025-03-01,30170530,서구,도마2동,소매업,207
2025-03-01,30170530,서구,도마2동,수리 및 개인 서비스업,120
2025-03-01,30170530,서구,도마2동,숙박업,1
2025-03-01,30170530,서구,도마2동,"예술, 스포츠 및 여가관련 서비스업",25
2025-03-01,30170530,서구,도마2동,음식점업,195
2025-03-01,30170530,서구,도마2동,"전문, 과학 및 기술 서비스업",41
2025-03-01,30170535,서구,정림동,교육 서비스업,43
2025-03-01,30170535,서구,정림동,보건의료업,19
2025-03-01,30170535,서구,정림동,부동산업,9
2025-03-01,30170535,서구,정림동,"사업시설 관리, 사업 지원 및 임대 서비스업",11
2025-03-01,30170535,서구,정림동,소매업,165
2025-03-01,30170535,서구,정림동,수리 및 개인 서비스업,90
2025-03-01,30170535,서구,정림동,숙박업,0
2025-03-01,30170535,서구,정림동,"예술, 스포츠 및 여가관련 서비스업",31
2025-03-01,30170535,서구,정림동,음식점업,160
2025-03-01,30170535,서구,정림동,"전문, 과학 및 기술 서비스업",34
2025-03-01,30170540,서구,변동,교육 서비스업,24
2025-03-01,30170540,서구,변동,보건의료업,13
2025-03-01,30170540,서구,변동,부동산업,35
2025-03-01,30170540,서구,변동,"사업시설 관리, 사업 지원 및 임대 서비스업",63
2025-03-01,30170540,서구,변동,소매업,176
2025-03-01,30170540,서구,변동,수리 및 개인 서비스업,109
2025-03-01,30170540,서구,변동,숙박업,2
2025-03-01,30170540,서구,변동,"예술, 스포츠 및 여가관련 서비스업",19
2025-03-01,30170540,서구,변동,음식점업,142
2025-03-01,30170540,서구,변동,"전문, 과학 및 기술 서비스업",91
2025-03-01,30170550,서구,용문동,교육 서비스업,31
2025-03-01,30170550,서구,용문동,보건의료업,23
2025-03-01,30170550,서구,용문동,부동산업,50
2025-03-01,30170550,서구,용문동,"사업시설 관리, 사업 지원 및 임대 서비스업",44
2025-03-01,30170550,서구,용문동,소매업,176
2025-03-01,30170550,서구,용문동,수리 및 개인 서비스업,135
2025-03-01,30170550,서구,용문동,숙박업,17
2025-03-01,30170550,서구,용문동,"예술, 스포츠 및 여가관련 서비스업",27
2025-03-01,30170550,서구,용문동,음식점업,174
2025-03-01,30170550,서구,용문동,"전문, 과학 및 기술 서비스업",57
2025-03-01,30170555,서구,탄방동,교육 서비스업,239
2025-03-01,30170555,서구,탄방동,보건의료업,127
2025-03-01,30170555,서구,탄방동,부동산업,82
2025-03-01,30170555,서구,탄방동,"사업시설 관리, 사업 지원 및 임대 서비스업",129
2025-03-01,30170555,서구,탄방동,소매업,718
2025-03-01,30170555,서구,탄방동,수리 및 개인 서비스업,431
2025-03-01,30170555,서구,탄방동,숙박업,7
2025-03-01,30170555,서구,탄방동,"예술, 스포츠 및 여가관련 서비스업",111
2025-03-01,30170555,서구,탄방동,음식점업,671
2025-03-01,30170555,서구,탄방동,"전문, 과학 및 기술 서비스업",246
2025-03-01,30170560,서구,괴정동,교육 서비스업,79
2025-03-01,30170560,서구,괴정동,보건의료업,36
2025-03-01,30170560,서구,괴정동,부동산업,85
2025-03-01,30170560,서구,괴정동,"사업시설 관리, 사업 지원 및 임대 서비스업",82
2025-03-01,30170560,서구,괴정동,소매업,597
2025-03-01,30170560,서구,괴정동,수리 및 개인 서비스업,301
2025-03-01,30170560,서구,괴정동,숙박업,11
2025-03-01,30170560,서구,괴정동,"예술, 스포츠 및 여가관련 서비스업",82
2025-03-01,30170560,서구,괴정동,음식점업,559
2025-03-01,30170560,서구,괴정동,"전문, 과학 및 기술 서비스업",131
2025-03-01,30170570,서구,가장동,교육 서비스업,28
2025-03-01,30170570,서구,가장동,보건의료업,8
2025-03-01,30170570,서구,가장동,부동산업,15
2025-03-01,30170570,서구,가장동,"사업시설 관리, 사업 지원 및 임대 서비스업",23
2025-03-01,30170570,서구,가장동,소매업,103
2025-03-01,30170570,서구,가장동,수리 및 개인 서비스업,84
2025-03-01,30170570,서구,가장동,숙박업,0
2025-03-01,30170570,서구,가장동,"예술, 스포츠 및 여가관련 서비스업",16
2025-03-01,30170570,서구,가장동,음식점업,79
2025-03-01,30170570,서구,가장동,"전문, 과학 및 기술 서비스업",25
2025-03-01,30170575,서구,내동,교육 서비스업,79
2025-03-01,30170575,서구,내동,보건의료업,15
2025-03-01,30170575,서구,내동,부동산업,23
2025-03-01,30170575,서구,내동,"사업시설 관리, 사업 지원 및 임대 서비스업",29
2025-03-01,30170575,서구,내동,소매업,152
2025-03-01,30170575,서구,내동,수리 및 개인 서비스업,112
2025-03-01,30170575,서구,내동,숙박업,0
2025-03-01,30170575,서구,내동,"예술, 스포츠 및 여가관련 서비스업",20
2025-03-01,30170575,서구,내동,음식점업,132
2025-03-01,30170575,서구,내동,"전문, 과학 및 기술 서비스업",59
2025-03-01,30170581,서구,갈마1동,교육 서비스업,67
2025-03-01,30170581,서구,갈마1동,보건의료업,23
2025-03-01,30170581,서구,갈마1동,부동산업,39
2025-03-01,30170581,서구,갈마1동,"사업시설 관리, 사업 지원 및 임대 서비스업",57
2025-03-01,30170581,서구,갈마1동,소매업,242
2025-03-01,30170581,서구,갈마1동,수리 및 개인 서비스업,210
2025-03-01,30170581,서구,갈마1동,숙박업,10
2025-03-01,30170581,서구,갈마1동,"예술, 스포츠 및 여가관련 서비스업",48
2025-03-01,30170581,서구,갈마1동,음식점업,366
2025-03-01,30170581,서구,갈마1동,"전문, 과학 및 기술 서비스업",119
2025-03-01,30170582,서구,갈마2동,교육 서비스업,95
2025-03-01,30170582,서구,갈마2동,보건의료업,14
2025-03-01,30170582,서구,갈마2동,부동산업,38
2025-03-01,30170582,서구,갈마2동,"사업시설 관리, 사업 지원 및 임대 서비스업",73
2025-03-01,30170582,서구,갈마2동,소매업,228
2025-03-01,30170582,서구,갈마2동,수리 및 개인 서비스업,189
2025-03-01,30170582,서구,갈마2동,숙박업,2
2025-03-01,30170582,서구,갈마2동,"예술, 스포츠 및 여가관련 서비스업",76
2025-03-01,30170582,서구,갈마2동,음식점업,447
2025-03-01,30170582,서구,갈마2동,"전문, 과학 및 기술 서비스업",99
2025-03-01,30170586,서구,월평1동,교육 서비스업,47
2025-03-01,30170586,서구,월평1동,보건의료업,18
2025-03-01,30170586,서구,월평1동,부동산업,58
2025-03-01,30170586,서구,월평1동,"사업시설 관리, 사업 지원 및 임대 서비스업",95
2025-03-01,30170586,서구,월평1동,소매업,247
2025-03-01,30170586,서구,월평1동,수리 및 개인 서비스업,215
2025-03-01,30170586,서구,월평1동,숙박업,15
2025-03-01,30170586,서구,월평1동,"예술, 스포츠 및 여가관련 서비스업",60
2025-03-01,30170586,서구,월평1동,음식점업,405
2025-03-01,30170586,서구,월평1동,"전문, 과학 및 기술 서비스업",116
2025-03-01,30170587,서구,월평2동,교육 서비스업,121
2025-03-01,30170587,서구,월평2동,보건의료업,48
2025-03-01,30170587,서구,월평2동,부동산업,14
2025-03-01,30170587,서구,월평2동,"사업시설 관리, 사업 지원 및 임대 서비스업",42
2025-03-01,30170587,서구,월평2동,소매업,139
2025-03-01,30170587,서구,월평2동,수리 및 개인 서비스업,61
2025-03-01,30170587,서구,월평2동,숙박업,6
2025-03-01,30170587,서구,월평2동,"예술, 스포츠 및 여가관련 서비스업",72
2025-03-01,30170587,서구,월평2동,음식점업,199
2025-03-01,30170587,서구,월평2동,"전문, 과학 및 기술 서비스업",149
2025-03-01,30170588,서구,월평3동,교육 서비스업,17
2025-03-01,30170588,서구,월평3동,보건의료업,0
2025-03-01,30170588,서구,월평3동,부동산업,2
2025-03-01,30170588,서구,월평3동,"사업시설 관리, 사업 지원 및 임대 서비스업",2
2025-03-01,30170588,서구,월평3동,소매업,28
2025-03-01,30170588,서구,월평3동,수리 및 개인 서비스업,16
2025-03-01,30170588,서구,월평3동,숙박업,0
2025-03-01,30170588,서구,월평3동,"예술, 스포츠 및 여가관련 서비스업",2
2025-03-01,30170588,서구,월평3동,음식점업,33
2025-03-01,30170588,서구,월평3동,"전문, 과학 및 기술 서비스업",1
2025-03-01,30170590,서구,가수원동,교육 서비스업,27
2025-03-01,30170590,서구,가수원동,보건의료업,8
2025-03-01,30170590,서구,가수원동,부동산업,18
2025-03-01,30170590,서구,가수원동,"사업시설 관리, 사업 지원 및 임대 서비스업",40
2025-03-01,30170590,서구,가수원동,소매업,113
2025-03-01,30170590,서구,가수원동,수리 및 개인 서비스업,76
2025-03-01,30170590,서구,가수원동,숙박업,1
2025-03-01,30170590,서구,가수원동,"예술, 스포츠 및 여가관련 서비스업",17
2025-03-01,30170590,서구,가수원동,음식점업,118
2025-03-01,30170590,서구,가수원동,"전문, 과학 및 기술 서비스업",20
2025-03-01,30170593,서구,도안동,교육 서비스업,288
2025-03-01,30170593,서구,도안동,보건의료업,37
2025-03-01,30170593,서구,도안동,부동산업,82
2025-03-01,30170593,서구,도안동,"사업시설 관리, 사업 지원 및 임대 서비스업",72
2025-03-01,30170593,서구,도안동,소매업,376
2025-03-01,30170593,서구,도안동,수리 및 개인 서비스업,300
2025-03-01,30170593,서구,도안동,숙박업,2
2025-03-01,30170593,서구,도안동,"예술, 스포츠 및 여가관련 서비스업",106
2025-03-01,30170593,서구,도안동,음식점업,630
2025-03-01,30170593,서구,도안동,"전문, 과학 및 기술 서비스업",194
2025-03-01,30170596,서구,관저1동,교육 서비스업,33
2025-03-01,30170596,서구,관저1동,보건의료업,23
2025-03-01,30170596,서구,관저1동,부동산업,28
2025-03-01,30170596,서구,관저1동,"사업시설 관리, 사업 지원 및 임대 서비스업",12
2025-03-01,30170596,서구,관저1동,소매업,113
2025-03-01,30170596,서구,관저1동,수리 및 개인 서비스업,74
2025-03-01,30170596,서구,관저1동,숙박업,0
2025-03-01,30170596,서구,관저1동,"예술, 스포츠 및 여가관련 서비스업",37
2025-03-01,30170596,서구,관저1동,음식점업,185
2025-03-01,30170596,서구,관저1동,"전문, 과학 및 기술 서비스업",30
2025-03-01,30170597,서구,관저2동,교육 서비스업,243
2025-03-01,30170597,서구,관저2동,보건의료업,72
2025-03-01,30170597,서구,관저2동,부동산업,67
2025-03-01,30170597,서구,관저2동,"사업시설 관리, 사업 지원 및 임대 서비스업",25
2025-03-01,30170597,서구,관저2동,소매업,346
2025-03-01,30170597,서구,관저2동,수리 및 개인 서비스업,260
2025-03-01,30170597,서구,관저2동,숙박업,1
2025-03-01,30170597,서구,관저2동,"예술, 스포츠 및 여가관련 서비스업",117
2025-03-01,30170597,서구,관저2동,음식점업,622
2025-03-01,30170597,서구,관저2동,"전문, 과학 및 기술 서비스업",95
2025-03-01,30170600,서구,기성동,교육 서비스업,7
2025-03-01,30170600,서구,기성동,보건의료업,4
2025-03-01,30170600,서구,기성동,부동산업,5
2025-03-01,30170600,서구,기성동,"사업시설 관리, 사업 지원 및 임대 서비스업",10
2025-03-01,30170600,서구,기성동,소매업,58
2025-03-01,30170600,서구,기성동,수리 및 개인 서비스업,11
2025-03-01,30170600,서구,기성동,숙박업,35
2025-03-01,30170600,서구,기성동,"예술, 스포츠 및 여가관련 서비스업",7
2025-03-01,30170600,서구,기성동,음식점업,51
2025-03-01,30170600,서구,기성동,"전문, 과학 및 기술 서비스업",8
2025-03-01,30170630,서구,둔산1동,교육 서비스업,347
2025-03-01,30170630,서구,둔산1동,보건의료업,110
2025-03-01,30170630,서구,둔산1동,부동산업,82
2025-03-01,30170630,서구,둔산1동,"사업시설 관리, 사업 지원 및 임대 서비스업",67
2025-03-01,30170630,서구,둔산1동,소매업,174
2025-03-01,30170630,서구,둔산1동,수리 및 개인 서비스업,106
2025-03-01,30170630,서구,둔산1동,숙박업,12
2025-03-01,30170630,서구,둔산1동,"예술, 스포츠 및 여가관련 서비스업",78
2025-03-01,30170630,서구,둔산1동,음식점업,432
2025-03-01,30170630,서구,둔산1동,"전문, 과학 및 기술 서비스업",641
2025-03-01,30170640,서구,둔산2동,교육 서비스업,211
2025-03-01,30170640,서구,둔산2동,보건의료업,234
2025-03-01,30170640,서구,둔산2동,부동산업,54
2025-03-01,30170640,서구,둔산2동,"사업시설 관리, 사업 지원 및 임대 서비스업",88
2025-03-01,30170640,서구,둔산2동,소매업,731
2025-03-01,30170640,서구,둔산2동,수리 및 개인 서비스업,239
2025-03-01,30170640,서구,둔산2동,숙박업,22
2025-03-01,30170640,서구,둔산2동,"예술, 스포츠 및 여가관련 서비스업",142
2025-03-01,30170640,서구,둔산2동,음식점업,741
2025-03-01,30170640,서구,둔산2동,"전문, 과학 및 기술 서비스업",458
2025-03-01,30170650,서구,만년동,교육 서비스업,62
2025-03-01,30170650,서구,만년동,보건의료업,14
2025-03-01,30170650,서구,만년동,부동산업,25
2025-03-01,30170650,서구,만년동,"사업시설 관리, 사업 지원 및 임대 서비스업",54
2025-03-01,30170650,서구,만년동,소매업,164
2025-03-01,30170650,서구,만년동,수리 및 개인 서비스업,78
2025-03-01,30170650,서구,만년동,숙박업,3
2025-03-01,30170650,서구,만년동,"예술, 스포츠 및 여가관련 서비스업",29
2025-03-01,30170650,서구,만년동,음식점업,239
2025-03-01,30170650,서구,만년동,"전문, 과학 및 기술 서비스업",140
2025-03-01,30170660,서구,둔산3동,교육 서비스업,81
2025-03-01,30170660,서구,둔산3동,보건의료업,13
2025-03-01,30170660,서구,둔산3동,부동산업,18
2025-03-01,30170660,서구,둔산3동,"사업시설 관리, 사업 지원 및 임대 서비스업",15
2025-03-01,30170660,서구,둔산3동,소매업,227
2025-03-01,30170660,서구,둔산3동,수리 및 개인 서비스업,96
2025-03-01,30170660,서구,둔산3동,숙박업,0
2025-03-01,30170660,서구,둔산3동,"예술, 스포츠 및 여가관련 서비스업",36
2025-03-01,30170660,서구,둔산3동,음식점업,205
2025-03-01,30170660,서구,둔산3동,"전문, 과학 및 기술 서비스업",34
2025-03-01,30200520,유성구,진잠동,교육 서비스업,55
2025-03-01,30200520,유성구,진잠동,보건의료업,9
2025-03-01,30200520,유성구,진잠동,부동산업,46
2025-03-01,30200520,유성구,진잠동,"사업시설 관리, 사업 지원 및 임대 서비스업",67
2025-03-01,30200520,유성구,진잠동,소매업,407
2025-03-01,30200520,유성구,진잠동,수리 및 개인 서비스업,167
2025-03-01,30200520,유성구,진잠동,숙박업,4
2025-03-01,30200520,유성구,진잠동,"예술, 스포츠 및 여가관련 서비스업",54
2025-03-01,30200520,유성구,진잠동,음식점업,318
2025-03-01,30200520,유성구,진잠동,"전문, 과학 및 기술 서비스업",88
2025-03-01,30200526,유성구,학하동,교육 서비스업,50
2025-03-01,30200526,유성구,학하동,보건의료업,7
2025-03-01,30200526,유성구,학하동,부동산업,78
2025-03-01,30200526,유성구,학하동,"사업시설 관리, 사업 지원 및 임대 서비스업",75
2025-03-01,30200526,유성구,학하동,소매업,174
2025-03-01,30200526,유성구,학하동,수리 및 개인 서비스업,128
2025-03-01,30200526,유성구,학하동,숙박업,3
2025-03-01,30200526,유성구,학하동,"예술, 스포츠 및 여가관련 서비스업",42
2025-03-01,30200526,유성구,학하동,음식점업,335
2025-03-01,30200526,유성구,학하동,"전문, 과학 및 기술 서비스업",127
2025-03-01,30200527,유성구,상대동,교육 서비스업,63
2025-03-01,30200527,유성구,상대동,보건의료업,9
2025-03-01,30200527,유성구,상대동,부동산업,23
2025-03-01,30200527,유성구,상대동,"사업시설 관리, 사업 지원 및 임대 서비스업",12
2025-03-01,30200527,유성구,상대동,소매업,87
2025-03-01,30200527,유성구,상대동,수리 및 개인 서비스업,81
2025-03-01,30200527,유성구,상대동,숙박업,1
2025-03-01,30200527,유성구,상대동,"예술, 스포츠 및 여가관련 서비스업",15
2025-03-01,30200527,유성구,상대동,음식점업,157
2025-03-01,30200527,유성구,상대동,"전문, 과학 및 기술 서비스업",85
2025-03-01,30200530,유성구,온천1동,교육 서비스업,112
2025-03-01,30200530,유성구,온천1동,보건의료업,56
2025-03-01,30200530,유성구,온천1동,부동산업,176
2025-03-01,30200530,유성구,온천1동,"사업시설 관리, 사업 지원 및 임대 서비스업",162
2025-03-01,30200530,유성구,온천1동,소매업,691
2025-03-01,30200530,유성구,온천1동,수리 및 개인 서비스업,443
2025-03-01,30200530,유성구,온천1동,숙박업,93
2025-03-01,30200530,유성구,온천1동,"예술, 스포츠 및 여가관련 서비스업",128
2025-03-01,30200530,유성구,온천1동,음식점업,1133
2025-03-01,30200530,유성구,온천1동,"전문, 과학 및 기술 서비스업",390
2025-03-01,30200540,유성구,온천2동,교육 서비스업,155
2025-03-01,30200540,유성구,온천2동,보건의료업,10
2025-03-01,30200540,유성구,온천2동,부동산업,113
2025-03-01,30200540,유성구,온천2동,"사업시설 관리, 사업 지원 및 임대 서비스업",130
2025-03-01,30200540,유성구,온천2동,소매업,615
2025-03-01,30200540,유성구,온천2동,수리 및 개인 서비스업,300
2025-03-01,30200540,유성구,온천2동,숙박업,17
2025-03-01,30200540,유성구,온천2동,"예술, 스포츠 및 여가관련 서비스업",153
2025-03-01,30200540,유성구,온천2동,음식점업,1143
2025-03-01,30200540,유성구,온천2동,"전문, 과학 및 기술 서비스업",273
2025-03-01,30200546,유성구,노은1동,교육 서비스업,120
2025-03-01,30200546,유성구,노은1동,보건의료업,10
2025-03-01,30200546,유성구,노은1동,부동산업,31
2025-03-01,30200546,유성구,노은1동,"사업시설 관리, 사업 지원 및 임대 서비스업",40
2025-03-01,30200546,유성구,노은1동,소매업,309
2025-03-01,30200546,유성구,노은1동,수리 및 개인 서비스업,179
2025-03-01,30200546,유성구,노은1동,숙박업,2
2025-03-01,30200546,유성구,노은1동,"예술, 스포츠 및 여가관련 서비스업",61
2025-03-01,30200546,유성구,노은1동,음식점업,389
2025-03-01,30200546,유성구,노은1동,"전문, 과학 및 기술 서비스업",97
2025-03-01,30200547,유성구,노은2동,교육 서비스업,76
2025-03-01,30200547,유성구,노은2동,보건의료업,14
2025-03-01,30200547,유성구,노은2동,부동산업,26
2025-03-01,30200547,유성구,노은2동,"사업시설 관리, 사업 지원 및 임대 서비스업",23
2025-03-01,30200547,유성구,노은2동,소매업,163
2025-03-01,30200547,유성구,노은2동,수리 및 개인 서비스업,63
2025-03-01,30200547,유성구,노은2동,숙박업,2
2025-03-01,30200547,유성구,노은2동,"예술, 스포츠 및 여가관련 서비스업",53
2025-03-01,30200547,유성구,노은2동,음식점업,225
2025-03-01,30200547,유성구,노은2동,"전문, 과학 및 기술 서비스업",55
2025-03-01,30200548,유성구,노은3동,교육 서비스업,144
2025-03-01,30200548,유성구,노은3동,보건의료업,20
2025-03-01,30200548,유성구,노은3동,부동산업,33
2025-03-01,30200548,유성구,노은3동,"사업시설 관리, 사업 지원 및 임대 서비스업",21
2025-03-01,30200548,유성구,노은3동,소매업,233
2025-03-01,30200548,유성구,노은3동,수리 및 개인 서비스업,151
2025-03-01,30200548,유성구,노은3동,숙박업,0
2025-03-01,30200548,유성구,노은3동,"예술, 스포츠 및 여가관련 서비스업",55
2025-03-01,30200548,유성구,노은3동,음식점업,361
2025-03-01,30200548,유성구,노은3동,"전문, 과학 및 기술 서비스업",82
2025-03-01,30200550,유성구,신성동,교육 서비스업,72
2025-03-01,30200550,유성구,신성동,보건의료업,9
2025-03-01,30200550,유성구,신성동,부동산업,49
2025-03-01,30200550,유성구,신성동,"사업시설 관리, 사업 지원 및 임대 서비스업",55
2025-03-01,30200550,유성구,신성동,소매업,496
2025-03-01,30200550,유성구,신성동,수리 및 개인 서비스업,121
2025-03-01,30200550,유성구,신성동,숙박업,8
2025-03-01,30200550,유성구,신성동,"예술, 스포츠 및 여가관련 서비스업",79
2025-03-01,30200550,유성구,신성동,음식점업,596
2025-03-01,30200550,유성구,신성동,"전문, 과학 및 기술 서비스업",119
2025-03-01,30200570,유성구,전민동,교육 서비스업,66
2025-03-01,30200570,유성구,전민동,보건의료업,10
2025-03-01,30200570,유성구,전민동,부동산업,29
2025-03-01,30200570,유성구,전민동,"사업시설 관리, 사업 지원 및 임대 서비스업",16
2025-03-01,30200570,유성구,전민동,소매업,402
2025-03-01,30200570,유성구,전민동,수리 및 개인 서비스업,121
2025-03-01,30200570,유성구,전민동,숙박업,1
2025-03-01,30200570,유성구,전민동,"예술, 스포츠 및 여가관련 서비스업",71
2025-03-01,30200570,유성구,전민동,음식점업,443
2025-03-01,30200570,유성구,전민동,"전문, 과학 및 기술 서비스업",66
2025-03-01,30200580,유성구,구즉동,교육 서비스업,46
2025-03-01,30200580,유성구,구즉동,보건의료업,5
2025-03-01,30200580,유성구,구즉동,부동산업,26
2025-03-01,30200580,유성구,구즉동,"사업시설 관리, 사업 지원 및 임대 서비스업",11
2025-03-01,30200580,유성구,구즉동,소매업,183
2025-03-01,30200580,유성구,구즉동,수리 및 개인 서비스업,112
2025-03-01,30200580,유성구,구즉동,숙박업,0
2025-03-01,30200580,유성구,구즉동,"예술, 스포츠 및 여가관련 서비스업",49
2025-03-01,30200580,유성구,구즉동,음식점업,330
2025-03-01,30200580,유성구,구즉동,"전문, 과학 및 기술 서비스업",30
2025-03-01,30200600,유성구,관평동,교육 서비스업,138
2025-03-01,30200600,유성구,관평동,보건의료업,28
2025-03-01,30200600,유성구,관평동,부동산업,41
2025-03-01,30200600,유성구,관평동,"사업시설 관리, 사업 지원 및 임대 서비스업",46
2025-03-01,30200600,유성구,관평동,소매업,450
2025-03-01,30200600,유성구,관평동,수리 및 개인 서비스업,169
2025-03-01,30200600,유성구,관평동,숙박업,4
2025-03-01,30200600,유성구,관평동,"예술, 스포츠 및 여가관련 서비스업",83
2025-03-01,30200600,유성구,관평동,음식점업,627
2025-03-01,30200600,유성구,관평동,"전문, 과학 및 기술 서비스업",166
2025-03-01,30200610,유성구,원신흥동,교육 서비스업,113
2025-03-01,30200610,유성구,원신흥동,보건의료업,27
2025-03-01,30200610,유성구,원신흥동,부동산업,39
2025-03-01,30200610,유성구,원신흥동,"사업시설 관리, 사업 지원 및 임대 서비스업",30
2025-03-01,30200610,유성구,원신흥동,소매업,213
2025-03-01,30200610,유성구,원신흥동,수리 및 개인 서비스업,236
2025-03-01,30200610,유성구,원신흥동,숙박업,0
2025-03-01,30200610,유성구,원신흥동,"예술, 스포츠 및 여가관련 서비스업",21
2025-03-01,30200610,유성구,원신흥동,음식점업,259
2025-03-01,30200610,유성구,원신흥동,"전문, 과학 및 기술 서비스업",70
2025-03-01,30230510,대덕구,오정동,교육 서비스업,44
2025-03-01,30230510,대덕구,오정동,보건의료업,4
2025-03-01,30230510,대덕구,오정동,부동산업,37
2025-03-01,30230510,대덕구,오정동,"사업시설 관리, 사업 지원 및 임대 서비스업",83
2025-03-01,30230510,대덕구,오정동,소매업,305
2025-03-01,30230510,대덕구,오정동,수리 및 개인 서비스업,147
2025-03-01,30230510,대덕구,오정동,숙박업,2
2025-03-01,30230510,대덕구,오정동,"예술, 스포츠 및 여가관련 서비스업",47
2025-03-01,30230510,대덕구,오정동,음식점업,309
2025-03-01,30230510,대덕구,오정동,"전문, 과학 및 기술 서비스업",123
2025-03-01,30230520,대덕구,대화동,교육 서비스업,12
2025-03-01,30230520,대덕구,대화동,보건의료업,0
2025-03-01,30230520,대덕구,대화동,부동산업,14
2025-03-01,30230520,대덕구,대화동,"사업시설 관리, 사업 지원 및 임대 서비스업",48
2025-03-01,30230520,대덕구,대화동,소매업,146
2025-03-01,30230520,대덕구,대화동,수리 및 개인 서비스업,64
2025-03-01,30230520,대덕구,대화동,숙박업,1
2025-03-01,30230520,대덕구,대화동,"예술, 스포츠 및 여가관련 서비스업",4
2025-03-01,30230520,대덕구,대화동,음식점업,88
2025-03-01,30230520,대덕구,대화동,"전문, 과학 및 기술 서비스업",140
2025-03-01,30230525,대덕구,회덕동,교육 서비스업,7
2025-03-01,30230525,대덕구,회덕동,보건의료업,2
2025-03-01,30230525,대덕구,회덕동,부동산업,14
2025-03-01,30230525,대덕구,회덕동,"사업시설 관리, 사업 지원 및 임대 서비스업",24
2025-03-01,30230525,대덕구,회덕동,소매업,138
2025-03-01,30230525,대덕구,회덕동,수리 및 개인 서비스업,101
2025-03-01,30230525,대덕구,회덕동,숙박업,2
2025-03-01,30230525,대덕구,회덕동,"예술, 스포츠 및 여가관련 서비스업",19
2025-03-01,30230525,대덕구,회덕동,음식점업,135
2025-03-01,30230525,대덕구,회덕동,"전문, 과학 및 기술 서비스업",21
2025-03-01,30230533,대덕구,비래동,교육 서비스업,14
2025-03-01,30230533,대덕구,비래동,보건의료업,5
2025-03-01,30230533,대덕구,비래동,부동산업,25
2025-03-01,30230533,대덕구,비래동,"사업시설 관리, 사업 지원 및 임대 서비스업",29
2025-03-01,30230533,대덕구,비래동,소매업,161
2025-03-01,30230533,대덕구,비래동,수리 및 개인 서비스업,120
2025-03-01,30230533,대덕구,비래동,숙박업,0
2025-03-01,30230533,대덕구,비래동,"예술, 스포츠 및 여가관련 서비스업",48
2025-03-01,30230533,대덕구,비래동,음식점업,183
2025-03-01,30230533,대덕구,비래동,"전문, 과학 및 기술 서비스업",30
2025-03-01,30230543,대덕구,송촌동,교육 서비스업,84
2025-03-01,30230543,대덕구,송촌동,보건의료업,6
2025-03-01,30230543,대덕구,송촌동,부동산업,15
2025-03-01,30230543,대덕구,송촌동,"사업시설 관리, 사업 지원 및 임대 서비스업",27
2025-03-01,30230543,대덕구,송촌동,소매업,232
2025-03-01,30230543,대덕구,송촌동,수리 및 개인 서비스업,156
2025-03-01,30230543,대덕구,송촌동,숙박업,2
2025-03-01,30230543,대덕구,송촌동,"예술, 스포츠 및 여가관련 서비스업",100
2025-03-01,30230543,대덕구,송촌동,음식점업,417
2025-03-01,30230543,대덕구,송촌동,"전문, 과학 및 기술 서비스업",69
2025-03-01,30230546,대덕구,중리동,교육 서비스업,40
2025-03-01,30230546,대덕구,중리동,보건의료업,11
2025-03-01,30230546,대덕구,중리동,부동산업,32
2025-03-01,30230546,대덕구,중리동,"사업시설 관리, 사업 지원 및 임대 서비스업",51
2025-03-01,30230546,대덕구,중리동,소매업,463
2025-03-01,30230546,대덕구,중리동,수리 및 개인 서비스업,275
2025-03-01,30230546,대덕구,중리동,숙박업,37
2025-03-01,30230546,대덕구,중리동,"예술, 스포츠 및 여가관련 서비스업",104
2025-03-01,30230546,대덕구,중리동,음식점업,546
2025-03-01,30230546,대덕구,중리동,"전문, 과학 및 기술 서비스업",87
2025-03-01,30230550,대덕구,신탄진동,교육 서비스업,20
2025-03-01,30230550,대덕구,신탄진동,보건의료업,11
2025-03-01,30230550,대덕구,신탄진동,부동산업,22
2025-03-01,30230550,대덕구,신탄진동,"사업시설 관리, 사업 지원 및 임대 서비스업",18
2025-03-01,30230550,대덕구,신탄진동,소매업,185
2025-03-01,30230550,대덕구,신탄진동,수리 및 개인 서비스업,109
2025-03-01,30230550,대덕구,신탄진동,숙박업,33
2025-03-01,30230550,대덕구,신탄진동,"예술, 스포츠 및 여가관련 서비스업",43
2025-03-01,30230550,대덕구,신탄진동,음식점업,386
2025-03-01,30230550,대덕구,신탄진동,"전문, 과학 및 기술 서비스업",27
2025-03-01,30230560,대덕구,석봉동,교육 서비스업,28
2025-03-01,30230560,대덕구,석봉동,보건의료업,8
2025-03-01,30230560,대덕구,석봉동,부동산업,14
2025-03-01,30230560,대덕구,석봉동,"사업시설 관리, 사업 지원 및 임대 서비스업",11
2025-03-01,30230560,대덕구,석봉동,소매업,164
2025-03-01,30230560,대덕구,석봉동,수리 및 개인 서비스업,87
2025-03-01,30230560,대덕구,석봉동,숙박업,0
2025-03-01,30230560,대덕구,석봉동,"예술, 스포츠 및 여가관련 서비스업",31
2025-03-01,30230560,대덕구,석봉동,음식점업,215
2025-03-01,30230560,대덕구,석봉동,"전문, 과학 및 기술 서비스업",16
2025-03-01,30230570,대덕구,덕암동,교육 서비스업,15
2025-03-01,30230570,대덕구,덕암동,보건의료업,1
2025-03-01,30230570,대덕구,덕암동,부동산업,16
2025-03-01,30230570,대덕구,덕암동,"사업시설 관리, 사업 지원 및 임대 서비스업",25
2025-03-01,30230570,대덕구,덕암동,소매업,184
2025-03-01,30230570,대덕구,덕암동,수리 및 개인 서비스업,108
2025-03-01,30230570,대덕구,덕암동,숙박업,5
2025-03-01,30230570,대덕구,덕암동,"예술, 스포츠 및 여가관련 서비스업",24
2025-03-01,30230570,대덕구,덕암동,음식점업,175
2025-03-01,30230570,대덕구,덕암동,"전문, 과학 및 기술 서비스업",29
2025-03-01,30230580,대덕구,목상동,교육 서비스업,4
2025-03-01,30230580,대덕구,목상동,보건의료업,2
2025-03-01,30230580,대덕구,목상동,부동산업,6
2025-03-01,30230580,대덕구,목상동,"사업시설 관리, 사업 지원 및 임대 서비스업",25
2025-03-01,30230580,대덕구,목상동,소매업,86
2025-03-01,30230580,대덕구,목상동,수리 및 개인 서비스업,60
2025-03-01,30230580,대덕구,목상동,숙박업,0
2025-03-01,30230580,대덕구,목상동,"예술, 스포츠 및 여가관련 서비스업",21
2025-03-01,30230580,대덕구,목상동,음식점업,141
2025-03-01,30230580,대덕구,목상동,"전문, 과학 및 기술 서비스업",23
2025-03-01,30230600,대덕구,법1동,교육 서비스업,8
2025-03-01,30230600,대덕구,법1동,보건의료업,9
2025-03-01,30230600,대덕구,법1동,부동산업,4
2025-03-01,30230600,대덕구,법1동,"사업시설 관리, 사업 지원 및 임대 서비스업",4
2025-03-01,30230600,대덕구,법1동,소매업,36
2025-03-01,30230600,대덕구,법1동,수리 및 개인 서비스업,22
2025-03-01,30230600,대덕구,법1동,숙박업,1
2025-03-01,30230600,대덕구,법1동,"예술, 스포츠 및 여가관련 서비스업",10
2025-03-01,30230600,대덕구,법1동,음식점업,41
2025-03-01,30230600,대덕구,법1동,"전문, 과학 및 기술 서비스업",9
2025-03-01,30230610,대덕구,법2동,교육 서비스업,14
2025-03-01,30230610,대덕구,법2동,보건의료업,1
2025-03-01,30230610,대덕구,법2동,부동산업,2
2025-03-01,30230610,대덕구,법2동,"사업시설 관리, 사업 지원 및 임대 서비스업",6
2025-03-01,30230610,대덕구,법2동,소매업,87
2025-03-01,30230610,대덕구,법2동,수리 및 개인 서비스업,42
2025-03-01,30230610,대덕구,법2동,숙박업,0
2025-03-01,30230610,대덕구,법2동,"예술, 스포츠 및 여가관련 서비스업",22
2025-03-01,30230610,대덕구,법2동,음식점업,100
2025-03-01,30230610,대덕구,법2동,"전문, 과학 및 기술 서비스업",11
2025-06-01,30110515,동구,중앙동,교육 서비스업,29
2025-06-01,30110515,동구,중앙동,보건의료업,53
2025-06-01,30110515,동구,중앙동,부동산업,28
2025-06-01,30110515,동구,중앙동,"사업시설 관리, 사업 지원 및 임대 서비스업",43
2025-06-01,30110515,동구,중앙동,소매업,972
2025-06-01,30110515,동구,중앙동,수리 및 개인 서비스업,109
2025-06-01,30110515,동구,중앙동,숙박업,61
2025-06-01,30110515,동구,중앙동,"예술, 스포츠 및 여가관련 서비스업",30
2025-06-01,30110515,동구,중앙동,음식점업,405
2025-06-01,30110515,동구,중앙동,"전문, 과학 및 기술 서비스업",182
2025-06-01,30110530,동구,효동,교육 서비스업,145
2025-06-01,30110530,동구,효동,보건의료업,52
2025-06-01,30110530,동구,효동,부동산업,32
2025-06-01,30110530,동구,효동,"사업시설 관리, 사업 지원 및 임대 서비스업",15
2025-06-01,30110530,동구,효동,소매업,301
2025-06-01,30110530,동구,효동,수리 및 개인 서비스업,134
2025-06-01,30110530,동구,효동,숙박업,1
2025-06-01,30110530,동구,효동,"예술, 스포츠 및 여가관련 서비스업",76
2025-06-01,30110530,동구,효동,음식점업,372
2025-06-01,30110530,동구,효동,"전문, 과학 및 기술 서비스업",39
2025-06-01,30110545,동구,신인동,교육 서비스업,27
2025-06-01,30110545,동구,신인동,보건의료업,9
2025-06-01,30110545,동구,신인동,부동산업,18
2025-06-01,30110545,동구,신인동,"사업시설 관리, 사업 지원 및 임대 서비스업",15
2025-06-01,30110545,동구,신인동,소매업,89
2025-06-01,30110545,동구,신인동,수리 및 개인 서비스업,61
2025-06-01,30110545,동구,신인동,숙박업,4
2025-06-01,30110545,동구,신인동,"예술, 스포츠 및 여가관련 서비스업",17
2025-06-01,30110545,동구,신인동,음식점업,113
2025-06-01,30110545,동구,신인동,"전문, 과학 및 기술 서비스업",21
2025-06-01,30110551,동구,판암1동,교육 서비스업,25
2025-06-01,30110551,동구,판암1동,보건의료업,30
2025-06-01,30110551,동구,판암1동,부동산업,12
2025-06-01,30110551,동구,판암1동,"사업시설 관리, 사업 지원 및 임대 서비스업",14
2025-06-01,30110551,동구,판암1동,소매업,91
2025-06-01,30110551,동구,판암1동,수리 및 개인 서비스업,57
2025-06-01,30110551,동구,판암1동,숙박업,0
2025-06-01,30110551,동구,판암1동,"예술, 스포츠 및 여가관련 서비스업",16
2025-06-01,30110551,동구,판암1동,음식점업,105
2025-06-01,30110551,동구,판암1동,"전문, 과학 및 기술 서비스업",14
2025-06-01,30110552,동구,판암2동,교육 서비스업,1
2025-06-01,30110552,동구,판암2동,보건의료업,6
2025-06-01,30110552,동구,판암2동,부동산업,2
2025-06-01,30110552,동구,판암2동,"사업시설 관리, 사업 지원 및 임대 서비스업",5
2025-06-01,30110552,동구,판암2동,소매업,46
2025-06-01,30110552,동구,판암2동,수리 및 개인 서비스업,20
2025-06-01,30110552,동구,판암2동,숙박업,2
2025-06-01,30110552,동구,판암2동,"예술, 스포츠 및 여가관련 서비스업",7
2025-06-01,30110552,동구,판암2동,음식점업,52
2025-06-01,30110552,동구,판암2동,"전문, 과학 및 기술 서비스업",6
2025-06-01,30110560,동구,용운동,교육 서비스업,52
2025-06-01,30110560,동구,용운동,보건의료업,27
2025-06-01,30110560,동구,용운동,부동산업,26
2025-06-01,30110560,동구,용운동,"사업시설 관리, 사업 지원 및 임대 서비스업",25
2025-06-01,30110560,동구,용운동,소매업,205
2025-06-01,30110560,동구,용운동,수리 및 개인 서비스업,156
2025-06-01,30110560,동구,용운동,숙박업,5
2025-06-01,30110560,동구,용운동,"예술, 스포츠 및 여가관련 서비스업",48
2025-06-01,30110560,동구,용운동,음식점업,282
2025-06-01,30110560,동구,용운동,"전문, 과학 및 기술 서비스업",39
2025-06-01,30110585,동구,대동,교육 서비스업,42
2025-06-01,30110585,동구,대동,보건의료업,37
2025-06-01,30110585,동구,대동,부동산업,22
2025-06-01,30110585,동구,대동,"사업시설 관리, 사업 지원 및 임대 서비스업",29
2025-06-01,30110585,동구,대동,소매업,144
2025-06-01,30110585,동구,대동,수리 및 개인 서비스업,72
2025-06-01,30110585,동구,대동,숙박업,1
2025-06-01,30110585,동구,대동,"예술, 스포츠 및 여가관련 서비스업",22
2025-06-01,30110585,동구,대동,음식점업,184
2025-06-01,30110585,동구,대동,"전문, 과학 및 기술 서비스업",26
2025-06-01,30110590,동구,자양동,교육 서비스업,29
2025-06-01,30110590,동구,자양동,보건의료업,6
2025-06-01,30110590,동구,자양동,부동산업,39
2025-06-01,30110590,동구,자양동,"사업시설 관리, 사업 지원 및 임대 서비스업",29
2025-06-01,30110590,동구,자양동,소매업,121
2025-06-01,30110590,동구,자양동,수리 및 개인 서비스업,107
2025-06-01,30110590,동구,자양동,숙박업,2
2025-06-01,30110590,동구,자양동,"예술, 스포츠 및 여가관련 서비스업",44
2025-06-01,30110590,동구,자양동,음식점업,290
2025-06-01,30110590,동구,자양동,"전문, 과학 및 기술 서비스업",33
2025-06-01,30110620,동구,가양1동,교육 서비스업,21
2025-06-01,30110620,동구,가양1동,보건의료업,8
2025-06-01,30110620,동구,가양1동,부동산업,24
2025-06-01,30110620,동구,가양1동,"사업시설 관리, 사업 지원 및 임대 서비스업",44
2025-06-01,30110620,동구,가양1동,소매업,151
2025-06-01,30110620,동구,가양1동,수리 및 개인 서비스업,95
2025-06-01,30110620,동구,가양1동,숙박업,6
2025-06-01,30110620,동구,가양1동,"예술, 스포츠 및 여가관련 서비스업",18
2025-06-01,30110620,동구,가양1동,음식점업,203
2025-06-01,30110620,동구,가양1동,"전문, 과학 및 기술 서비스업",45
2025-06-01,30110630,동구,가양2동,교육 서비스업,62
2025-06-01,30110630,동구,가양2동,보건의료업,28
2025-06-01,30110630,동구,가양2동,부동산업,27
2025-06-01,30110630,동구,가양2동,"사업시설 관리, 사업 지원 및 임대 서비스업",29
2025-06-01,30110630,동구,가양2동,소매업,246
2025-06-01,30110630,동구,가양2동,수리 및 개인 서비스업,147
2025-06-01,30110630,동구,가양2동,숙박업,5
2025-06-01,30110630,동구,가양2동,"예술, 스포츠 및 여가관련 서비스업",34
2025-06-01,30110630,동구,가양2동,음식점업,276
2025-06-01,30110630,동구,가양2동,"전문, 과학 및 기술 서비스업",46
2025-06-01,30110640,동구,용전동,교육 서비스업,42
2025-06-01,30110640,동구,용전동,보건의료업,34
2025-06-01,30110640,동구,용전동,부동산업,57
2025-06-01,30110640,동구,용전동,"사업시설 관리, 사업 지원 및 임대 서비스업",56
2025-06-01,30110640,동구,용전동,소매업,361
2025-06-01,30110640,동구,용전동,수리 및 개인 서비스업,199
2025-06-01,30110640,동구,용전동,숙박업,69
2025-06-01,30110640,동구,용전동,"예술, 스포츠 및 여가관련 서비스업",56
2025-06-01,30110640,동구,용전동,음식점업,365
2025-06-01,30110640,동구,용전동,"전문, 과학 및 기술 서비스업",100
2025-06-01,30110665,동구,성남동,교육 서비스업,29
2025-06-01,30110665,동구,성남동,보건의료업,31
2025-06-01,30110665,동구,성남동,부동산업,14
2025-06-01,30110665,동구,성남동,"사업시설 관리, 사업 지원 및 임대 서비스업",26
2025-06-01,30110665,동구,성남동,소매업,140
2025-06-01,30110665,동구,성남동,수리 및 개인 서비스업,82
2025-06-01,30110665,동구,성남동,숙박업,3
2025-06-01,30110665,동구,성남동,"예술, 스포츠 및 여가관련 서비스업",21
2025-06-01,30110665,동구,성남동,음식점업,153
2025-06-01,30110665,동구,성남동,"전문, 과학 및 기술 서비스업",30
2025-06-01,30110670,동구,홍도동,교육 서비스업,20
2025-06-01,30110670,동구,홍도동,보건의료업,10
2025-06-01,30110670,동구,홍도동,부동산업,18
2025-06-01,30110670,동구,홍도동,"사업시설 관리, 사업 지원 및 임대 서비스업",29
2025-06-01,30110670,동구,홍도동,소매업,118
2025-06-01,30110670,동구,홍도동,수리 및 개인 서비스업,60
2025-06-01,30110670,동구,홍도동,숙박업,2
2025-06-01,30110670,동구,홍도동,"예술, 스포츠 및 여가관련 서비스업",31
2025-06-01,30110670,동구,홍도동,음식점업,175
2025-06-01,30110670,동구,홍도동,"전문, 과학 및 기술 서비스업",33
2025-06-01,30110695,동구,삼성동,교육 서비스업,27
2025-06-01,30110695,동구,삼성동,보건의료업,12
2025-06-01,30110695,동구,삼성동,부동산업,17
2025-06-01,30110695,동구,삼성동,"사업시설 관리, 사업 지원 및 임대 서비스업",53
2025-06-01,30110695,동구,삼성동,소매업,182
2025-06-01,30110695,동구,삼성동,수리 및 개인 서비스업,87
2025-06-01,30110695,동구,삼성동,숙박업,4
2025-06-01,30110695,동구,삼성동,"예술, 스포츠 및 여가관련 서비스업",18
2025-06-01,30110695,동구,삼성동,음식점업,118
2025-06-01,30110695,동구,삼성동,"전문, 과학 및 기술 서비스업",208
2025-06-01,30110725,동구,대청동,교육 서비스업,5
2025-06-01,30110725,동구,대청동,보건의료업,1
2025-06-01,30110725,동구,대청동,부동산업,2
2025-06-01,30110725,동구,대청동,"사업시설 관리, 사업 지원 및 임대 서비스업",2
2025-06-01,30110725,동구,대청동,소매업,26
2025-06-01,30110725,동구,대청동,수리 및 개인 서비스업,2
2025-06-01,30110725,동구,대청동,숙박업,2
2025-06-01,30110725,동구,대청동,"예술, 스포츠 및 여가관련 서비스업",3
2025-06-01,30110725,동구,대청동,음식점업,80
2025-06-01,30110725,동구,대청동,"전문, 과학 및 기술 서비스업",5
2025-06-01,30110740,동구,산내동,교육 서비스업,38
2025-06-01,30110740,동구,산내동,보건의료업,17
2025-06-01,30110740,동구,산내동,부동산업,18
2025-06-01,30110740,동구,산내동,"사업시설 관리, 사업 지원 및 임대 서비스업",31
2025-06-01,30110740,동구,산내동,소매업,165
2025-06-01,30110740,동구,산내동,수리 및 개인 서비스업,83
2025-06-01,30110740,동구,산내동,숙박업,8
2025-06-01,30110740,동구,산내동,"예술, 스포츠 및 여가관련 서비스업",19
2025-06-01,30110740,동구,산내동,음식점업,174
2025-06-01,30110740,동구,산내동,"전문, 과학 및 기술 서비스업",47
2025-06-01,30140535,중구,은행선화동,교육 서비스업,123
2025-06-01,30140535,중구,은행선화동,보건의료업,48
2025-06-01,30140535,중구,은행선화동,부동산업,65
2025-06-01,30140535,중구,은행선화동,"사업시설 관리, 사업 지원 및 임대 서비스업",111
2025-06-01,30140535,중구,은행선화동,소매업,539
2025-06-01,30140535,중구,은행선화동,수리 및 개인 서비스업,188
2025-06-01,30140535,중구,은행선화동,숙박업,29
2025-06-01,30140535,중구,은행선화동,"예술, 스포츠 및 여가관련 서비스업",85
2025-06-01,30140535,중구,은행선화동,음식점업,533
2025-06-01,30140535,중구,은행선화동,"전문, 과학 및 기술 서비스업",203
2025-06-01,30140550,중구,목동,교육 서비스업,97
2025-06-01,30140550,중구,목동,보건의료업,12
2025-06-01,30140550,중구,목동,부동산업,12
2025-06-01,30140550,중구,목동,"사업시설 관리, 사업 지원 및 임대 서비스업",8
2025-06-01,30140550,중구,목동,소매업,95
2025-06-01,30140550,중구,목동,수리 및 개인 서비스업,55
2025-06-01,30140550,중구,목동,숙박업,0
2025-06-01,30140550,중구,목동,"예술, 스포츠 및 여가관련 서비스업",22
2025-06-01,30140550,중구,목동,음식점업,123
2025-06-01,30140550,중구,목동,"전문, 과학 및 기술 서비스업",23
2025-06-01,30140560,중구,중촌동,교육 서비스업,37
2025-06-01,30140560,중구,중촌동,보건의료업,14
2025-06-01,30140560,중구,중촌동,부동산업,15
2025-06-01,30140560,중구,중촌동,"사업시설 관리, 사업 지원 및 임대 서비스업",39
2025-06-01,30140560,중구,중촌동,소매업,162
2025-06-01,30140560,중구,중촌동,수리 및 개인 서비스업,110
2025-06-01,30140560,중구,중촌동,숙박업,1
2025-06-01,30140560,중구,중촌동,"예술, 스포츠 및 여가관련 서비스업",30
2025-06-01,30140560,중구,중촌동,음식점업,179
2025-06-01,30140560,중구,중촌동,"전문, 과학 및 기술 서비스업",51
2025-06-01,30140575,중구,대흥동,교육 서비스업,87
2025-06-01,30140575,중구,대흥동,보건의료업,29
2025-06-01,30140575,중구,대흥동,부동산업,25
2025-06-01,30140575,중구,대흥동,"사업시설 관리, 사업 지원 및 임대 서비스업",50
2025-06-01,30140575,중구,대흥동,소매업,656
2025-06-01,30140575,중구,대흥동,수리 및 개인 서비스업,145
2025-06-01,30140575,중구,대흥동,숙박업,49
2025-06-01,30140575,중구,대흥동,"예술, 스포츠 및 여가관련 서비스업",55
2025-06-01,30140575,중구,대흥동,음식점업,603
2025-06-01,30140575,중구,대흥동,"전문, 과학 및 기술 서비스업",131
2025-06-01,30140605,중구,문창동,교육 서비스업,11
2025-06-01,30140605,중구,문창동,보건의료업,6
2025-06-01,30140605,중구,문창동,부동산업,7
2025-06-01,30140605,중구,문창동,"사업시설 관리, 사업 지원 및 임대 서비스업",26
2025-06-01,30140605,중구,문창동,소매업,187
2025-06-01,30140605,중구,문창동,수리 및 개인 서비스업,75
2025-06-01,30140605,중구,문창동,숙박업,25
2025-06-01,30140605,중구,문창동,"예술, 스포츠 및 여가관련 서비스업",20
2025-06-01,30140605,중구,문창동,음식점업,152
2025-06-01,30140605,중구,문창동,"전문, 과학 및 기술 서비스업",22
2025-06-01,30140620,중구,석교동,교육 서비스업,15
2025-06-01,30140620,중구,석교동,보건의료업,13
2025-06-01,30140620,중구,석교동,부동산업,16
2025-06-01,30140620,중구,석교동,"사업시설 관리, 사업 지원 및 임대 서비스업",39
2025-06-01,30140620,중구,석교동,소매업,167
2025-06-01,30140620,중구,석교동,수리 및 개인 서비스업,103
2025-06-01,30140620,중구,석교동,숙박업,0
2025-06-01,30140620,중구,석교동,"예술, 스포츠 및 여가관련 서비스업",22
2025-06-01,30140620,중구,석교동,음식점업,125
2025-06-01,30140620,중구,석교동,"전문, 과학 및 기술 서비스업",40
2025-06-01,30140630,중구,대사동,교육 서비스업,23
2025-06-01,30140630,중구,대사동,보건의료업,13
2025-06-01,30140630,중구,대사동,부동산업,13
2025-06-01,30140630,중구,대사동,"사업시설 관리, 사업 지원 및 임대 서비스업",19
2025-06-01,30140630,중구,대사동,소매업,124
2025-06-01,30140630,중구,대사동,수리 및 개인 서비스업,63
2025-06-01,30140630,중구,대사동,숙박업,6
2025-06-01,30140630,중구,대사동,"예술, 스포츠 및 여가관련 서비스업",13
2025-06-01,30140630,중구,대사동,음식점업,166
2025-06-01,30140630,중구,대사동,"전문, 과학 및 기술 서비스업",19
2025-06-01,30140640,중구,부사동,교육 서비스업,14
2025-06-01,30140640,중구,부사동,보건의료업,16
2025-06-01,30140640,중구,부사동,부동산업,13
2025-06-01,30140640,중구,부사동,"사업시설 관리, 사업 지원 및 임대 서비스업",15
2025-06-01,30140640,중구,부사동,소매업,167
2025-06-01,30140640,중구,부사동,수리 및 개인 서비스업,51
2025-06-01,30140640,중구,부사동,숙박업,9
2025-06-01,30140640,중구,부사동,"예술, 스포츠 및 여가관련 서비스업",19
2025-06-01,30140640,중구,부사동,음식점업,149
2025-06-01,30140640,중구,부사동,"전문, 과학 및 기술 서비스업",30
2025-06-01,30140655,중구,용두동,교육 서비스업,46
2025-06-01,30140655,중구,용두동,보건의료업,14
2025-06-01,30140655,중구,용두동,부동산업,28
2025-06-01,30140655,중구,용두동,"사업시설 관리, 사업 지원 및 임대 서비스업",29
2025-06-01,30140655,중구,용두동,소매업,149
2025-06-01,30140655,중구,용두동,수리 및 개인 서비스업,88
2025-06-01,30140655,중구,용두동,숙박업,5
2025-06-01,30140655,중구,용두동,"예술, 스포츠 및 여가관련 서비스업",11
2025-06-01,30140655,중구,용두동,음식점업,129
2025-06-01,30140655,중구,용두동,"전문, 과학 및 기술 서비스업",38
2025-06-01,30140670,중구,오류동,교육 서비스업,42
2025-06-01,30140670,중구,오류동,보건의료업,51
2025-06-01,30140670,중구,오류동,부동산업,22
2025-06-01,30140670,중구,오류동,"사업시설 관리, 사업 지원 및 임대 서비스업",45
2025-06-01,30140670,중구,오류동,소매업,187
2025-06-01,30140670,중구,오류동,수리 및 개인 서비스업,82
2025-06-01,30140670,중구,오류동,숙박업,9
2025-06-01,30140670,중구,오류동,"예술, 스포츠 및 여가관련 서비스업",54
2025-06-01,30140670,중구,오류동,음식점업,337
2025-06-01,30140670,중구,오류동,"전문, 과학 및 기술 서비스업",71
2025-06-01,30140680,중구,태평1동,교육 서비스업,43
2025-06-01,30140680,중구,태평1동,보건의료업,22
2025-06-01,30140680,중구,태평1동,부동산업,11
2025-06-01,30140680,중구,태평1동,"사업시설 관리, 사업 지원 및 임대 서비스업",14
2025-06-01,30140680,중구,태평1동,소매업,177
2025-06-01,30140680,중구,태평1동,수리 및 개인 서비스업,79
2025-06-01,30140680,중구,태평1동,숙박업,1
2025-06-01,30140680,중구,태평1동,"예술, 스포츠 및 여가관련 서비스업",26
2025-06-01,30140680,중구,태평1동,음식점업,163
2025-06-01,30140680,중구,태평1동,"전문, 과학 및 기술 서비스업",18
2025-06-01,30140690,중구,태평2동,교육 서비스업,35
2025-06-01,30140690,중구,태평2동,보건의료업,9
2025-06-01,30140690,중구,태평2동,부동산업,14
2025-06-01,30140690,중구,태평2동,"사업시설 관리, 사업 지원 및 임대 서비스업",16
2025-06-01,30140690,중구,태평2동,소매업,144
2025-06-01,30140690,중구,태평2동,수리 및 개인 서비스업,59
2025-06-01,30140690,중구,태평2동,숙박업,3
2025-06-01,30140690,중구,태평2동,"예술, 스포츠 및 여가관련 서비스업",16
2025-06-01,30140690,중구,태평2동,음식점업,98
2025-06-01,30140690,중구,태평2동,"전문, 과학 및 기술 서비스업",24
2025-06-01,30140700,중구,유천1동,교육 서비스업,70
2025-06-01,30140700,중구,유천1동,보건의료업,17
2025-06-01,30140700,중구,유천1동,부동산업,13
2025-06-01,30140700,중구,유천1동,"사업시설 관리, 사업 지원 및 임대 서비스업",19
2025-06-01,30140700,중구,유천1동,소매업,147
2025-06-01,30140700,중구,유천1동,수리 및 개인 서비스업,82
2025-06-01,30140700,중구,유천1동,숙박업,25
2025-06-01,30140700,중구,유천1동,"예술, 스포츠 및 여가관련 서비스업",47
2025-06-01,30140700,중구,유천1동,음식점업,257
2025-06-01,30140700,중구,유천1동,"전문, 과학 및 기술 서비스업",32
2025-06-01,30140710,중구,유천2동,교육 서비스업,37
2025-06-01,30140710,중구,유천2동,보건의료업,28
2025-06-01,30140710,중구,유천2동,부동산업,23
2025-06-01,30140710,중구,유천2동,"사업시설 관리, 사업 지원 및 임대 서비스업",39
2025-06-01,30140710,중구,유천2동,소매업,166
2025-06-01,30140710,중구,유천2동,수리 및 개인 서비스업,121
2025-06-01,30140710,중구,유천2동,숙박업,2
2025-06-01,30140710,중구,유천2동,"예술, 스포츠 및 여가관련 서비스업",34
2025-06-01,30140710,중구,유천2동,음식점업,202
2025-06-01,30140710,중구,유천2동,"전문, 과학 및 기술 서비스업",44
2025-06-01,30140720,중구,문화1동,교육 서비스업,69
2025-06-01,30140720,중구,문화1동,보건의료업,30
2025-06-01,30140720,중구,문화1동,부동산업,9
2025-06-01,30140720,중구,문화1동,"사업시설 관리, 사업 지원 및 임대 서비스업",29
2025-06-01,30140720,중구,문화1동,소매업,200
2025-06-01,30140720,중구,문화1동,수리 및 개인 서비스업,78
2025-06-01,30140720,중구,문화1동,숙박업,7
2025-06-01,30140720,중구,문화1동,"예술, 스포츠 및 여가관련 서비스업",27
2025-06-01,30140720,중구,문화1동,음식점업,196
2025-06-01,30140720,중구,문화1동,"전문, 과학 및 기술 서비스업",20
2025-06-01,30140730,중구,문화2동,교육 서비스업,30
2025-06-01,30140730,중구,문화2동,보건의료업,13
2025-06-01,30140730,중구,문화2동,부동산업,11
2025-06-01,30140730,중구,문화2동,"사업시설 관리, 사업 지원 및 임대 서비스업",11
2025-06-01,30140730,중구,문화2동,소매업,112
2025-06-01,30140730,중구,문화2동,수리 및 개인 서비스업,78
2025-06-01,30140730,중구,문화2동,숙박업,2
2025-06-01,30140730,중구,문화2동,"예술, 스포츠 및 여가관련 서비스업",15
2025-06-01,30140730,중구,문화2동,음식점업,111
2025-06-01,30140730,중구,문화2동,"전문, 과학 및 기술 서비스업",24
2025-06-01,30140740,중구,산성동,교육 서비스업,38
2025-06-01,30140740,중구,산성동,보건의료업,26
2025-06-01,30140740,중구,산성동,부동산업,39
2025-06-01,30140740,중구,산성동,"사업시설 관리, 사업 지원 및 임대 서비스업",92
2025-06-01,30140740,중구,산성동,소매업,387
2025-06-01,30140740,중구,산성동,수리 및 개인 서비스업,215
2025-06-01,30140740,중구,산성동,숙박업,10
2025-06-01,30140740,중구,산성동,"예술, 스포츠 및 여가관련 서비스업",58
2025-06-01,30140740,중구,산성동,음식점업,319
2025-06-01,30140740,중구,산성동,"전문, 과학 및 기술 서비스업",83
2025-06-01,30170510,서구,복수동,교육 서비스업,92
2025-06-01,30170510,서구,복수동,보건의료업,11
2025-06-01,30170510,서구,복수동,부동산업,18
2025-06-01,30170510,서구,복수동,"사업시설 관리, 사업 지원 및 임대 서비스업",25
2025-06-01,30170510,서구,복수동,소매업,120
2025-06-01,30170510,서구,복수동,수리 및 개인 서비스업,97
2025-06-01,30170510,서구,복수동,숙박업,0
2025-06-01,30170510,서구,복수동,"예술, 스포츠 및 여가관련 서비스업",39
2025-06-01,30170510,서구,복수동,음식점업,198
2025-06-01,30170510,서구,복수동,"전문, 과학 및 기술 서비스업",32
2025-06-01,30170520,서구,도마1동,교육 서비스업,50
2025-06-01,30170520,서구,도마1동,보건의료업,27
2025-06-01,30170520,서구,도마1동,부동산업,45
2025-06-01,30170520,서구,도마1동,"사업시설 관리, 사업 지원 및 임대 서비스업",46
2025-06-01,30170520,서구,도마1동,소매업,456
2025-06-01,30170520,서구,도마1동,수리 및 개인 서비스업,141
2025-06-01,30170520,서구,도마1동,숙박업,5
2025-06-01,30170520,서구,도마1동,"예술, 스포츠 및 여가관련 서비스업",44
2025-06-01,30170520,서구,도마1동,음식점업,350
2025-06-01,30170520,서구,도마1동,"전문, 과학 및 기술 서비스업",53
2025-06-01,30170530,서구,도마2동,교육 서비스업,39
2025-06-01,30170530,서구,도마2동,보건의료업,46
2025-06-01,30170530,서구,도마2동,부동산업,48
2025-06-01,30170530,서구,도마2동,"사업시설 관리, 사업 지원 및 임대 서비스업",38
2025-06-01,30170530,서구,도마2동,소매업,205
2025-06-01,30170530,서구,도마2동,수리 및 개인 서비스업,120
2025-06-01,30170530,서구,도마2동,숙박업,1
2025-06-01,30170530,서구,도마2동,"예술, 스포츠 및 여가관련 서비스업",24
2025-06-01,30170530,서구,도마2동,음식점업,196
2025-06-01,30170530,서구,도마2동,"전문, 과학 및 기술 서비스업",40
2025-06-01,30170535,서구,정림동,교육 서비스업,43
2025-06-01,30170535,서구,정림동,보건의료업,19
2025-06-01,30170535,서구,정림동,부동산업,9
2025-06-01,30170535,서구,정림동,"사업시설 관리, 사업 지원 및 임대 서비스업",12
2025-06-01,30170535,서구,정림동,소매업,167
2025-06-01,30170535,서구,정림동,수리 및 개인 서비스업,90
2025-06-01,30170535,서구,정림동,숙박업,0
2025-06-01,30170535,서구,정림동,"예술, 스포츠 및 여가관련 서비스업",30
2025-06-01,30170535,서구,정림동,음식점업,159
2025-06-01,30170535,서구,정림동,"전문, 과학 및 기술 서비스업",34
2025-06-01,30170540,서구,변동,교육 서비스업,24
2025-06-01,30170540,서구,변동,보건의료업,13
2025-06-01,30170540,서구,변동,부동산업,33
2025-06-01,30170540,서구,변동,"사업시설 관리, 사업 지원 및 임대 서비스업",64
2025-06-01,30170540,서구,변동,소매업,177
2025-06-01,30170540,서구,변동,수리 및 개인 서비스업,111
2025-06-01,30170540,서구,변동,숙박업,2
2025-06-01,30170540,서구,변동,"예술, 스포츠 및 여가관련 서비스업",19
2025-06-01,30170540,서구,변동,음식점업,142
2025-06-01,30170540,서구,변동,"전문, 과학 및 기술 서비스업",94
2025-06-01,30170550,서구,용문동,교육 서비스업,41
2025-06-01,30170550,서구,용문동,보건의료업,23
2025-06-01,30170550,서구,용문동,부동산업,50
2025-06-01,30170550,서구,용문동,"사업시설 관리, 사업 지원 및 임대 서비스업",45
2025-06-01,30170550,서구,용문동,소매업,174
2025-06-01,30170550,서구,용문동,수리 및 개인 서비스업,140
2025-06-01,30170550,서구,용문동,숙박업,16
2025-06-01,30170550,서구,용문동,"예술, 스포츠 및 여가관련 서비스업",27
2025-06-01,30170550,서구,용문동,음식점업,165
2025-06-01,30170550,서구,용문동,"전문, 과학 및 기술 서비스업",59
2025-06-01,30170555,서구,탄방동,교육 서비스업,242
2025-06-01,30170555,서구,탄방동,보건의료업,127
2025-06-01,30170555,서구,탄방동,부동산업,78
2025-06-01,30170555,서구,탄방동,"사업시설 관리, 사업 지원 및 임대 서비스업",131
2025-06-01,30170555,서구,탄방동,소매업,715
2025-06-01,30170555,서구,탄방동,수리 및 개인 서비스업,440
2025-06-01,30170555,서구,탄방동,숙박업,10
2025-06-01,30170555,서구,탄방동,"예술, 스포츠 및 여가관련 서비스업",112
2025-06-01,30170555,서구,탄방동,음식점업,664
2025-06-01,30170555,서구,탄방동,"전문, 과학 및 기술 서비스업",243
2025-06-01,30170560,서구,괴정동,교육 서비스업,80
2025-06-01,30170560,서구,괴정동,보건의료업,39
2025-06-01,30170560,서구,괴정동,부동산업,86
2025-06-01,30170560,서구,괴정동,"사업시설 관리, 사업 지원 및 임대 서비스업",86
2025-06-01,30170560,서구,괴정동,소매업,587
2025-06-01,30170560,서구,괴정동,수리 및 개인 서비스업,311
2025-06-01,30170560,서구,괴정동,숙박업,12
2025-06-01,30170560,서구,괴정동,"예술, 스포츠 및 여가관련 서비스업",81
2025-06-01,30170560,서구,괴정동,음식점업,557
2025-06-01,30170560,서구,괴정동,"전문, 과학 및 기술 서비스업",135
2025-06-01,30170570,서구,가장동,교육 서비스업,28
2025-06-01,30170570,서구,가장동,보건의료업,8
2025-06-01,30170570,서구,가장동,부동산업,15
2025-06-01,30170570,서구,가장동,"사업시설 관리, 사업 지원 및 임대 서비스업",24
2025-06-01,30170570,서구,가장동,소매업,101
2025-06-01,30170570,서구,가장동,수리 및 개인 서비스업,85
2025-06-01,30170570,서구,가장동,숙박업,0
2025-06-01,30170570,서구,가장동,"예술, 스포츠 및 여가관련 서비스업",15
2025-06-01,30170570,서구,가장동,음식점업,74
2025-06-01,30170570,서구,가장동,"전문, 과학 및 기술 서비스업",29
2025-06-01,30170575,서구,내동,교육 서비스업,77
2025-06-01,30170575,서구,내동,보건의료업,15
2025-06-01,30170575,서구,내동,부동산업,21
2025-06-01,30170575,서구,내동,"사업시설 관리, 사업 지원 및 임대 서비스업",27
2025-06-01,30170575,서구,내동,소매업,153
2025-06-01,30170575,서구,내동,수리 및 개인 서비스업,113
2025-06-01,30170575,서구,내동,숙박업,0
2025-06-01,30170575,서구,내동,"예술, 스포츠 및 여가관련 서비스업",20
2025-06-01,30170575,서구,내동,음식점업,131
2025-06-01,30170575,서구,내동,"전문, 과학 및 기술 서비스업",59
2025-06-01,30170581,서구,갈마1동,교육 서비스업,66
2025-06-01,30170581,서구,갈마1동,보건의료업,24
2025-06-01,30170581,서구,갈마1동,부동산업,37
2025-06-01,30170581,서구,갈마1동,"사업시설 관리, 사업 지원 및 임대 서비스업",58
2025-06-01,30170581,서구,갈마1동,소매업,240
2025-06-01,30170581,서구,갈마1동,수리 및 개인 서비스업,207
2025-06-01,30170581,서구,갈마1동,숙박업,12
2025-06-01,30170581,서구,갈마1동,"예술, 스포츠 및 여가관련 서비스업",48
2025-06-01,30170581,서구,갈마1동,음식점업,369
2025-06-01,30170581,서구,갈마1동,"전문, 과학 및 기술 서비스업",121
2025-06-01,30170582,서구,갈마2동,교육 서비스업,94
2025-06-01,30170582,서구,갈마2동,보건의료업,14
2025-06-01,30170582,서구,갈마2동,부동산업,38
2025-06-01,30170582,서구,갈마2동,"사업시설 관리, 사업 지원 및 임대 서비스업",74
2025-06-01,30170582,서구,갈마2동,소매업,229
2025-06-01,30170582,서구,갈마2동,수리 및 개인 서비스업,188
2025-06-01,30170582,서구,갈마2동,숙박업,2
2025-06-01,30170582,서구,갈마2동,"예술, 스포츠 및 여가관련 서비스업",75
2025-06-01,30170582,서구,갈마2동,음식점업,426
2025-06-01,30170582,서구,갈마2동,"전문, 과학 및 기술 서비스업",98
2025-06-01,30170586,서구,월평1동,교육 서비스업,52
2025-06-01,30170586,서구,월평1동,보건의료업,18
2025-06-01,30170586,서구,월평1동,부동산업,57
2025-06-01,30170586,서구,월평1동,"사업시설 관리, 사업 지원 및 임대 서비스업",96
2025-06-01,30170586,서구,월평1동,소매업,247
2025-06-01,30170586,서구,월평1동,수리 및 개인 서비스업,216
2025-06-01,30170586,서구,월평1동,숙박업,15
2025-06-01,30170586,서구,월평1동,"예술, 스포츠 및 여가관련 서비스업",58
2025-06-01,30170586,서구,월평1동,음식점업,391
2025-06-01,30170586,서구,월평1동,"전문, 과학 및 기술 서비스업",115
2025-06-01,30170587,서구,월평2동,교육 서비스업,121
2025-06-01,30170587,서구,월평2동,보건의료업,47
2025-06-01,30170587,서구,월평2동,부동산업,12
2025-06-01,30170587,서구,월평2동,"사업시설 관리, 사업 지원 및 임대 서비스업",38
2025-06-01,30170587,서구,월평2동,소매업,135
2025-06-01,30170587,서구,월평2동,수리 및 개인 서비스업,64
2025-06-01,30170587,서구,월평2동,숙박업,6
2025-06-01,30170587,서구,월평2동,"예술, 스포츠 및 여가관련 서비스업",70
2025-06-01,30170587,서구,월평2동,음식점업,196
2025-06-01,30170587,서구,월평2동,"전문, 과학 및 기술 서비스업",148
2025-06-01,30170588,서구,월평3동,교육 서비스업,18
2025-06-01,30170588,서구,월평3동,보건의료업,0
2025-06-01,30170588,서구,월평3동,부동산업,2
2025-06-01,30170588,서구,월평3동,"사업시설 관리, 사업 지원 및 임대 서비스업",2
2025-06-01,30170588,서구,월평3동,소매업,25
2025-06-01,30170588,서구,월평3동,수리 및 개인 서비스업,16
2025-06-01,30170588,서구,월평3동,숙박업,0
2025-06-01,30170588,서구,월평3동,"예술, 스포츠 및 여가관련 서비스업",2
2025-06-01,30170588,서구,월평3동,음식점업,32
2025-06-01,30170588,서구,월평3동,"전문, 과학 및 기술 서비스업",1
2025-06-01,30170590,서구,가수원동,교육 서비스업,26
2025-06-01,30170590,서구,가수원동,보건의료업,8
2025-06-01,30170590,서구,가수원동,부동산업,18
2025-06-01,30170590,서구,가수원동,"사업시설 관리, 사업 지원 및 임대 서비스업",40
2025-06-01,30170590,서구,가수원동,소매업,112
2025-06-01,30170590,서구,가수원동,수리 및 개인 서비스업,76
2025-06-01,30170590,서구,가수원동,숙박업,1
2025-06-01,30170590,서구,가수원동,"예술, 스포츠 및 여가관련 서비스업",17
2025-06-01,30170590,서구,가수원동,음식점업,114
2025-06-01,30170590,서구,가수원동,"전문, 과학 및 기술 서비스업",20
2025-06-01,30170593,서구,도안동,교육 서비스업,287
2025-06-01,30170593,서구,도안동,보건의료업,37
2025-06-01,30170593,서구,도안동,부동산업,83
2025-06-01,30170593,서구,도안동,"사업시설 관리, 사업 지원 및 임대 서비스업",81
2025-06-01,30170593,서구,도안동,소매업,372
2025-06-01,30170593,서구,도안동,수리 및 개인 서비스업,308
2025-06-01,30170593,서구,도안동,숙박업,2
2025-06-01,30170593,서구,도안동,"예술, 스포츠 및 여가관련 서비스업",103
2025-06-01,30170593,서구,도안동,음식점업,623
2025-06-01,30170593,서구,도안동,"전문, 과학 및 기술 서비스업",198
2025-06-01,30170596,서구,관저1동,교육 서비스업,32
2025-06-01,30170596,서구,관저1동,보건의료업,23
2025-06-01,30170596,서구,관저1동,부동산업,28
2025-06-01,30170596,서구,관저1동,"사업시설 관리, 사업 지원 및 임대 서비스업",12
2025-06-01,30170596,서구,관저1동,소매업,113
2025-06-01,30170596,서구,관저1동,수리 및 개인 서비스업,76
2025-06-01,30170596,서구,관저1동,숙박업,0
2025-06-01,30170596,서구,관저1동,"예술, 스포츠 및 여가관련 서비스업",37
2025-06-01,30170596,서구,관저1동,음식점업,174
2025-06-01,30170596,서구,관저1동,"전문, 과학 및 기술 서비스업",30
2025-06-01,30170597,서구,관저2동,교육 서비스업,236
2025-06-01,30170597,서구,관저2동,보건의료업,70
2025-06-01,30170597,서구,관저2동,부동산업,66
2025-06-01,30170597,서구,관저2동,"사업시설 관리, 사업 지원 및 임대 서비스업",28
2025-06-01,30170597,서구,관저2동,소매업,347
2025-06-01,30170597,서구,관저2동,수리 및 개인 서비스업,258
2025-06-01,30170597,서구,관저2동,숙박업,1
2025-06-01,30170597,서구,관저2동,"예술, 스포츠 및 여가관련 서비스업",120
2025-06-01,30170597,서구,관저2동,음식점업,616
2025-06-01,30170597,서구,관저2동,"전문, 과학 및 기술 서비스업",93
2025-06-01,30170600,서구,기성동,교육 서비스업,6
2025-06-01,30170600,서구,기성동,보건의료업,4
2025-06-01,30170600,서구,기성동,부동산업,4
2025-06-01,30170600,서구,기성동,"사업시설 관리, 사업 지원 및 임대 서비스업",10
2025-06-01,30170600,서구,기성동,소매업,59
2025-06-01,30170600,서구,기성동,수리 및 개인 서비스업,11
2025-06-01,30170600,서구,기성동,숙박업,35
2025-06-01,30170600,서구,기성동,"예술, 스포츠 및 여가관련 서비스업",8
2025-06-01,30170600,서구,기성동,음식점업,51
2025-06-01,30170600,서구,기성동,"전문, 과학 및 기술 서비스업",8
2025-06-01,30170630,서구,둔산1동,교육 서비스업,345
2025-06-01,30170630,서구,둔산1동,보건의료업,111
2025-06-01,30170630,서구,둔산1동,부동산업,83
2025-06-01,30170630,서구,둔산1동,"사업시설 관리, 사업 지원 및 임대 서비스업",70
2025-06-01,30170630,서구,둔산1동,소매업,176
2025-06-01,30170630,서구,둔산1동,수리 및 개인 서비스업,110
2025-06-01,30170630,서구,둔산1동,숙박업,12
2025-06-01,30170630,서구,둔산1동,"예술, 스포츠 및 여가관련 서비스업",81
2025-06-01,30170630,서구,둔산1동,음식점업,429
2025-06-01,30170630,서구,둔산1동,"전문, 과학 및 기술 서비스업",647
2025-06-01,30170640,서구,둔산2동,교육 서비스업,207
2025-06-01,30170640,서구,둔산2동,보건의료업,232
2025-06-01,30170640,서구,둔산2동,부동산업,53
2025-06-01,30170640,서구,둔산2동,"사업시설 관리, 사업 지원 및 임대 서비스업",88
2025-06-01,30170640,서구,둔산2동,소매업,724
2025-06-01,30170640,서구,둔산2동,수리 및 개인 서비스업,237
2025-06-01,30170640,서구,둔산2동,숙박업,22
2025-06-01,30170640,서구,둔산2동,"예술, 스포츠 및 여가관련 서비스업",145
2025-06-01,30170640,서구,둔산2동,음식점업,719
2025-06-01,30170640,서구,둔산2동,"전문, 과학 및 기술 서비스업",467
2025-06-01,30170650,서구,만년동,교육 서비스업,61
2025-06-01,30170650,서구,만년동,보건의료업,14
2025-06-01,30170650,서구,만년동,부동산업,27
2025-06-01,30170650,서구,만년동,"사업시설 관리, 사업 지원 및 임대 서비스업",58
2025-06-01,30170650,서구,만년동,소매업,167
2025-06-01,30170650,서구,만년동,수리 및 개인 서비스업,78
2025-06-01,30170650,서구,만년동,숙박업,4
2025-06-01,30170650,서구,만년동,"예술, 스포츠 및 여가관련 서비스업",30
2025-06-01,30170650,서구,만년동,음식점업,235
2025-06-01,30170650,서구,만년동,"전문, 과학 및 기술 서비스업",137
2025-06-01,30170660,서구,둔산3동,교육 서비스업,79
2025-06-01,30170660,서구,둔산3동,보건의료업,12
2025-06-01,30170660,서구,둔산3동,부동산업,18
2025-06-01,30170660,서구,둔산3동,"사업시설 관리, 사업 지원 및 임대 서비스업",15
2025-06-01,30170660,서구,둔산3동,소매업,217
2025-06-01,30170660,서구,둔산3동,수리 및 개인 서비스업,96
2025-06-01,30170660,서구,둔산3동,숙박업,0
2025-06-01,30170660,서구,둔산3동,"예술, 스포츠 및 여가관련 서비스업",36
2025-06-01,30170660,서구,둔산3동,음식점업,203
2025-06-01,30170660,서구,둔산3동,"전문, 과학 및 기술 서비스업",35
2025-06-01,30200520,유성구,진잠동,교육 서비스업,58
2025-06-01,30200520,유성구,진잠동,보건의료업,9
2025-06-01,30200520,유성구,진잠동,부동산업,47
2025-06-01,30200520,유성구,진잠동,"사업시설 관리, 사업 지원 및 임대 서비스업",68
2025-06-01,30200520,유성구,진잠동,소매업,401
2025-06-01,30200520,유성구,진잠동,수리 및 개인 서비스업,164
2025-06-01,30200520,유성구,진잠동,숙박업,4
2025-06-01,30200520,유성구,진잠동,"예술, 스포츠 및 여가관련 서비스업",54
2025-06-01,30200520,유성구,진잠동,음식점업,302
2025-06-01,30200520,유성구,진잠동,"전문, 과학 및 기술 서비스업",92
2025-06-01,30200526,유성구,학하동,교육 서비스업,51
2025-06-01,30200526,유성구,학하동,보건의료업,7
2025-06-01,30200526,유성구,학하동,부동산업,75
2025-06-01,30200526,유성구,학하동,"사업시설 관리, 사업 지원 및 임대 서비스업",77
2025-06-01,30200526,유성구,학하동,소매업,177
2025-06-01,30200526,유성구,학하동,수리 및 개인 서비스업,129
2025-06-01,30200526,유성구,학하동,숙박업,3
2025-06-01,30200526,유성구,학하동,"예술, 스포츠 및 여가관련 서비스업",41
2025-06-01,30200526,유성구,학하동,음식점업,325
2025-06-01,30200526,유성구,학하동,"전문, 과학 및 기술 서비스업",126
2025-06-01,30200527,유성구,상대동,교육 서비스업,68
2025-06-01,30200527,유성구,상대동,보건의료업,9
2025-06-01,30200527,유성구,상대동,부동산업,25
2025-06-01,30200527,유성구,상대동,"사업시설 관리, 사업 지원 및 임대 서비스업",13
2025-06-01,30200527,유성구,상대동,소매업,91
2025-06-01,30200527,유성구,상대동,수리 및 개인 서비스업,84
2025-06-01,30200527,유성구,상대동,숙박업,1
2025-06-01,30200527,유성구,상대동,"예술, 스포츠 및 여가관련 서비스업",15
2025-06-01,30200527,유성구,상대동,음식점업,161
2025-06-01,30200527,유성구,상대동,"전문, 과학 및 기술 서비스업",89
2025-06-01,30200530,유성구,온천1동,교육 서비스업,112
2025-06-01,30200530,유성구,온천1동,보건의료업,54
2025-06-01,30200530,유성구,온천1동,부동산업,176
2025-06-01,30200530,유성구,온천1동,"사업시설 관리, 사업 지원 및 임대 서비스업",167
2025-06-01,30200530,유성구,온천1동,소매업,682
2025-06-01,30200530,유성구,온천1동,수리 및 개인 서비스업,451
2025-06-01,30200530,유성구,온천1동,숙박업,93
2025-06-01,30200530,유성구,온천1동,"예술, 스포츠 및 여가관련 서비스업",125
2025-06-01,30200530,유성구,온천1동,음식점업,1125
2025-06-01,30200530,유성구,온천1동,"전문, 과학 및 기술 서비스업",398
2025-06-01,30200540,유성구,온천2동,교육 서비스업,157
2025-06-01,30200540,유성구,온천2동,보건의료업,10
2025-06-01,30200540,유성구,온천2동,부동산업,114
2025-06-01,30200540,유성구,온천2동,"사업시설 관리, 사업 지원 및 임대 서비스업",131
2025-06-01,30200540,유성구,온천2동,소매업,613
2025-06-01,30200540,유성구,온천2동,수리 및 개인 서비스업,306
2025-06-01,30200540,유성구,온천2동,숙박업,17
2025-06-01,30200540,유성구,온천2동,"예술, 스포츠 및 여가관련 서비스업",153
2025-06-01,30200540,유성구,온천2동,음식점업,1126
2025-06-01,30200540,유성구,온천2동,"전문, 과학 및 기술 서비스업",285
2025-06-01,30200546,유성구,노은1동,교육 서비스업,122
2025-06-01,30200546,유성구,노은1동,보건의료업,10
2025-06-01,30200546,유성구,노은1동,부동산업,31
2025-06-01,30200546,유성구,노은1동,"사업시설 관리, 사업 지원 및 임대 서비스업",39
2025-06-01,30200546,유성구,노은1동,소매업,299
2025-06-01,30200546,유성구,노은1동,수리 및 개인 서비스업,179
2025-06-01,30200546,유성구,노은1동,숙박업,2
2025-06-01,30200546,유성구,노은1동,"예술, 스포츠 및 여가관련 서비스업",62
2025-06-01,30200546,유성구,노은1동,음식점업,378
2025-06-01,30200546,유성구,노은1동,"전문, 과학 및 기술 서비스업",101
2025-06-01,30200547,유성구,노은2동,교육 서비스업,75
2025-06-01,30200547,유성구,노은2동,보건의료업,14
2025-06-01,30200547,유성구,노은2동,부동산업,25
2025-06-01,30200547,유성구,노은2동,"사업시설 관리, 사업 지원 및 임대 서비스업",23
2025-06-01,30200547,유성구,노은2동,소매업,160
2025-06-01,30200547,유성구,노은2동,수리 및 개인 서비스업,64
2025-06-01,30200547,유성구,노은2동,숙박업,2
2025-06-01,30200547,유성구,노은2동,"예술, 스포츠 및 여가관련 서비스업",51
2025-06-01,30200547,유성구,노은2동,음식점업,222
2025-06-01,30200547,유성구,노은2동,"전문, 과학 및 기술 서비스업",56
2025-06-01,30200548,유성구,노은3동,교육 서비스업,145
2025-06-01,30200548,유성구,노은3동,보건의료업,20
2025-06-01,30200548,유성구,노은3동,부동산업,33
2025-06-01,30200548,유성구,노은3동,"사업시설 관리, 사업 지원 및 임대 서비스업",24
2025-06-01,30200548,유성구,노은3동,소매업,223
2025-06-01,30200548,유성구,노은3동,수리 및 개인 서비스업,157
2025-06-01,30200548,유성구,노은3동,숙박업,0
2025-06-01,30200548,유성구,노은3동,"예술, 스포츠 및 여가관련 서비스업",55
2025-06-01,30200548,유성구,노은3동,음식점업,362
2025-06-01,30200548,유성구,노은3동,"전문, 과학 및 기술 서비스업",85
2025-06-01,30200550,유성구,신성동,교육 서비스업,76
2025-06-01,30200550,유성구,신성동,보건의료업,9
2025-06-01,30200550,유성구,신성동,부동산업,49
2025-06-01,30200550,유성구,신성동,"사업시설 관리, 사업 지원 및 임대 서비스업",55
2025-06-01,30200550,유성구,신성동,소매업,490
2025-06-01,30200550,유성구,신성동,수리 및 개인 서비스업,121
2025-06-01,30200550,유성구,신성동,숙박업,7
2025-06-01,30200550,유성구,신성동,"예술, 스포츠 및 여가관련 서비스업",77
2025-06-01,30200550,유성구,신성동,음식점업,562
2025-06-01,30200550,유성구,신성동,"전문, 과학 및 기술 서비스업",122
2025-06-01,30200570,유성구,전민동,교육 서비스업,65
2025-06-01,30200570,유성구,전민동,보건의료업,10
2025-06-01,30200570,유성구,전민동,부동산업,29
2025-06-01,30200570,유성구,전민동,"사업시설 관리, 사업 지원 및 임대 서비스업",15
2025-06-01,30200570,유성구,전민동,소매업,402
2025-06-01,30200570,유성구,전민동,수리 및 개인 서비스업,120
2025-06-01,30200570,유성구,전민동,숙박업,2
2025-06-01,30200570,유성구,전민동,"예술, 스포츠 및 여가관련 서비스업",71
2025-06-01,30200570,유성구,전민동,음식점업,425
2025-06-01,30200570,유성구,전민동,"전문, 과학 및 기술 서비스업",64
2025-06-01,30200580,유성구,구즉동,교육 서비스업,48
2025-06-01,30200580,유성구,구즉동,보건의료업,5
2025-06-01,30200580,유성구,구즉동,부동산업,25
2025-06-01,30200580,유성구,구즉동,"사업시설 관리, 사업 지원 및 임대 서비스업",10
2025-06-01,30200580,유성구,구즉동,소매업,184
2025-06-01,30200580,유성구,구즉동,수리 및 개인 서비스업,114
2025-06-01,30200580,유성구,구즉동,숙박업,0
2025-06-01,30200580,유성구,구즉동,"예술, 스포츠 및 여가관련 서비스업",48
2025-06-01,30200580,유성구,구즉동,음식점업,332
2025-06-01,30200580,유성구,구즉동,"전문, 과학 및 기술 서비스업",29
2025-06-01,30200600,유성구,관평동,교육 서비스업,137
2025-06-01,30200600,유성구,관평동,보건의료업,28
2025-06-01,30200600,유성구,관평동,부동산업,41
2025-06-01,30200600,유성구,관평동,"사업시설 관리, 사업 지원 및 임대 서비스업",47
2025-06-01,30200600,유성구,관평동,소매업,452
2025-06-01,30200600,유성구,관평동,수리 및 개인 서비스업,170
2025-06-01,30200600,유성구,관평동,숙박업,4
2025-06-01,30200600,유성구,관평동,"예술, 스포츠 및 여가관련 서비스업",80
2025-06-01,30200600,유성구,관평동,음식점업,621
2025-06-01,30200600,유성구,관평동,"전문, 과학 및 기술 서비스업",173
2025-06-01,30200610,유성구,원신흥동,교육 서비스업,115
2025-06-01,30200610,유성구,원신흥동,보건의료업,27
2025-06-01,30200610,유성구,원신흥동,부동산업,38
2025-06-01,30200610,유성구,원신흥동,"사업시설 관리, 사업 지원 및 임대 서비스업",30
2025-06-01,30200610,유성구,원신흥동,소매업,217
2025-06-01,30200610,유성구,원신흥동,수리 및 개인 서비스업,235
2025-06-01,30200610,유성구,원신흥동,숙박업,0
2025-06-01,30200610,유성구,원신흥동,"예술, 스포츠 및 여가관련 서비스업",19
2025-06-01,30200610,유성구,원신흥동,음식점업,258
2025-06-01,30200610,유성구,원신흥동,"전문, 과학 및 기술 서비스업",74
2025-06-01,30230510,대덕구,오정동,교육 서비스업,45
2025-06-01,30230510,대덕구,오정동,보건의료업,4
2025-06-01,30230510,대덕구,오정동,부동산업,37
2025-06-01,30230510,대덕구,오정동,"사업시설 관리, 사업 지원 및 임대 서비스업",83
2025-06-01,30230510,대덕구,오정동,소매업,301
2025-06-01,30230510,대덕구,오정동,수리 및 개인 서비스업,147
2025-06-01,30230510,대덕구,오정동,숙박업,2
2025-06-01,30230510,대덕구,오정동,"예술, 스포츠 및 여가관련 서비스업",47
2025-06-01,30230510,대덕구,오정동,음식점업,302
2025-06-01,30230510,대덕구,오정동,"전문, 과학 및 기술 서비스업",125
2025-06-01,30230520,대덕구,대화동,교육 서비스업,12
2025-06-01,30230520,대덕구,대화동,보건의료업,0
2025-06-01,30230520,대덕구,대화동,부동산업,13
2025-06-01,30230520,대덕구,대화동,"사업시설 관리, 사업 지원 및 임대 서비스업",49
2025-06-01,30230520,대덕구,대화동,소매업,144
2025-06-01,30230520,대덕구,대화동,수리 및 개인 서비스업,63
2025-06-01,30230520,대덕구,대화동,숙박업,1
2025-06-01,30230520,대덕구,대화동,"예술, 스포츠 및 여가관련 서비스업",3
2025-06-01,30230520,대덕구,대화동,음식점업,88
2025-06-01,30230520,대덕구,대화동,"전문, 과학 및 기술 서비스업",140
2025-06-01,30230525,대덕구,회덕동,교육 서비스업,7
2025-06-01,30230525,대덕구,회덕동,보건의료업,2
2025-06-01,30230525,대덕구,회덕동,부동산업,14
2025-06-01,30230525,대덕구,회덕동,"사업시설 관리, 사업 지원 및 임대 서비스업",25
2025-06-01,30230525,대덕구,회덕동,소매업,138
2025-06-01,30230525,대덕구,회덕동,수리 및 개인 서비스업,99
2025-06-01,30230525,대덕구,회덕동,숙박업,2
2025-06-01,30230525,대덕구,회덕동,"예술, 스포츠 및 여가관련 서비스업",20
2025-06-01,30230525,대덕구,회덕동,음식점업,134
2025-06-01,30230525,대덕구,회덕동,"전문, 과학 및 기술 서비스업",21
2025-06-01,30230533,대덕구,비래동,교육 서비스업,14
2025-06-01,30230533,대덕구,비래동,보건의료업,5
2025-06-01,30230533,대덕구,비래동,부동산업,25
2025-06-01,30230533,대덕구,비래동,"사업시설 관리, 사업 지원 및 임대 서비스업",29
2025-06-01,30230533,대덕구,비래동,소매업,158
2025-06-01,30230533,대덕구,비래동,수리 및 개인 서비스업,122
2025-06-01,30230533,대덕구,비래동,숙박업,0
2025-06-01,30230533,대덕구,비래동,"예술, 스포츠 및 여가관련 서비스업",45
2025-06-01,30230533,대덕구,비래동,음식점업,182
2025-06-01,30230533,대덕구,비래동,"전문, 과학 및 기술 서비스업",33
2025-06-01,30230543,대덕구,송촌동,교육 서비스업,84
2025-06-01,30230543,대덕구,송촌동,보건의료업,6
2025-06-01,30230543,대덕구,송촌동,부동산업,14
2025-06-01,30230543,대덕구,송촌동,"사업시설 관리, 사업 지원 및 임대 서비스업",27
2025-06-01,30230543,대덕구,송촌동,소매업,235
2025-06-01,30230543,대덕구,송촌동,수리 및 개인 서비스업,157
2025-06-01,30230543,대덕구,송촌동,숙박업,2
2025-06-01,30230543,대덕구,송촌동,"예술, 스포츠 및 여가관련 서비스업",100
2025-06-01,30230543,대덕구,송촌동,음식점업,409
2025-06-01,30230543,대덕구,송촌동,"전문, 과학 및 기술 서비스업",66
2025-06-01,30230546,대덕구,중리동,교육 서비스업,40
2025-06-01,30230546,대덕구,중리동,보건의료업,11
2025-06-01,30230546,대덕구,중리동,부동산업,32
2025-06-01,30230546,대덕구,중리동,"사업시설 관리, 사업 지원 및 임대 서비스업",53
2025-06-01,30230546,대덕구,중리동,소매업,464
2025-06-01,30230546,대덕구,중리동,수리 및 개인 서비스업,275
2025-06-01,30230546,대덕구,중리동,숙박업,37
2025-06-01,30230546,대덕구,중리동,"예술, 스포츠 및 여가관련 서비스업",105
2025-06-01,30230546,대덕구,중리동,음식점업,546
2025-06-01,30230546,대덕구,중리동,"전문, 과학 및 기술 서비스업",92
2025-06-01,30230550,대덕구,신탄진동,교육 서비스업,20
2025-06-01,30230550,대덕구,신탄진동,보건의료업,11
2025-06-01,30230550,대덕구,신탄진동,부동산업,22
2025-06-01,30230550,대덕구,신탄진동,"사업시설 관리, 사업 지원 및 임대 서비스업",19
2025-06-01,30230550,대덕구,신탄진동,소매업,182
2025-06-01,30230550,대덕구,신탄진동,수리 및 개인 서비스업,110
2025-06-01,30230550,대덕구,신탄진동,숙박업,34
2025-06-01,30230550,대덕구,신탄진동,"예술, 스포츠 및 여가관련 서비스업",44
2025-06-01,30230550,대덕구,신탄진동,음식점업,380
2025-06-01,30230550,대덕구,신탄진동,"전문, 과학 및 기술 서비스업",27
2025-06-01,30230560,대덕구,석봉동,교육 서비스업,29
2025-06-01,30230560,대덕구,석봉동,보건의료업,8
2025-06-01,30230560,대덕구,석봉동,부동산업,14
2025-06-01,30230560,대덕구,석봉동,"사업시설 관리, 사업 지원 및 임대 서비스업",12
2025-06-01,30230560,대덕구,석봉동,소매업,166
2025-06-01,30230560,대덕구,석봉동,수리 및 개인 서비스업,94
2025-06-01,30230560,대덕구,석봉동,숙박업,0
2025-06-01,30230560,대덕구,석봉동,"예술, 스포츠 및 여가관련 서비스업",31
2025-06-01,30230560,대덕구,석봉동,음식점업,213
2025-06-01,30230560,대덕구,석봉동,"전문, 과학 및 기술 서비스업",17
2025-06-01,30230570,대덕구,덕암동,교육 서비스업,16
2025-06-01,30230570,대덕구,덕암동,보건의료업,1
2025-06-01,30230570,대덕구,덕암동,부동산업,16
2025-06-01,30230570,대덕구,덕암동,"사업시설 관리, 사업 지원 및 임대 서비스업",25
2025-06-01,30230570,대덕구,덕암동,소매업,174
2025-06-01,30230570,대덕구,덕암동,수리 및 개인 서비스업,111
2025-06-01,30230570,대덕구,덕암동,숙박업,5
2025-06-01,30230570,대덕구,덕암동,"예술, 스포츠 및 여가관련 서비스업",24
2025-06-01,30230570,대덕구,덕암동,음식점업,180
2025-06-01,30230570,대덕구,덕암동,"전문, 과학 및 기술 서비스업",30
2025-06-01,30230580,대덕구,목상동,교육 서비스업,4
2025-06-01,30230580,대덕구,목상동,보건의료업,2
2025-06-01,30230580,대덕구,목상동,부동산업,6
2025-06-01,30230580,대덕구,목상동,"사업시설 관리, 사업 지원 및 임대 서비스업",26
2025-06-01,30230580,대덕구,목상동,소매업,87
2025-06-01,30230580,대덕구,목상동,수리 및 개인 서비스업,60
2025-06-01,30230580,대덕구,목상동,숙박업,0
2025-06-01,30230580,대덕구,목상동,"예술, 스포츠 및 여가관련 서비스업",21
2025-06-01,30230580,대덕구,목상동,음식점업,137
2025-06-01,30230580,대덕구,목상동,"전문, 과학 및 기술 서비스업",23
2025-06-01,30230600,대덕구,법1동,교육 서비스업,8
2025-06-01,30230600,대덕구,법1동,보건의료업,9
2025-06-01,30230600,대덕구,법1동,부동산업,4
2025-06-01,30230600,대덕구,법1동,"사업시설 관리, 사업 지원 및 임대 서비스업",5
2025-06-01,30230600,대덕구,법1동,소매업,36
2025-06-01,30230600,대덕구,법1동,수리 및 개인 서비스업,22
2025-06-01,30230600,대덕구,법1동,숙박업,1
2025-06-01,30230600,대덕구,법1동,"예술, 스포츠 및 여가관련 서비스업",9
2025-06-01,30230600,대덕구,법1동,음식점업,41
2025-06-01,30230600,대덕구,법1동,"전문, 과학 및 기술 서비스업",9
2025-06-01,30230610,대덕구,법2동,교육 서비스업,15
2025-06-01,30230610,대덕구,법2동,보건의료업,1
2025-06-01,30230610,대덕구,법2동,부동산업,2
2025-06-01,30230610,대덕구,법2동,"사업시설 관리, 사업 지원 및 임대 서비스업",6
2025-06-01,30230610,대덕구,법2동,소매업,89
2025-06-01,30230610,대덕구,법2동,수리 및 개인 서비스업,43
2025-06-01,30230610,대덕구,법2동,숙박업,0
2025-06-01,30230610,대덕구,법2동,"예술, 스포츠 및 여가관련 서비스업",21
2025-06-01,30230610,대덕구,법2동,음식점업,97
2025-06-01,30230610,대덕구,법2동,"전문, 과학 및 기술 서비스업",11
2025-10-01,30110515,동구,중앙동,교육 서비스업,28
2025-10-01,30110515,동구,중앙동,보건의료업,52
2025-10-01,30110515,동구,중앙동,부동산업,28
2025-10-01,30110515,동구,중앙동,"사업시설 관리, 사업 지원 및 임대 서비스업",43
2025-10-01,30110515,동구,중앙동,소매업,976
2025-10-01,30110515,동구,중앙동,수리 및 개인 서비스업,107
2025-10-01,30110515,동구,중앙동,숙박업,60
2025-10-01,30110515,동구,중앙동,"예술, 스포츠 및 여가관련 서비스업",29
2025-10-01,30110515,동구,중앙동,음식점업,405
2025-10-01,30110515,동구,중앙동,"전문, 과학 및 기술 서비스업",184
2025-10-01,30110530,동구,효동,교육 서비스업,159
2025-10-01,30110530,동구,효동,보건의료업,53
2025-10-01,30110530,동구,효동,부동산업,39
2025-10-01,30110530,동구,효동,"사업시설 관리, 사업 지원 및 임대 서비스업",15
2025-10-01,30110530,동구,효동,소매업,317
2025-10-01,30110530,동구,효동,수리 및 개인 서비스업,146
2025-10-01,30110530,동구,효동,숙박업,1
2025-10-01,30110530,동구,효동,"예술, 스포츠 및 여가관련 서비스업",75
2025-10-01,30110530,동구,효동,음식점업,360
2025-10-01,30110530,동구,효동,"전문, 과학 및 기술 서비스업",39
2025-10-01,30110545,동구,신인동,교육 서비스업,29
2025-10-01,30110545,동구,신인동,보건의료업,9
2025-10-01,30110545,동구,신인동,부동산업,24
2025-10-01,30110545,동구,신인동,"사업시설 관리, 사업 지원 및 임대 서비스업",14
2025-10-01,30110545,동구,신인동,소매업,92
2025-10-01,30110545,동구,신인동,수리 및 개인 서비스업,65
2025-10-01,30110545,동구,신인동,숙박업,4
2025-10-01,30110545,동구,신인동,"예술, 스포츠 및 여가관련 서비스업",17
2025-10-01,30110545,동구,신인동,음식점업,115
2025-10-01,30110545,동구,신인동,"전문, 과학 및 기술 서비스업",22
2025-10-01,30110551,동구,판암1동,교육 서비스업,28
2025-10-01,30110551,동구,판암1동,보건의료업,30
2025-10-01,30110551,동구,판암1동,부동산업,13
2025-10-01,30110551,동구,판암1동,"사업시설 관리, 사업 지원 및 임대 서비스업",14
2025-10-01,30110551,동구,판암1동,소매업,96
2025-10-01,30110551,동구,판암1동,수리 및 개인 서비스업,61
2025-10-01,30110551,동구,판암1동,숙박업,0
2025-10-01,30110551,동구,판암1동,"예술, 스포츠 및 여가관련 서비스업",18
2025-10-01,30110551,동구,판암1동,음식점업,106
2025-10-01,30110551,동구,판암1동,"전문, 과학 및 기술 서비스업",20
2025-10-01,30110552,동구,판암2동,교육 서비스업,2
2025-10-01,30110552,동구,판암2동,보건의료업,5
2025-10-01,30110552,동구,판암2동,부동산업,3
2025-10-01,30110552,동구,판암2동,"사업시설 관리, 사업 지원 및 임대 서비스업",7
2025-10-01,30110552,동구,판암2동,소매업,48
2025-10-01,30110552,동구,판암2동,수리 및 개인 서비스업,23
2025-10-01,30110552,동구,판암2동,숙박업,2
2025-10-01,30110552,동구,판암2동,"예술, 스포츠 및 여가관련 서비스업",7
2025-10-01,30110552,동구,판암2동,음식점업,56
2025-10-01,30110552,동구,판암2동,"전문, 과학 및 기술 서비스업",7
2025-10-01,30110560,동구,용운동,교육 서비스업,59
2025-10-01,30110560,동구,용운동,보건의료업,27
2025-10-01,30110560,동구,용운동,부동산업,28
2025-10-01,30110560,동구,용운동,"사업시설 관리, 사업 지원 및 임대 서비스업",24
2025-10-01,30110560,동구,용운동,소매업,207
2025-10-01,30110560,동구,용운동,수리 및 개인 서비스업,156
2025-10-01,30110560,동구,용운동,숙박업,6
2025-10-01,30110560,동구,용운동,"예술, 스포츠 및 여가관련 서비스업",48
2025-10-01,30110560,동구,용운동,음식점업,272
2025-10-01,30110560,동구,용운동,"전문, 과학 및 기술 서비스업",39
2025-10-01,30110585,동구,대동,교육 서비스업,43
2025-10-01,30110585,동구,대동,보건의료업,37
2025-10-01,30110585,동구,대동,부동산업,32
2025-10-01,30110585,동구,대동,"사업시설 관리, 사업 지원 및 임대 서비스업",29
2025-10-01,30110585,동구,대동,소매업,146
2025-10-01,30110585,동구,대동,수리 및 개인 서비스업,74
2025-10-01,30110585,동구,대동,숙박업,1
2025-10-01,30110585,동구,대동,"예술, 스포츠 및 여가관련 서비스업",21
2025-10-01,30110585,동구,대동,음식점업,178
2025-10-01,30110585,동구,대동,"전문, 과학 및 기술 서비스업",26
2025-10-01,30110590,동구,자양동,교육 서비스업,28
2025-10-01,30110590,동구,자양동,보건의료업,6
2025-10-01,30110590,동구,자양동,부동산업,39
2025-10-01,30110590,동구,자양동,"사업시설 관리, 사업 지원 및 임대 서비스업",29
2025-10-01,30110590,동구,자양동,소매업,124
2025-10-01,30110590,동구,자양동,수리 및 개인 서비스업,107
2025-10-01,30110590,동구,자양동,숙박업,2
2025-10-01,30110590,동구,자양동,"예술, 스포츠 및 여가관련 서비스업",46
2025-10-01,30110590,동구,자양동,음식점업,281
2025-10-01,30110590,동구,자양동,"전문, 과학 및 기술 서비스업",32
2025-10-01,30110620,동구,가양1동,교육 서비스업,23
2025-10-01,30110620,동구,가양1동,보건의료업,7
2025-10-01,30110620,동구,가양1동,부동산업,26
2025-10-01,30110620,동구,가양1동,"사업시설 관리, 사업 지원 및 임대 서비스업",41
2025-10-01,30110620,동구,가양1동,소매업,153
2025-10-01,30110620,동구,가양1동,수리 및 개인 서비스업,98
2025-10-01,30110620,동구,가양1동,숙박업,6
2025-10-01,30110620,동구,가양1동,"예술, 스포츠 및 여가관련 서비스업",17
2025-10-01,30110620,동구,가양1동,음식점업,203
2025-10-01,30110620,동구,가양1동,"전문, 과학 및 기술 서비스업",45
2025-10-01,30110630,동구,가양2동,교육 서비스업,61
2025-10-01,30110630,동구,가양2동,보건의료업,30
2025-10-01,30110630,동구,가양2동,부동산업,27
2025-10-01,30110630,동구,가양2동,"사업시설 관리, 사업 지원 및 임대 서비스업",29
2025-10-01,30110630,동구,가양2동,소매업,244
2025-10-01,30110630,동구,가양2동,수리 및 개인 서비스업,147
2025-10-01,30110630,동구,가양2동,숙박업,5
2025-10-01,30110630,동구,가양2동,"예술, 스포츠 및 여가관련 서비스업",32
2025-10-01,30110630,동구,가양2동,음식점업,278
2025-10-01,30110630,동구,가양2동,"전문, 과학 및 기술 서비스업",43
2025-10-01,30110640,동구,용전동,교육 서비스업,46
2025-10-01,30110640,동구,용전동,보건의료업,34
2025-10-01,30110640,동구,용전동,부동산업,58
2025-10-01,30110640,동구,용전동,"사업시설 관리, 사업 지원 및 임대 서비스업",59
2025-10-01,30110640,동구,용전동,소매업,367
2025-10-01,30110640,동구,용전동,수리 및 개인 서비스업,206
2025-10-01,30110640,동구,용전동,숙박업,68
2025-10-01,30110640,동구,용전동,"예술, 스포츠 및 여가관련 서비스업",53
2025-10-01,30110640,동구,용전동,음식점업,367
2025-10-01,30110640,동구,용전동,"전문, 과학 및 기술 서비스업",102
2025-10-01,30110665,동구,성남동,교육 서비스업,33
2025-10-01,30110665,동구,성남동,보건의료업,29
2025-10-01,30110665,동구,성남동,부동산업,19
2025-10-01,30110665,동구,성남동,"사업시설 관리, 사업 지원 및 임대 서비스업",27
2025-10-01,30110665,동구,성남동,소매업,143
2025-10-01,30110665,동구,성남동,수리 및 개인 서비스업,84
2025-10-01,30110665,동구,성남동,숙박업,3
2025-10-01,30110665,동구,성남동,"예술, 스포츠 및 여가관련 서비스업",20
2025-10-01,30110665,동구,성남동,음식점업,153
2025-10-01,30110665,동구,성남동,"전문, 과학 및 기술 서비스업",30
2025-10-01,30110670,동구,홍도동,교육 서비스업,20
2025-10-01,30110670,동구,홍도동,보건의료업,10
2025-10-01,30110670,동구,홍도동,부동산업,20
2025-10-01,30110670,동구,홍도동,"사업시설 관리, 사업 지원 및 임대 서비스업",31
2025-10-01,30110670,동구,홍도동,소매업,125
2025-10-01,30110670,동구,홍도동,수리 및 개인 서비스업,61
2025-10-01,30110670,동구,홍도동,숙박업,2
2025-10-01,30110670,동구,홍도동,"예술, 스포츠 및 여가관련 서비스업",31
2025-10-01,30110670,동구,홍도동,음식점업,170
2025-10-01,30110670,동구,홍도동,"전문, 과학 및 기술 서비스업",34
2025-10-01,30110695,동구,삼성동,교육 서비스업,29
2025-10-01,30110695,동구,삼성동,보건의료업,12
2025-10-01,30110695,동구,삼성동,부동산업,18
2025-10-01,30110695,동구,삼성동,"사업시설 관리, 사업 지원 및 임대 서비스업",53
2025-10-01,30110695,동구,삼성동,소매업,188
2025-10-01,30110695,동구,삼성동,수리 및 개인 서비스업,88
2025-10-01,30110695,동구,삼성동,숙박업,4
2025-10-01,30110695,동구,삼성동,"예술, 스포츠 및 여가관련 서비스업",19
2025-10-01,30110695,동구,삼성동,음식점업,114
2025-10-01,30110695,동구,삼성동,"전문, 과학 및 기술 서비스업",204
2025-10-01,30110725,동구,대청동,교육 서비스업,5
2025-10-01,30110725,동구,대청동,보건의료업,1
2025-10-01,30110725,동구,대청동,부동산업,2
2025-10-01,30110725,동구,대청동,"사업시설 관리, 사업 지원 및 임대 서비스업",2
2025-10-01,30110725,동구,대청동,소매업,26
2025-10-01,30110725,동구,대청동,수리 및 개인 서비스업,2
2025-10-01,30110725,동구,대청동,숙박업,2
2025-10-01,30110725,동구,대청동,"예술, 스포츠 및 여가관련 서비스업",3
2025-10-01,30110725,동구,대청동,음식점업,80
2025-10-01,30110725,동구,대청동,"전문, 과학 및 기술 서비스업",4
2025-10-01,30110740,동구,산내동,교육 서비스업,42
2025-10-01,30110740,동구,산내동,보건의료업,18
2025-10-01,30110740,동구,산내동,부동산업,23
2025-10-01,30110740,동구,산내동,"사업시설 관리, 사업 지원 및 임대 서비스업",30
2025-10-01,30110740,동구,산내동,소매업,170
2025-10-01,30110740,동구,산내동,수리 및 개인 서비스업,89
2025-10-01,30110740,동구,산내동,숙박업,8
2025-10-01,30110740,동구,산내동,"예술, 스포츠 및 여가관련 서비스업",19
2025-10-01,30110740,동구,산내동,음식점업,175
2025-10-01,30110740,동구,산내동,"전문, 과학 및 기술 서비스업",49
2025-10-01,30140535,중구,은행선화동,교육 서비스업,133
2025-10-01,30140535,중구,은행선화동,보건의료업,48
2025-10-01,30140535,중구,은행선화동,부동산업,70
2025-10-01,30140535,중구,은행선화동,"사업시설 관리, 사업 지원 및 임대 서비스업",111
2025-10-01,30140535,중구,은행선화동,소매업,606
2025-10-01,30140535,중구,은행선화동,수리 및 개인 서비스업,188
2025-10-01,30140535,중구,은행선화동,숙박업,28
2025-10-01,30140535,중구,은행선화동,"예술, 스포츠 및 여가관련 서비스업",86
2025-10-01,30140535,중구,은행선화동,음식점업,527
2025-10-01,30140535,중구,은행선화동,"전문, 과학 및 기술 서비스업",206
2025-10-01,30140550,중구,목동,교육 서비스업,110
2025-10-01,30140550,중구,목동,보건의료업,11
2025-10-01,30140550,중구,목동,부동산업,20
2025-10-01,30140550,중구,목동,"사업시설 관리, 사업 지원 및 임대 서비스업",9
2025-10-01,30140550,중구,목동,소매업,104
2025-10-01,30140550,중구,목동,수리 및 개인 서비스업,62
2025-10-01,30140550,중구,목동,숙박업,0
2025-10-01,30140550,중구,목동,"예술, 스포츠 및 여가관련 서비스업",24
2025-10-01,30140550,중구,목동,음식점업,119
2025-10-01,30140550,중구,목동,"전문, 과학 및 기술 서비스업",25
2025-10-01,30140560,중구,중촌동,교육 서비스업,36
2025-10-01,30140560,중구,중촌동,보건의료업,12
2025-10-01,30140560,중구,중촌동,부동산업,21
2025-10-01,30140560,중구,중촌동,"사업시설 관리, 사업 지원 및 임대 서비스업",43
2025-10-01,30140560,중구,중촌동,소매업,160
2025-10-01,30140560,중구,중촌동,수리 및 개인 서비스업,113
2025-10-01,30140560,중구,중촌동,숙박업,1
2025-10-01,30140560,중구,중촌동,"예술, 스포츠 및 여가관련 서비스업",30
2025-10-01,30140560,중구,중촌동,음식점업,179
2025-10-01,30140560,중구,중촌동,"전문, 과학 및 기술 서비스업",53
2025-10-01,30140575,중구,대흥동,교육 서비스업,90
2025-10-01,30140575,중구,대흥동,보건의료업,30
2025-10-01,30140575,중구,대흥동,부동산업,29
2025-10-01,30140575,중구,대흥동,"사업시설 관리, 사업 지원 및 임대 서비스업",48
2025-10-01,30140575,중구,대흥동,소매업,593
2025-10-01,30140575,중구,대흥동,수리 및 개인 서비스업,141
2025-10-01,30140575,중구,대흥동,숙박업,48
2025-10-01,30140575,중구,대흥동,"예술, 스포츠 및 여가관련 서비스업",53
2025-10-01,30140575,중구,대흥동,음식점업,588
2025-10-01,30140575,중구,대흥동,"전문, 과학 및 기술 서비스업",129
2025-10-01,30140605,중구,문창동,교육 서비스업,10
2025-10-01,30140605,중구,문창동,보건의료업,6
2025-10-01,30140605,중구,문창동,부동산업,6
2025-10-01,30140605,중구,문창동,"사업시설 관리, 사업 지원 및 임대 서비스업",25
2025-10-01,30140605,중구,문창동,소매업,190
2025-10-01,30140605,중구,문창동,수리 및 개인 서비스업,75
2025-10-01,30140605,중구,문창동,숙박업,25
2025-10-01,30140605,중구,문창동,"예술, 스포츠 및 여가관련 서비스업",20
2025-10-01,30140605,중구,문창동,음식점업,150
2025-10-01,30140605,중구,문창동,"전문, 과학 및 기술 서비스업",21
2025-10-01,30140620,중구,석교동,교육 서비스업,18
2025-10-01,30140620,중구,석교동,보건의료업,13
2025-10-01,30140620,중구,석교동,부동산업,16
2025-10-01,30140620,중구,석교동,"사업시설 관리, 사업 지원 및 임대 서비스업",39
2025-10-01,30140620,중구,석교동,소매업,165
2025-10-01,30140620,중구,석교동,수리 및 개인 서비스업,99
2025-10-01,30140620,중구,석교동,숙박업,0
2025-10-01,30140620,중구,석교동,"예술, 스포츠 및 여가관련 서비스업",22
2025-10-01,30140620,중구,석교동,음식점업,122
2025-10-01,30140620,중구,석교동,"전문, 과학 및 기술 서비스업",39
2025-10-01,30140630,중구,대사동,교육 서비스업,22
2025-10-01,30140630,중구,대사동,보건의료업,13
2025-10-01,30140630,중구,대사동,부동산업,13
2025-10-01,30140630,중구,대사동,"사업시설 관리, 사업 지원 및 임대 서비스업",19
2025-10-01,30140630,중구,대사동,소매업,124
2025-10-01,30140630,중구,대사동,수리 및 개인 서비스업,63
2025-10-01,30140630,중구,대사동,숙박업,7
2025-10-01,30140630,중구,대사동,"예술, 스포츠 및 여가관련 서비스업",13
2025-10-01,30140630,중구,대사동,음식점업,167
2025-10-01,30140630,중구,대사동,"전문, 과학 및 기술 서비스업",21
2025-10-01,30140640,중구,부사동,교육 서비스업,13
2025-10-01,30140640,중구,부사동,보건의료업,17
2025-10-01,30140640,중구,부사동,부동산업,13
2025-10-01,30140640,중구,부사동,"사업시설 관리, 사업 지원 및 임대 서비스업",15
2025-10-01,30140640,중구,부사동,소매업,165
2025-10-01,30140640,중구,부사동,수리 및 개인 서비스업,48
2025-10-01,30140640,중구,부사동,숙박업,9
2025-10-01,30140640,중구,부사동,"예술, 스포츠 및 여가관련 서비스업",19
2025-10-01,30140640,중구,부사동,음식점업,145
2025-10-01,30140640,중구,부사동,"전문, 과학 및 기술 서비스업",29
2025-10-01,30140655,중구,용두동,교육 서비스업,45
2025-10-01,30140655,중구,용두동,보건의료업,15
2025-10-01,30140655,중구,용두동,부동산업,29
2025-10-01,30140655,중구,용두동,"사업시설 관리, 사업 지원 및 임대 서비스업",27
2025-10-01,30140655,중구,용두동,소매업,150
2025-10-01,30140655,중구,용두동,수리 및 개인 서비스업,92
2025-10-01,30140655,중구,용두동,숙박업,5
2025-10-01,30140655,중구,용두동,"예술, 스포츠 및 여가관련 서비스업",11
2025-10-01,30140655,중구,용두동,음식점업,126
2025-10-01,30140655,중구,용두동,"전문, 과학 및 기술 서비스업",37
2025-10-01,30140670,중구,오류동,교육 서비스업,42
2025-10-01,30140670,중구,오류동,보건의료업,50
2025-10-01,30140670,중구,오류동,부동산업,24
2025-10-01,30140670,중구,오류동,"사업시설 관리, 사업 지원 및 임대 서비스업",44
2025-10-01,30140670,중구,오류동,소매업,195
2025-10-01,30140670,중구,오류동,수리 및 개인 서비스업,78
2025-10-01,30140670,중구,오류동,숙박업,9
2025-10-01,30140670,중구,오류동,"예술, 스포츠 및 여가관련 서비스업",54
2025-10-01,30140670,중구,오류동,음식점업,323
2025-10-01,30140670,중구,오류동,"전문, 과학 및 기술 서비스업",72
2025-10-01,30140680,중구,태평1동,교육 서비스업,53
2025-10-01,30140680,중구,태평1동,보건의료업,23
2025-10-01,30140680,중구,태평1동,부동산업,15
2025-10-01,30140680,중구,태평1동,"사업시설 관리, 사업 지원 및 임대 서비스업",13
2025-10-01,30140680,중구,태평1동,소매업,179
2025-10-01,30140680,중구,태평1동,수리 및 개인 서비스업,85
2025-10-01,30140680,중구,태평1동,숙박업,1
2025-10-01,30140680,중구,태평1동,"예술, 스포츠 및 여가관련 서비스업",27
2025-10-01,30140680,중구,태평1동,음식점업,162
2025-10-01,30140680,중구,태평1동,"전문, 과학 및 기술 서비스업",18
2025-10-01,30140690,중구,태평2동,교육 서비스업,38
2025-10-01,30140690,중구,태평2동,보건의료업,10
2025-10-01,30140690,중구,태평2동,부동산업,19
2025-10-01,30140690,중구,태평2동,"사업시설 관리, 사업 지원 및 임대 서비스업",16
2025-10-01,30140690,중구,태평2동,소매업,154
2025-10-01,30140690,중구,태평2동,수리 및 개인 서비스업,65
2025-10-01,30140690,중구,태평2동,숙박업,3
2025-10-01,30140690,중구,태평2동,"예술, 스포츠 및 여가관련 서비스업",16
2025-10-01,30140690,중구,태평2동,음식점업,98
2025-10-01,30140690,중구,태평2동,"전문, 과학 및 기술 서비스업",25
2025-10-01,30140700,중구,유천1동,교육 서비스업,65
2025-10-01,30140700,중구,유천1동,보건의료업,17
2025-10-01,30140700,중구,유천1동,부동산업,12
2025-10-01,30140700,중구,유천1동,"사업시설 관리, 사업 지원 및 임대 서비스업",19
2025-10-01,30140700,중구,유천1동,소매업,144
2025-10-01,30140700,중구,유천1동,수리 및 개인 서비스업,79
2025-10-01,30140700,중구,유천1동,숙박업,25
2025-10-01,30140700,중구,유천1동,"예술, 스포츠 및 여가관련 서비스업",46
2025-10-01,30140700,중구,유천1동,음식점업,255
2025-10-01,30140700,중구,유천1동,"전문, 과학 및 기술 서비스업",31
2025-10-01,30140710,중구,유천2동,교육 서비스업,41
2025-10-01,30140710,중구,유천2동,보건의료업,27
2025-10-01,30140710,중구,유천2동,부동산업,24
2025-10-01,30140710,중구,유천2동,"사업시설 관리, 사업 지원 및 임대 서비스업",38
2025-10-01,30140710,중구,유천2동,소매업,163
2025-10-01,30140710,중구,유천2동,수리 및 개인 서비스업,124
2025-10-01,30140710,중구,유천2동,숙박업,1
2025-10-01,30140710,중구,유천2동,"예술, 스포츠 및 여가관련 서비스업",34
2025-10-01,30140710,중구,유천2동,음식점업,190
2025-10-01,30140710,중구,유천2동,"전문, 과학 및 기술 서비스업",45
2025-10-01,30140720,중구,문화1동,교육 서비스업,78
2025-10-01,30140720,중구,문화1동,보건의료업,31
2025-10-01,30140720,중구,문화1동,부동산업,20
2025-10-01,30140720,중구,문화1동,"사업시설 관리, 사업 지원 및 임대 서비스업",31
2025-10-01,30140720,중구,문화1동,소매업,203
2025-10-01,30140720,중구,문화1동,수리 및 개인 서비스업,87
2025-10-01,30140720,중구,문화1동,숙박업,7
2025-10-01,30140720,중구,문화1동,"예술, 스포츠 및 여가관련 서비스업",29
2025-10-01,30140720,중구,문화1동,음식점업,189
2025-10-01,30140720,중구,문화1동,"전문, 과학 및 기술 서비스업",21
2025-10-01,30140730,중구,문화2동,교육 서비스업,30
2025-10-01,30140730,중구,문화2동,보건의료업,13
2025-10-01,30140730,중구,문화2동,부동산업,12
2025-10-01,30140730,중구,문화2동,"사업시설 관리, 사업 지원 및 임대 서비스업",10
2025-10-01,30140730,중구,문화2동,소매업,118
2025-10-01,30140730,중구,문화2동,수리 및 개인 서비스업,82
2025-10-01,30140730,중구,문화2동,숙박업,2
2025-10-01,30140730,중구,문화2동,"예술, 스포츠 및 여가관련 서비스업",16
2025-10-01,30140730,중구,문화2동,음식점업,109
2025-10-01,30140730,중구,문화2동,"전문, 과학 및 기술 서비스업",22
2025-10-01,30140740,중구,산성동,교육 서비스업,38
2025-10-01,30140740,중구,산성동,보건의료업,28
2025-10-01,30140740,중구,산성동,부동산업,42
2025-10-01,30140740,중구,산성동,"사업시설 관리, 사업 지원 및 임대 서비스업",92
2025-10-01,30140740,중구,산성동,소매업,394
2025-10-01,30140740,중구,산성동,수리 및 개인 서비스업,226
2025-10-01,30140740,중구,산성동,숙박업,9
2025-10-01,30140740,중구,산성동,"예술, 스포츠 및 여가관련 서비스업",56
2025-10-01,30140740,중구,산성동,음식점업,312
2025-10-01,30140740,중구,산성동,"전문, 과학 및 기술 서비스업",81
2025-10-01,30170510,서구,복수동,교육 서비스업,97
2025-10-01,30170510,서구,복수동,보건의료업,11
2025-10-01,30170510,서구,복수동,부동산업,24
2025-10-01,30170510,서구,복수동,"사업시설 관리, 사업 지원 및 임대 서비스업",23
2025-10-01,30170510,서구,복수동,소매업,126
2025-10-01,30170510,서구,복수동,수리 및 개인 서비스업,100
2025-10-01,30170510,서구,복수동,숙박업,0
2025-10-01,30170510,서구,복수동,"예술, 스포츠 및 여가관련 서비스업",39
2025-10-01,30170510,서구,복수동,음식점업,203
2025-10-01,30170510,서구,복수동,"전문, 과학 및 기술 서비스업",27
2025-10-01,30170520,서구,도마1동,교육 서비스업,51
2025-10-01,30170520,서구,도마1동,보건의료업,29
2025-10-01,30170520,서구,도마1동,부동산업,55
2025-10-01,30170520,서구,도마1동,"사업시설 관리, 사업 지원 및 임대 서비스업",44
2025-10-01,30170520,서구,도마1동,소매업,453
2025-10-01,30170520,서구,도마1동,수리 및 개인 서비스업,143
2025-10-01,30170520,서구,도마1동,숙박업,5
2025-10-01,30170520,서구,도마1동,"예술, 스포츠 및 여가관련 서비스업",42
2025-10-01,30170520,서구,도마1동,음식점업,337
2025-10-01,30170520,서구,도마1동,"전문, 과학 및 기술 서비스업",53
2025-10-01,30170530,서구,도마2동,교육 서비스업,38
2025-10-01,30170530,서구,도마2동,보건의료업,44
2025-10-01,30170530,서구,도마2동,부동산업,49
2025-10-01,30170530,서구,도마2동,"사업시설 관리, 사업 지원 및 임대 서비스업",36
2025-10-01,30170530,서구,도마2동,소매업,205
2025-10-01,30170530,서구,도마2동,수리 및 개인 서비스업,123
2025-10-01,30170530,서구,도마2동,숙박업,1
2025-10-01,30170530,서구,도마2동,"예술, 스포츠 및 여가관련 서비스업",23
2025-10-01,30170530,서구,도마2동,음식점업,192
2025-10-01,30170530,서구,도마2동,"전문, 과학 및 기술 서비스업",41
2025-10-01,30170535,서구,정림동,교육 서비스업,43
2025-10-01,30170535,서구,정림동,보건의료업,21
2025-10-01,30170535,서구,정림동,부동산업,15
2025-10-01,30170535,서구,정림동,"사업시설 관리, 사업 지원 및 임대 서비스업",10
2025-10-01,30170535,서구,정림동,소매업,176
2025-10-01,30170535,서구,정림동,수리 및 개인 서비스업,93
2025-10-01,30170535,서구,정림동,숙박업,0
2025-10-01,30170535,서구,정림동,"예술, 스포츠 및 여가관련 서비스업",30
2025-10-01,30170535,서구,정림동,음식점업,156
2025-10-01,30170535,서구,정림동,"전문, 과학 및 기술 서비스업",33
2025-10-01,30170540,서구,변동,교육 서비스업,24
2025-10-01,30170540,서구,변동,보건의료업,11
2025-10-01,30170540,서구,변동,부동산업,34
2025-10-01,30170540,서구,변동,"사업시설 관리, 사업 지원 및 임대 서비스업",63
2025-10-01,30170540,서구,변동,소매업,170
2025-10-01,30170540,서구,변동,수리 및 개인 서비스업,113
2025-10-01,30170540,서구,변동,숙박업,2
2025-10-01,30170540,서구,변동,"예술, 스포츠 및 여가관련 서비스업",18
2025-10-01,30170540,서구,변동,음식점업,138
2025-10-01,30170540,서구,변동,"전문, 과학 및 기술 서비스업",94
2025-10-01,30170550,서구,용문동,교육 서비스업,44
2025-10-01,30170550,서구,용문동,보건의료업,23
2025-10-01,30170550,서구,용문동,부동산업,49
2025-10-01,30170550,서구,용문동,"사업시설 관리, 사업 지원 및 임대 서비스업",41
2025-10-01,30170550,서구,용문동,소매업,166
2025-10-01,30170550,서구,용문동,수리 및 개인 서비스업,141
2025-10-01,30170550,서구,용문동,숙박업,16
2025-10-01,30170550,서구,용문동,"예술, 스포츠 및 여가관련 서비스업",26
2025-10-01,30170550,서구,용문동,음식점업,169
2025-10-01,30170550,서구,용문동,"전문, 과학 및 기술 서비스업",59
2025-10-01,30170555,서구,탄방동,교육 서비스업,245
2025-10-01,30170555,서구,탄방동,보건의료업,126
2025-10-01,30170555,서구,탄방동,부동산업,87
2025-10-01,30170555,서구,탄방동,"사업시설 관리, 사업 지원 및 임대 서비스업",130
2025-10-01,30170555,서구,탄방동,소매업,710
2025-10-01,30170555,서구,탄방동,수리 및 개인 서비스업,440
2025-10-01,30170555,서구,탄방동,숙박업,10
2025-10-01,30170555,서구,탄방동,"예술, 스포츠 및 여가관련 서비스업",117
2025-10-01,30170555,서구,탄방동,음식점업,644
2025-10-01,30170555,서구,탄방동,"전문, 과학 및 기술 서비스업",242
2025-10-01,30170560,서구,괴정동,교육 서비스업,82
2025-10-01,30170560,서구,괴정동,보건의료업,39
2025-10-01,30170560,서구,괴정동,부동산업,84
2025-10-01,30170560,서구,괴정동,"사업시설 관리, 사업 지원 및 임대 서비스업",88
2025-10-01,30170560,서구,괴정동,소매업,583
2025-10-01,30170560,서구,괴정동,수리 및 개인 서비스업,314
2025-10-01,30170560,서구,괴정동,숙박업,12
2025-10-01,30170560,서구,괴정동,"예술, 스포츠 및 여가관련 서비스업",79
2025-10-01,30170560,서구,괴정동,음식점업,542
2025-10-01,30170560,서구,괴정동,"전문, 과학 및 기술 서비스업",137
2025-10-01,30170570,서구,가장동,교육 서비스업,27
2025-10-01,30170570,서구,가장동,보건의료업,8
2025-10-01,30170570,서구,가장동,부동산업,14
2025-10-01,30170570,서구,가장동,"사업시설 관리, 사업 지원 및 임대 서비스업",24
2025-10-01,30170570,서구,가장동,소매업,99
2025-10-01,30170570,서구,가장동,수리 및 개인 서비스업,82
2025-10-01,30170570,서구,가장동,숙박업,0
2025-10-01,30170570,서구,가장동,"예술, 스포츠 및 여가관련 서비스업",14
2025-10-01,30170570,서구,가장동,음식점업,74
2025-10-01,30170570,서구,가장동,"전문, 과학 및 기술 서비스업",28
2025-10-01,30170575,서구,내동,교육 서비스업,89
2025-10-01,30170575,서구,내동,보건의료업,19
2025-10-01,30170575,서구,내동,부동산업,27
2025-10-01,30170575,서구,내동,"사업시설 관리, 사업 지원 및 임대 서비스업",27
2025-10-01,30170575,서구,내동,소매업,161
2025-10-01,30170575,서구,내동,수리 및 개인 서비스업,130
2025-10-01,30170575,서구,내동,숙박업,0
2025-10-01,30170575,서구,내동,"예술, 스포츠 및 여가관련 서비스업",19
2025-10-01,30170575,서구,내동,음식점업,125
2025-10-01,30170575,서구,내동,"전문, 과학 및 기술 서비스업",62
2025-10-01,30170581,서구,갈마1동,교육 서비스업,63
2025-10-01,30170581,서구,갈마1동,보건의료업,20
2025-10-01,30170581,서구,갈마1동,부동산업,38
2025-10-01,30170581,서구,갈마1동,"사업시설 관리, 사업 지원 및 임대 서비스업",56
2025-10-01,30170581,서구,갈마1동,소매업,238
2025-10-01,30170581,서구,갈마1동,수리 및 개인 서비스업,205
2025-10-01,30170581,서구,갈마1동,숙박업,12
2025-10-01,30170581,서구,갈마1동,"예술, 스포츠 및 여가관련 서비스업",50
2025-10-01,30170581,서구,갈마1동,음식점업,355
2025-10-01,30170581,서구,갈마1동,"전문, 과학 및 기술 서비스업",118
2025-10-01,30170582,서구,갈마2동,교육 서비스업,91
2025-10-01,30170582,서구,갈마2동,보건의료업,18
2025-10-01,30170582,서구,갈마2동,부동산업,43
2025-10-01,30170582,서구,갈마2동,"사업시설 관리, 사업 지원 및 임대 서비스업",72
2025-10-01,30170582,서구,갈마2동,소매업,236
2025-10-01,30170582,서구,갈마2동,수리 및 개인 서비스업,190
2025-10-01,30170582,서구,갈마2동,숙박업,2
2025-10-01,30170582,서구,갈마2동,"예술, 스포츠 및 여가관련 서비스업",75
2025-10-01,30170582,서구,갈마2동,음식점업,405
2025-10-01,30170582,서구,갈마2동,"전문, 과학 및 기술 서비스업",99
2025-10-01,30170586,서구,월평1동,교육 서비스업,52
2025-10-01,30170586,서구,월평1동,보건의료업,18
2025-10-01,30170586,서구,월평1동,부동산업,55
2025-10-01,30170586,서구,월평1동,"사업시설 관리, 사업 지원 및 임대 서비스업",93
2025-10-01,30170586,서구,월평1동,소매업,250
2025-10-01,30170586,서구,월평1동,수리 및 개인 서비스업,218
2025-10-01,30170586,서구,월평1동,숙박업,15
2025-10-01,30170586,서구,월평1동,"예술, 스포츠 및 여가관련 서비스업",55
2025-10-01,30170586,서구,월평1동,음식점업,377
2025-10-01,30170586,서구,월평1동,"전문, 과학 및 기술 서비스업",121
2025-10-01,30170587,서구,월평2동,교육 서비스업,133
2025-10-01,30170587,서구,월평2동,보건의료업,46
2025-10-01,30170587,서구,월평2동,부동산업,22
2025-10-01,30170587,서구,월평2동,"사업시설 관리, 사업 지원 및 임대 서비스업",42
2025-10-01,30170587,서구,월평2동,소매업,157
2025-10-01,30170587,서구,월평2동,수리 및 개인 서비스업,80
2025-10-01,30170587,서구,월평2동,숙박업,6
2025-10-01,30170587,서구,월평2동,"예술, 스포츠 및 여가관련 서비스업",68
2025-10-01,30170587,서구,월평2동,음식점업,200
2025-10-01,30170587,서구,월평2동,"전문, 과학 및 기술 서비스업",148
2025-10-01,30170588,서구,월평3동,교육 서비스업,36
2025-10-01,30170588,서구,월평3동,보건의료업,4
2025-10-01,30170588,서구,월평3동,부동산업,12
2025-10-01,30170588,서구,월평3동,"사업시설 관리, 사업 지원 및 임대 서비스업",4
2025-10-01,30170588,서구,월평3동,소매업,56
2025-10-01,30170588,서구,월평3동,수리 및 개인 서비스업,26
2025-10-01,30170588,서구,월평3동,숙박업,0
2025-10-01,30170588,서구,월평3동,"예술, 스포츠 및 여가관련 서비스업",3
2025-10-01,30170588,서구,월평3동,음식점업,31
2025-10-01,30170588,서구,월평3동,"전문, 과학 및 기술 서비스업",4
2025-10-01,30170590,서구,가수원동,교육 서비스업,27
2025-10-01,30170590,서구,가수원동,보건의료업,8
2025-10-01,30170590,서구,가수원동,부동산업,19
2025-10-01,30170590,서구,가수원동,"사업시설 관리, 사업 지원 및 임대 서비스업",40
2025-10-01,30170590,서구,가수원동,소매업,117
2025-10-01,30170590,서구,가수원동,수리 및 개인 서비스업,74
2025-10-01,30170590,서구,가수원동,숙박업,1
2025-10-01,30170590,서구,가수원동,"예술, 스포츠 및 여가관련 서비스업",16
2025-10-01,30170590,서구,가수원동,음식점업,114
2025-10-01,30170590,서구,가수원동,"전문, 과학 및 기술 서비스업",20
2025-10-01,30170593,서구,도안동,교육 서비스업,291
2025-10-01,30170593,서구,도안동,보건의료업,39
2025-10-01,30170593,서구,도안동,부동산업,102
2025-10-01,30170593,서구,도안동,"사업시설 관리, 사업 지원 및 임대 서비스업",77
2025-10-01,30170593,서구,도안동,소매업,379
2025-10-01,30170593,서구,도안동,수리 및 개인 서비스업,308
2025-10-01,30170593,서구,도안동,숙박업,2
2025-10-01,30170593,서구,도안동,"예술, 스포츠 및 여가관련 서비스업",102
2025-10-01,30170593,서구,도안동,음식점업,607
2025-10-01,30170593,서구,도안동,"전문, 과학 및 기술 서비스업",199
2025-10-01,30170596,서구,관저1동,교육 서비스업,39
2025-10-01,30170596,서구,관저1동,보건의료업,26
2025-10-01,30170596,서구,관저1동,부동산업,31
2025-10-01,30170596,서구,관저1동,"사업시설 관리, 사업 지원 및 임대 서비스업",12
2025-10-01,30170596,서구,관저1동,소매업,118
2025-10-01,30170596,서구,관저1동,수리 및 개인 서비스업,84
2025-10-01,30170596,서구,관저1동,숙박업,0
2025-10-01,30170596,서구,관저1동,"예술, 스포츠 및 여가관련 서비스업",35
2025-10-01,30170596,서구,관저1동,음식점업,164
2025-10-01,30170596,서구,관저1동,"전문, 과학 및 기술 서비스업",30
2025-10-01,30170597,서구,관저2동,교육 서비스업,247
2025-10-01,30170597,서구,관저2동,보건의료업,70
2025-10-01,30170597,서구,관저2동,부동산업,77
2025-10-01,30170597,서구,관저2동,"사업시설 관리, 사업 지원 및 임대 서비스업",27
2025-10-01,30170597,서구,관저2동,소매업,350
2025-10-01,30170597,서구,관저2동,수리 및 개인 서비스업,261
2025-10-01,30170597,서구,관저2동,숙박업,1
2025-10-01,30170597,서구,관저2동,"예술, 스포츠 및 여가관련 서비스업",120
2025-10-01,30170597,서구,관저2동,음식점업,592
2025-10-01,30170597,서구,관저2동,"전문, 과학 및 기술 서비스업",92
2025-10-01,30170600,서구,기성동,교육 서비스업,6
2025-10-01,30170600,서구,기성동,보건의료업,4
2025-10-01,30170600,서구,기성동,부동산업,4
2025-10-01,30170600,서구,기성동,"사업시설 관리, 사업 지원 및 임대 서비스업",9
2025-10-01,30170600,서구,기성동,소매업,61
2025-10-01,30170600,서구,기성동,수리 및 개인 서비스업,11
2025-10-01,30170600,서구,기성동,숙박업,34
2025-10-01,30170600,서구,기성동,"예술, 스포츠 및 여가관련 서비스업",8
2025-10-01,30170600,서구,기성동,음식점업,51
2025-10-01,30170600,서구,기성동,"전문, 과학 및 기술 서비스업",8
2025-10-01,30170630,서구,둔산1동,교육 서비스업,360
2025-10-01,30170630,서구,둔산1동,보건의료업,106
2025-10-01,30170630,서구,둔산1동,부동산업,90
2025-10-01,30170630,서구,둔산1동,"사업시설 관리, 사업 지원 및 임대 서비스업",69
2025-10-01,30170630,서구,둔산1동,소매업,180
2025-10-01,30170630,서구,둔산1동,수리 및 개인 서비스업,118
2025-10-01,30170630,서구,둔산1동,숙박업,10
2025-10-01,30170630,서구,둔산1동,"예술, 스포츠 및 여가관련 서비스업",84
2025-10-01,30170630,서구,둔산1동,음식점업,412
2025-10-01,30170630,서구,둔산1동,"전문, 과학 및 기술 서비스업",650
2025-10-01,30170640,서구,둔산2동,교육 서비스업,222
2025-10-01,30170640,서구,둔산2동,보건의료업,237
2025-10-01,30170640,서구,둔산2동,부동산업,64
2025-10-01,30170640,서구,둔산2동,"사업시설 관리, 사업 지원 및 임대 서비스업",87
2025-10-01,30170640,서구,둔산2동,소매업,738
2025-10-01,30170640,서구,둔산2동,수리 및 개인 서비스업,243
2025-10-01,30170640,서구,둔산2동,숙박업,22
2025-10-01,30170640,서구,둔산2동,"예술, 스포츠 및 여가관련 서비스업",149
2025-10-01,30170640,서구,둔산2동,음식점업,729
2025-10-01,30170640,서구,둔산2동,"전문, 과학 및 기술 서비스업",463
2025-10-01,30170650,서구,만년동,교육 서비스업,72
2025-10-01,30170650,서구,만년동,보건의료업,15
2025-10-01,30170650,서구,만년동,부동산업,34
2025-10-01,30170650,서구,만년동,"사업시설 관리, 사업 지원 및 임대 서비스업",54
2025-10-01,30170650,서구,만년동,소매업,172
2025-10-01,30170650,서구,만년동,수리 및 개인 서비스업,84
2025-10-01,30170650,서구,만년동,숙박업,4
2025-10-01,30170650,서구,만년동,"예술, 스포츠 및 여가관련 서비스업",28
2025-10-01,30170650,서구,만년동,음식점업,231
2025-10-01,30170650,서구,만년동,"전문, 과학 및 기술 서비스업",135
2025-10-01,30170660,서구,둔산3동,교육 서비스업,90
2025-10-01,30170660,서구,둔산3동,보건의료업,13
2025-10-01,30170660,서구,둔산3동,부동산업,25
2025-10-01,30170660,서구,둔산3동,"사업시설 관리, 사업 지원 및 임대 서비스업",16
2025-10-01,30170660,서구,둔산3동,소매업,226
2025-10-01,30170660,서구,둔산3동,수리 및 개인 서비스업,98
2025-10-01,30170660,서구,둔산3동,숙박업,0
2025-10-01,30170660,서구,둔산3동,"예술, 스포츠 및 여가관련 서비스업",37
2025-10-01,30170660,서구,둔산3동,음식점업,199
2025-10-01,30170660,서구,둔산3동,"전문, 과학 및 기술 서비스업",34
2025-10-01,30200520,유성구,진잠동,교육 서비스업,61
2025-10-01,30200520,유성구,진잠동,보건의료업,9
2025-10-01,30200520,유성구,진잠동,부동산업,62
2025-10-01,30200520,유성구,진잠동,"사업시설 관리, 사업 지원 및 임대 서비스업",69
2025-10-01,30200520,유성구,진잠동,소매업,406
2025-10-01,30200520,유성구,진잠동,수리 및 개인 서비스업,176
2025-10-01,30200520,유성구,진잠동,숙박업,4
2025-10-01,30200520,유성구,진잠동,"예술, 스포츠 및 여가관련 서비스업",53
2025-10-01,30200520,유성구,진잠동,음식점업,300
2025-10-01,30200520,유성구,진잠동,"전문, 과학 및 기술 서비스업",95
2025-10-01,30200526,유성구,학하동,교육 서비스업,49
2025-10-01,30200526,유성구,학하동,보건의료업,6
2025-10-01,30200526,유성구,학하동,부동산업,80
2025-10-01,30200526,유성구,학하동,"사업시설 관리, 사업 지원 및 임대 서비스업",77
2025-10-01,30200526,유성구,학하동,소매업,181
2025-10-01,30200526,유성구,학하동,수리 및 개인 서비스업,131
2025-10-01,30200526,유성구,학하동,숙박업,3
2025-10-01,30200526,유성구,학하동,"예술, 스포츠 및 여가관련 서비스업",40
2025-10-01,30200526,유성구,학하동,음식점업,315
2025-10-01,30200526,유성구,학하동,"전문, 과학 및 기술 서비스업",126
2025-10-01,30200527,유성구,상대동,교육 서비스업,79
2025-10-01,30200527,유성구,상대동,보건의료업,11
2025-10-01,30200527,유성구,상대동,부동산업,68
2025-10-01,30200527,유성구,상대동,"사업시설 관리, 사업 지원 및 임대 서비스업",13
2025-10-01,30200527,유성구,상대동,소매업,96
2025-10-01,30200527,유성구,상대동,수리 및 개인 서비스업,91
2025-10-01,30200527,유성구,상대동,숙박업,1
2025-10-01,30200527,유성구,상대동,"예술, 스포츠 및 여가관련 서비스업",15
2025-10-01,30200527,유성구,상대동,음식점업,158
2025-10-01,30200527,유성구,상대동,"전문, 과학 및 기술 서비스업",87
2025-10-01,30200530,유성구,온천1동,교육 서비스업,112
2025-10-01,30200530,유성구,온천1동,보건의료업,54
2025-10-01,30200530,유성구,온천1동,부동산업,172
2025-10-01,30200530,유성구,온천1동,"사업시설 관리, 사업 지원 및 임대 서비스업",167
2025-10-01,30200530,유성구,온천1동,소매업,666
2025-10-01,30200530,유성구,온천1동,수리 및 개인 서비스업,444
2025-10-01,30200530,유성구,온천1동,숙박업,92
2025-10-01,30200530,유성구,온천1동,"예술, 스포츠 및 여가관련 서비스업",122
2025-10-01,30200530,유성구,온천1동,음식점업,1076
2025-10-01,30200530,유성구,온천1동,"전문, 과학 및 기술 서비스업",392
2025-10-01,30200540,유성구,온천2동,교육 서비스업,156
2025-10-01,30200540,유성구,온천2동,보건의료업,10
2025-10-01,30200540,유성구,온천2동,부동산업,119
2025-10-01,30200540,유성구,온천2동,"사업시설 관리, 사업 지원 및 임대 서비스업",131
2025-10-01,30200540,유성구,온천2동,소매업,622
2025-10-01,30200540,유성구,온천2동,수리 및 개인 서비스업,309
2025-10-01,30200540,유성구,온천2동,숙박업,17
2025-10-01,30200540,유성구,온천2동,"예술, 스포츠 및 여가관련 서비스업",147
2025-10-01,30200540,유성구,온천2동,음식점업,1111
2025-10-01,30200540,유성구,온천2동,"전문, 과학 및 기술 서비스업",278
2025-10-01,30200546,유성구,노은1동,교육 서비스업,128
2025-10-01,30200546,유성구,노은1동,보건의료업,10
2025-10-01,30200546,유성구,노은1동,부동산업,39
2025-10-01,30200546,유성구,노은1동,"사업시설 관리, 사업 지원 및 임대 서비스업",37
2025-10-01,30200546,유성구,노은1동,소매업,320
2025-10-01,30200546,유성구,노은1동,수리 및 개인 서비스업,173
2025-10-01,30200546,유성구,노은1동,숙박업,2
2025-10-01,30200546,유성구,노은1동,"예술, 스포츠 및 여가관련 서비스업",61
2025-10-01,30200546,유성구,노은1동,음식점업,378
2025-10-01,30200546,유성구,노은1동,"전문, 과학 및 기술 서비스업",101
2025-10-01,30200547,유성구,노은2동,교육 서비스업,81
2025-10-01,30200547,유성구,노은2동,보건의료업,14
2025-10-01,30200547,유성구,노은2동,부동산업,45
2025-10-01,30200547,유성구,노은2동,"사업시설 관리, 사업 지원 및 임대 서비스업",23
2025-10-01,30200547,유성구,노은2동,소매업,167
2025-10-01,30200547,유성구,노은2동,수리 및 개인 서비스업,69
2025-10-01,30200547,유성구,노은2동,숙박업,2
2025-10-01,30200547,유성구,노은2동,"예술, 스포츠 및 여가관련 서비스업",50
2025-10-01,30200547,유성구,노은2동,음식점업,213
2025-10-01,30200547,유성구,노은2동,"전문, 과학 및 기술 서비스업",56
2025-10-01,30200548,유성구,노은3동,교육 서비스업,153
2025-10-01,30200548,유성구,노은3동,보건의료업,19
2025-10-01,30200548,유성구,노은3동,부동산업,52
2025-10-01,30200548,유성구,노은3동,"사업시설 관리, 사업 지원 및 임대 서비스업",23
2025-10-01,30200548,유성구,노은3동,소매업,230
2025-10-01,30200548,유성구,노은3동,수리 및 개인 서비스업,158
2025-10-01,30200548,유성구,노은3동,숙박업,0
2025-10-01,30200548,유성구,노은3동,"예술, 스포츠 및 여가관련 서비스업",58
2025-10-01,30200548,유성구,노은3동,음식점업,348
2025-10-01,30200548,유성구,노은3동,"전문, 과학 및 기술 서비스업",89
2025-10-01,30200550,유성구,신성동,교육 서비스업,79
2025-10-01,30200550,유성구,신성동,보건의료업,9
2025-10-01,30200550,유성구,신성동,부동산업,57
2025-10-01,30200550,유성구,신성동,"사업시설 관리, 사업 지원 및 임대 서비스업",55
2025-10-01,30200550,유성구,신성동,소매업,492
2025-10-01,30200550,유성구,신성동,수리 및 개인 서비스업,123
2025-10-01,30200550,유성구,신성동,숙박업,9
2025-10-01,30200550,유성구,신성동,"예술, 스포츠 및 여가관련 서비스업",74
2025-10-01,30200550,유성구,신성동,음식점업,565
2025-10-01,30200550,유성구,신성동,"전문, 과학 및 기술 서비스업",120
2025-10-01,30200570,유성구,전민동,교육 서비스업,75
2025-10-01,30200570,유성구,전민동,보건의료업,10
2025-10-01,30200570,유성구,전민동,부동산업,32
2025-10-01,30200570,유성구,전민동,"사업시설 관리, 사업 지원 및 임대 서비스업",15
2025-10-01,30200570,유성구,전민동,소매업,409
2025-10-01,30200570,유성구,전민동,수리 및 개인 서비스업,122
2025-10-01,30200570,유성구,전민동,숙박업,2
2025-10-01,30200570,유성구,전민동,"예술, 스포츠 및 여가관련 서비스업",70
2025-10-01,30200570,유성구,전민동,음식점업,418
2025-10-01,30200570,유성구,전민동,"전문, 과학 및 기술 서비스업",66
2025-10-01,30200580,유성구,구즉동,교육 서비스업,54
2025-10-01,30200580,유성구,구즉동,보건의료업,6
2025-10-01,30200580,유성구,구즉동,부동산업,36
2025-10-01,30200580,유성구,구즉동,"사업시설 관리, 사업 지원 및 임대 서비스업",9
2025-10-01,30200580,유성구,구즉동,소매업,201
2025-10-01,30200580,유성구,구즉동,수리 및 개인 서비스업,126
2025-10-01,30200580,유성구,구즉동,숙박업,0
2025-10-01,30200580,유성구,구즉동,"예술, 스포츠 및 여가관련 서비스업",48
2025-10-01,30200580,유성구,구즉동,음식점업,330
2025-10-01,30200580,유성구,구즉동,"전문, 과학 및 기술 서비스업",29
2025-10-01,30200600,유성구,관평동,교육 서비스업,150
2025-10-01,30200600,유성구,관평동,보건의료업,28
2025-10-01,30200600,유성구,관평동,부동산업,68
2025-10-01,30200600,유성구,관평동,"사업시설 관리, 사업 지원 및 임대 서비스업",50
2025-10-01,30200600,유성구,관평동,소매업,449
2025-10-01,30200600,유성구,관평동,수리 및 개인 서비스업,186
2025-10-01,30200600,유성구,관평동,숙박업,5
2025-10-01,30200600,유성구,관평동,"예술, 스포츠 및 여가관련 서비스업",79
2025-10-01,30200600,유성구,관평동,음식점업,617
2025-10-01,30200600,유성구,관평동,"전문, 과학 및 기술 서비스업",181
2025-10-01,30200610,유성구,원신흥동,교육 서비스업,122
2025-10-01,30200610,유성구,원신흥동,보건의료업,28
2025-10-01,30200610,유성구,원신흥동,부동산업,55
2025-10-01,30200610,유성구,원신흥동,"사업시설 관리, 사업 지원 및 임대 서비스업",30
2025-10-01,30200610,유성구,원신흥동,소매업,233
2025-10-01,30200610,유성구,원신흥동,수리 및 개인 서비스업,237
2025-10-01,30200610,유성구,원신흥동,숙박업,0
2025-10-01,30200610,유성구,원신흥동,"예술, 스포츠 및 여가관련 서비스업",18
2025-10-01,30200610,유성구,원신흥동,음식점업,245
2025-10-01,30200610,유성구,원신흥동,"전문, 과학 및 기술 서비스업",73
2025-10-01,30230510,대덕구,오정동,교육 서비스업,47
2025-10-01,30230510,대덕구,오정동,보건의료업,3
2025-10-01,30230510,대덕구,오정동,부동산업,40
2025-10-01,30230510,대덕구,오정동,"사업시설 관리, 사업 지원 및 임대 서비스업",83
2025-10-01,30230510,대덕구,오정동,소매업,303
2025-10-01,30230510,대덕구,오정동,수리 및 개인 서비스업,150
2025-10-01,30230510,대덕구,오정동,숙박업,2
2025-10-01,30230510,대덕구,오정동,"예술, 스포츠 및 여가관련 서비스업",42
2025-10-01,30230510,대덕구,오정동,음식점업,296
2025-10-01,30230510,대덕구,오정동,"전문, 과학 및 기술 서비스업",124
2025-10-01,30230520,대덕구,대화동,교육 서비스업,12
2025-10-01,30230520,대덕구,대화동,보건의료업,0
2025-10-01,30230520,대덕구,대화동,부동산업,13
2025-10-01,30230520,대덕구,대화동,"사업시설 관리, 사업 지원 및 임대 서비스업",49
2025-10-01,30230520,대덕구,대화동,소매업,146
2025-10-01,30230520,대덕구,대화동,수리 및 개인 서비스업,61
2025-10-01,30230520,대덕구,대화동,숙박업,1
2025-10-01,30230520,대덕구,대화동,"예술, 스포츠 및 여가관련 서비스업",4
2025-10-01,30230520,대덕구,대화동,음식점업,88
2025-10-01,30230520,대덕구,대화동,"전문, 과학 및 기술 서비스업",140
2025-10-01,30230525,대덕구,회덕동,교육 서비스업,9
2025-10-01,30230525,대덕구,회덕동,보건의료업,2
2025-10-01,30230525,대덕구,회덕동,부동산업,13
2025-10-01,30230525,대덕구,회덕동,"사업시설 관리, 사업 지원 및 임대 서비스업",27
2025-10-01,30230525,대덕구,회덕동,소매업,143
2025-10-01,30230525,대덕구,회덕동,수리 및 개인 서비스업,103
2025-10-01,30230525,대덕구,회덕동,숙박업,2
2025-10-01,30230525,대덕구,회덕동,"예술, 스포츠 및 여가관련 서비스업",20
2025-10-01,30230525,대덕구,회덕동,음식점업,132
2025-10-01,30230525,대덕구,회덕동,"전문, 과학 및 기술 서비스업",23
2025-10-01,30230533,대덕구,비래동,교육 서비스업,16
2025-10-01,30230533,대덕구,비래동,보건의료업,5
2025-10-01,30230533,대덕구,비래동,부동산업,26
2025-10-01,30230533,대덕구,비래동,"사업시설 관리, 사업 지원 및 임대 서비스업",28
2025-10-01,30230533,대덕구,비래동,소매업,163
2025-10-01,30230533,대덕구,비래동,수리 및 개인 서비스업,113
2025-10-01,30230533,대덕구,비래동,숙박업,0
2025-10-01,30230533,대덕구,비래동,"예술, 스포츠 및 여가관련 서비스업",44
2025-10-01,30230533,대덕구,비래동,음식점업,179
2025-10-01,30230533,대덕구,비래동,"전문, 과학 및 기술 서비스업",33
2025-10-01,30230543,대덕구,송촌동,교육 서비스업,85
2025-10-01,30230543,대덕구,송촌동,보건의료업,6
2025-10-01,30230543,대덕구,송촌동,부동산업,24
2025-10-01,30230543,대덕구,송촌동,"사업시설 관리, 사업 지원 및 임대 서비스업",28
2025-10-01,30230543,대덕구,송촌동,소매업,244
2025-10-01,30230543,대덕구,송촌동,수리 및 개인 서비스업,165
2025-10-01,30230543,대덕구,송촌동,숙박업,2
2025-10-01,30230543,대덕구,송촌동,"예술, 스포츠 및 여가관련 서비스업",93
2025-10-01,30230543,대덕구,송촌동,음식점업,402
2025-10-01,30230543,대덕구,송촌동,"전문, 과학 및 기술 서비스업",64
2025-10-01,30230546,대덕구,중리동,교육 서비스업,40
2025-10-01,30230546,대덕구,중리동,보건의료업,11
2025-10-01,30230546,대덕구,중리동,부동산업,32
2025-10-01,30230546,대덕구,중리동,"사업시설 관리, 사업 지원 및 임대 서비스업",51
2025-10-01,30230546,대덕구,중리동,소매업,461
2025-10-01,30230546,대덕구,중리동,수리 및 개인 서비스업,276
2025-10-01,30230546,대덕구,중리동,숙박업,36
2025-10-01,30230546,대덕구,중리동,"예술, 스포츠 및 여가관련 서비스업",103
2025-10-01,30230546,대덕구,중리동,음식점업,534
2025-10-01,30230546,대덕구,중리동,"전문, 과학 및 기술 서비스업",91
2025-10-01,30230550,대덕구,신탄진동,교육 서비스업,26
2025-10-01,30230550,대덕구,신탄진동,보건의료업,11
2025-10-01,30230550,대덕구,신탄진동,부동산업,25
2025-10-01,30230550,대덕구,신탄진동,"사업시설 관리, 사업 지원 및 임대 서비스업",19
2025-10-01,30230550,대덕구,신탄진동,소매업,182
2025-10-01,30230550,대덕구,신탄진동,수리 및 개인 서비스업,112
2025-10-01,30230550,대덕구,신탄진동,숙박업,33
2025-10-01,30230550,대덕구,신탄진동,"예술, 스포츠 및 여가관련 서비스업",40
2025-10-01,30230550,대덕구,신탄진동,음식점업,366
2025-10-01,30230550,대덕구,신탄진동,"전문, 과학 및 기술 서비스업",27
2025-10-01,30230560,대덕구,석봉동,교육 서비스업,36
2025-10-01,30230560,대덕구,석봉동,보건의료업,8
2025-10-01,30230560,대덕구,석봉동,부동산업,14
2025-10-01,30230560,대덕구,석봉동,"사업시설 관리, 사업 지원 및 임대 서비스업",13
2025-10-01,30230560,대덕구,석봉동,소매업,169
2025-10-01,30230560,대덕구,석봉동,수리 및 개인 서비스업,96
2025-10-01,30230560,대덕구,석봉동,숙박업,0
2025-10-01,30230560,대덕구,석봉동,"예술, 스포츠 및 여가관련 서비스업",34
2025-10-01,30230560,대덕구,석봉동,음식점업,208
2025-10-01,30230560,대덕구,석봉동,"전문, 과학 및 기술 서비스업",18
2025-10-01,30230570,대덕구,덕암동,교육 서비스업,16
2025-10-01,30230570,대덕구,덕암동,보건의료업,1
2025-10-01,30230570,대덕구,덕암동,부동산업,17
2025-10-01,30230570,대덕구,덕암동,"사업시설 관리, 사업 지원 및 임대 서비스업",23
2025-10-01,30230570,대덕구,덕암동,소매업,177
2025-10-01,30230570,대덕구,덕암동,수리 및 개인 서비스업,114
2025-10-01,30230570,대덕구,덕암동,숙박업,5
2025-10-01,30230570,대덕구,덕암동,"예술, 스포츠 및 여가관련 서비스업",24
2025-10-01,30230570,대덕구,덕암동,음식점업,175
2025-10-01,30230570,대덕구,덕암동,"전문, 과학 및 기술 서비스업",31
2025-10-01,30230580,대덕구,목상동,교육 서비스업,5
2025-10-01,30230580,대덕구,목상동,보건의료업,2
2025-10-01,30230580,대덕구,목상동,부동산업,7
2025-10-01,30230580,대덕구,목상동,"사업시설 관리, 사업 지원 및 임대 서비스업",26
2025-10-01,30230580,대덕구,목상동,소매업,91
2025-10-01,30230580,대덕구,목상동,수리 및 개인 서비스업,64
2025-10-01,30230580,대덕구,목상동,숙박업,0
2025-10-01,30230580,대덕구,목상동,"예술, 스포츠 및 여가관련 서비스업",23
2025-10-01,30230580,대덕구,목상동,음식점업,131
2025-10-01,30230580,대덕구,목상동,"전문, 과학 및 기술 서비스업",25
2025-10-01,30230600,대덕구,법1동,교육 서비스업,12
2025-10-01,30230600,대덕구,법1동,보건의료업,12
2025-10-01,30230600,대덕구,법1동,부동산업,12
2025-10-01,30230600,대덕구,법1동,"사업시설 관리, 사업 지원 및 임대 서비스업",5
2025-10-01,30230600,대덕구,법1동,소매업,43
2025-10-01,30230600,대덕구,법1동,수리 및 개인 서비스업,27
2025-10-01,30230600,대덕구,법1동,숙박업,1
2025-10-01,30230600,대덕구,법1동,"예술, 스포츠 및 여가관련 서비스업",8
2025-10-01,30230600,대덕구,법1동,음식점업,40
2025-10-01,30230600,대덕구,법1동,"전문, 과학 및 기술 서비스업",9
2025-10-01,30230610,대덕구,법2동,교육 서비스업,15
2025-10-01,30230610,대덕구,법2동,보건의료업,1
2025-10-01,30230610,대덕구,법2동,부동산업,4
2025-10-01,30230610,대덕구,법2동,"사업시설 관리, 사업 지원 및 임대 서비스업",6
2025-10-01,30230610,대덕구,법2동,소매업,106
2025-10-01,30230610,대덕구,법2동,수리 및 개인 서비스업,50
2025-10-01,30230610,대덕구,법2동,숙박업,0
2025-10-01,30230610,대덕구,법2동,"예술, 스포츠 및 여가관련 서비스업",22
2025-10-01,30230610,대덕구,법2동,음식점업,93
2025-10-01,30230610,대덕구,법2동,"전문, 과학 및 기술 서비스업",13
2025-12-01,30110515,동구,중앙동,교육 서비스업,28
2025-12-01,30110515,동구,중앙동,보건의료업,52
2025-12-01,30110515,동구,중앙동,부동산업,26
2025-12-01,30110515,동구,중앙동,"사업시설 관리, 사업 지원 및 임대 서비스업",42
2025-12-01,30110515,동구,중앙동,소매업,970
2025-12-01,30110515,동구,중앙동,수리 및 개인 서비스업,105
2025-12-01,30110515,동구,중앙동,숙박업,58
2025-12-01,30110515,동구,중앙동,"예술, 스포츠 및 여가관련 서비스업",28
2025-12-01,30110515,동구,중앙동,음식점업,408
2025-12-01,30110515,동구,중앙동,"전문, 과학 및 기술 서비스업",184
2025-12-01,30110530,동구,효동,교육 서비스업,154
2025-12-01,30110530,동구,효동,보건의료업,52
2025-12-01,30110530,동구,효동,부동산업,38
2025-12-01,30110530,동구,효동,"사업시설 관리, 사업 지원 및 임대 서비스업",18
2025-12-01,30110530,동구,효동,소매업,312
2025-12-01,30110530,동구,효동,수리 및 개인 서비스업,150
2025-12-01,30110530,동구,효동,숙박업,1
2025-12-01,30110530,동구,효동,"예술, 스포츠 및 여가관련 서비스업",71
2025-12-01,30110530,동구,효동,음식점업,358
2025-12-01,30110530,동구,효동,"전문, 과학 및 기술 서비스업",38
2025-12-01,30110545,동구,신인동,교육 서비스업,29
2025-12-01,30110545,동구,신인동,보건의료업,9
2025-12-01,30110545,동구,신인동,부동산업,21
2025-12-01,30110545,동구,신인동,"사업시설 관리, 사업 지원 및 임대 서비스업",14
2025-12-01,30110545,동구,신인동,소매업,93
2025-12-01,30110545,동구,신인동,수리 및 개인 서비스업,66
2025-12-01,30110545,동구,신인동,숙박업,4
2025-12-01,30110545,동구,신인동,"예술, 스포츠 및 여가관련 서비스업",19
2025-12-01,30110545,동구,신인동,음식점업,116
2025-12-01,30110545,동구,신인동,"전문, 과학 및 기술 서비스업",22
2025-12-01,30110551,동구,판암1동,교육 서비스업,28
2025-12-01,30110551,동구,판암1동,보건의료업,30
2025-12-01,30110551,동구,판암1동,부동산업,13
2025-12-01,30110551,동구,판암1동,"사업시설 관리, 사업 지원 및 임대 서비스업",12
2025-12-01,30110551,동구,판암1동,소매업,96
2025-12-01,30110551,동구,판암1동,수리 및 개인 서비스업,60
2025-12-01,30110551,동구,판암1동,숙박업,0
2025-12-01,30110551,동구,판암1동,"예술, 스포츠 및 여가관련 서비스업",18
2025-12-01,30110551,동구,판암1동,음식점업,107
2025-12-01,30110551,동구,판암1동,"전문, 과학 및 기술 서비스업",20
2025-12-01,30110552,동구,판암2동,교육 서비스업,2
2025-12-01,30110552,동구,판암2동,보건의료업,5
2025-12-01,30110552,동구,판암2동,부동산업,3
2025-12-01,30110552,동구,판암2동,"사업시설 관리, 사업 지원 및 임대 서비스업",6
2025-12-01,30110552,동구,판암2동,소매업,47
2025-12-01,30110552,동구,판암2동,수리 및 개인 서비스업,22
2025-12-01,30110552,동구,판암2동,숙박업,2
2025-12-01,30110552,동구,판암2동,"예술, 스포츠 및 여가관련 서비스업",6
2025-12-01,30110552,동구,판암2동,음식점업,55
2025-12-01,30110552,동구,판암2동,"전문, 과학 및 기술 서비스업",7
2025-12-01,30110560,동구,용운동,교육 서비스업,57
2025-12-01,30110560,동구,용운동,보건의료업,27
2025-12-01,30110560,동구,용운동,부동산업,26
2025-12-01,30110560,동구,용운동,"사업시설 관리, 사업 지원 및 임대 서비스업",24
2025-12-01,30110560,동구,용운동,소매업,207
2025-12-01,30110560,동구,용운동,수리 및 개인 서비스업,156
2025-12-01,30110560,동구,용운동,숙박업,5
2025-12-01,30110560,동구,용운동,"예술, 스포츠 및 여가관련 서비스업",53
2025-12-01,30110560,동구,용운동,음식점업,272
2025-12-01,30110560,동구,용운동,"전문, 과학 및 기술 서비스업",38
2025-12-01,30110585,동구,대동,교육 서비스업,43
2025-12-01,30110585,동구,대동,보건의료업,37
2025-12-01,30110585,동구,대동,부동산업,32
2025-12-01,30110585,동구,대동,"사업시설 관리, 사업 지원 및 임대 서비스업",30
2025-12-01,30110585,동구,대동,소매업,148
2025-12-01,30110585,동구,대동,수리 및 개인 서비스업,74
2025-12-01,30110585,동구,대동,숙박업,1
2025-12-01,30110585,동구,대동,"예술, 스포츠 및 여가관련 서비스업",22
2025-12-01,30110585,동구,대동,음식점업,174
2025-12-01,30110585,동구,대동,"전문, 과학 및 기술 서비스업",26
2025-12-01,30110590,동구,자양동,교육 서비스업,27
2025-12-01,30110590,동구,자양동,보건의료업,6
2025-12-01,30110590,동구,자양동,부동산업,39
2025-12-01,30110590,동구,자양동,"사업시설 관리, 사업 지원 및 임대 서비스업",29
2025-12-01,30110590,동구,자양동,소매업,124
2025-12-01,30110590,동구,자양동,수리 및 개인 서비스업,108
2025-12-01,30110590,동구,자양동,숙박업,2
2025-12-01,30110590,동구,자양동,"예술, 스포츠 및 여가관련 서비스업",45
2025-12-01,30110590,동구,자양동,음식점업,282
2025-12-01,30110590,동구,자양동,"전문, 과학 및 기술 서비스업",31
2025-12-01,30110620,동구,가양1동,교육 서비스업,23
2025-12-01,30110620,동구,가양1동,보건의료업,7
2025-12-01,30110620,동구,가양1동,부동산업,26
2025-12-01,30110620,동구,가양1동,"사업시설 관리, 사업 지원 및 임대 서비스업",40
2025-12-01,30110620,동구,가양1동,소매업,156
2025-12-01,30110620,동구,가양1동,수리 및 개인 서비스업,98
2025-12-01,30110620,동구,가양1동,숙박업,6
2025-12-01,30110620,동구,가양1동,"예술, 스포츠 및 여가관련 서비스업",15
2025-12-01,30110620,동구,가양1동,음식점업,197
2025-12-01,30110620,동구,가양1동,"전문, 과학 및 기술 서비스업",45
2025-12-01,30110630,동구,가양2동,교육 서비스업,60
2025-12-01,30110630,동구,가양2동,보건의료업,30
2025-12-01,30110630,동구,가양2동,부동산업,25
2025-12-01,30110630,동구,가양2동,"사업시설 관리, 사업 지원 및 임대 서비스업",29
2025-12-01,30110630,동구,가양2동,소매업,246
2025-12-01,30110630,동구,가양2동,수리 및 개인 서비스업,149
2025-12-01,30110630,동구,가양2동,숙박업,5
2025-12-01,30110630,동구,가양2동,"예술, 스포츠 및 여가관련 서비스업",33
2025-12-01,30110630,동구,가양2동,음식점업,270
2025-12-01,30110630,동구,가양2동,"전문, 과학 및 기술 서비스업",43
2025-12-01,30110640,동구,용전동,교육 서비스업,44
2025-12-01,30110640,동구,용전동,보건의료업,34
2025-12-01,30110640,동구,용전동,부동산업,57
2025-12-01,30110640,동구,용전동,"사업시설 관리, 사업 지원 및 임대 서비스업",58
2025-12-01,30110640,동구,용전동,소매업,363
2025-12-01,30110640,동구,용전동,수리 및 개인 서비스업,202
2025-12-01,30110640,동구,용전동,숙박업,68
2025-12-01,30110640,동구,용전동,"예술, 스포츠 및 여가관련 서비스업",55
2025-12-01,30110640,동구,용전동,음식점업,368
2025-12-01,30110640,동구,용전동,"전문, 과학 및 기술 서비스업",100
2025-12-01,30110665,동구,성남동,교육 서비스업,33
2025-12-01,30110665,동구,성남동,보건의료업,29
2025-12-01,30110665,동구,성남동,부동산업,18
2025-12-01,30110665,동구,성남동,"사업시설 관리, 사업 지원 및 임대 서비스업",24
2025-12-01,30110665,동구,성남동,소매업,143
2025-12-01,30110665,동구,성남동,수리 및 개인 서비스업,83
2025-12-01,30110665,동구,성남동,숙박업,3
2025-12-01,30110665,동구,성남동,"예술, 스포츠 및 여가관련 서비스업",20
2025-12-01,30110665,동구,성남동,음식점업,155
2025-12-01,30110665,동구,성남동,"전문, 과학 및 기술 서비스업",30
2025-12-01,30110670,동구,홍도동,교육 서비스업,20
2025-12-01,30110670,동구,홍도동,보건의료업,10
2025-12-01,30110670,동구,홍도동,부동산업,20
2025-12-01,30110670,동구,홍도동,"사업시설 관리, 사업 지원 및 임대 서비스업",32
2025-12-01,30110670,동구,홍도동,소매업,125
2025-12-01,30110670,동구,홍도동,수리 및 개인 서비스업,62
2025-12-01,30110670,동구,홍도동,숙박업,2
2025-12-01,30110670,동구,홍도동,"예술, 스포츠 및 여가관련 서비스업",33
2025-12-01,30110670,동구,홍도동,음식점업,167
2025-12-01,30110670,동구,홍도동,"전문, 과학 및 기술 서비스업",35
2025-12-01,30110695,동구,삼성동,교육 서비스업,29
2025-12-01,30110695,동구,삼성동,보건의료업,12
2025-12-01,30110695,동구,삼성동,부동산업,18
2025-12-01,30110695,동구,삼성동,"사업시설 관리, 사업 지원 및 임대 서비스업",53
2025-12-01,30110695,동구,삼성동,소매업,185
2025-12-01,30110695,동구,삼성동,수리 및 개인 서비스업,89
2025-12-01,30110695,동구,삼성동,숙박업,4
2025-12-01,30110695,동구,삼성동,"예술, 스포츠 및 여가관련 서비스업",19
2025-12-01,30110695,동구,삼성동,음식점업,114
2025-12-01,30110695,동구,삼성동,"전문, 과학 및 기술 서비스업",203
2025-12-01,30110725,동구,대청동,교육 서비스업,5
2025-12-01,30110725,동구,대청동,보건의료업,1
2025-12-01,30110725,동구,대청동,부동산업,2
2025-12-01,30110725,동구,대청동,"사업시설 관리, 사업 지원 및 임대 서비스업",2
2025-12-01,30110725,동구,대청동,소매업,27
2025-12-01,30110725,동구,대청동,수리 및 개인 서비스업,2
2025-12-01,30110725,동구,대청동,숙박업,2
2025-12-01,30110725,동구,대청동,"예술, 스포츠 및 여가관련 서비스업",3
2025-12-01,30110725,동구,대청동,음식점업,80
2025-12-01,30110725,동구,대청동,"전문, 과학 및 기술 서비스업",4
2025-12-01,30110740,동구,산내동,교육 서비스업,42
2025-12-01,30110740,동구,산내동,보건의료업,18
2025-12-01,30110740,동구,산내동,부동산업,23
2025-12-01,30110740,동구,산내동,"사업시설 관리, 사업 지원 및 임대 서비스업",30
2025-12-01,30110740,동구,산내동,소매업,173
2025-12-01,30110740,동구,산내동,수리 및 개인 서비스업,90
2025-12-01,30110740,동구,산내동,숙박업,9
2025-12-01,30110740,동구,산내동,"예술, 스포츠 및 여가관련 서비스업",19
2025-12-01,30110740,동구,산내동,음식점업,175
2025-12-01,30110740,동구,산내동,"전문, 과학 및 기술 서비스업",49
2025-12-01,30140535,중구,은행선화동,교육 서비스업,131
2025-12-01,30140535,중구,은행선화동,보건의료업,48
2025-12-01,30140535,중구,은행선화동,부동산업,66
2025-12-01,30140535,중구,은행선화동,"사업시설 관리, 사업 지원 및 임대 서비스업",110
2025-12-01,30140535,중구,은행선화동,소매업,605
2025-12-01,30140535,중구,은행선화동,수리 및 개인 서비스업,187
2025-12-01,30140535,중구,은행선화동,숙박업,26
2025-12-01,30140535,중구,은행선화동,"예술, 스포츠 및 여가관련 서비스업",82
2025-12-01,30140535,중구,은행선화동,음식점업,534
2025-12-01,30140535,중구,은행선화동,"전문, 과학 및 기술 서비스업",202
2025-12-01,30140550,중구,목동,교육 서비스업,108
2025-12-01,30140550,중구,목동,보건의료업,11
2025-12-01,30140550,중구,목동,부동산업,20
2025-12-01,30140550,중구,목동,"사업시설 관리, 사업 지원 및 임대 서비스업",7
2025-12-01,30140550,중구,목동,소매업,104
2025-12-01,30140550,중구,목동,수리 및 개인 서비스업,63
2025-12-01,30140550,중구,목동,숙박업,0
2025-12-01,30140550,중구,목동,"예술, 스포츠 및 여가관련 서비스업",24
2025-12-01,30140550,중구,목동,음식점업,123
2025-12-01,30140550,중구,목동,"전문, 과학 및 기술 서비스업",25
2025-12-01,30140560,중구,중촌동,교육 서비스업,36
2025-12-01,30140560,중구,중촌동,보건의료업,13
2025-12-01,30140560,중구,중촌동,부동산업,21
2025-12-01,30140560,중구,중촌동,"사업시설 관리, 사업 지원 및 임대 서비스업",41
2025-12-01,30140560,중구,중촌동,소매업,161
2025-12-01,30140560,중구,중촌동,수리 및 개인 서비스업,113
2025-12-01,30140560,중구,중촌동,숙박업,1
2025-12-01,30140560,중구,중촌동,"예술, 스포츠 및 여가관련 서비스업",30
2025-12-01,30140560,중구,중촌동,음식점업,176
2025-12-01,30140560,중구,중촌동,"전문, 과학 및 기술 서비스업",52
2025-12-01,30140575,중구,대흥동,교육 서비스업,92
2025-12-01,30140575,중구,대흥동,보건의료업,30
2025-12-01,30140575,중구,대흥동,부동산업,29
2025-12-01,30140575,중구,대흥동,"사업시설 관리, 사업 지원 및 임대 서비스업",44
2025-12-01,30140575,중구,대흥동,소매업,594
2025-12-01,30140575,중구,대흥동,수리 및 개인 서비스업,142
2025-12-01,30140575,중구,대흥동,숙박업,49
2025-12-01,30140575,중구,대흥동,"예술, 스포츠 및 여가관련 서비스업",53
2025-12-01,30140575,중구,대흥동,음식점업,587
2025-12-01,30140575,중구,대흥동,"전문, 과학 및 기술 서비스업",130
2025-12-01,30140605,중구,문창동,교육 서비스업,10
2025-12-01,30140605,중구,문창동,보건의료업,6
2025-12-01,30140605,중구,문창동,부동산업,6
2025-12-01,30140605,중구,문창동,"사업시설 관리, 사업 지원 및 임대 서비스업",26
2025-12-01,30140605,중구,문창동,소매업,190
2025-12-01,30140605,중구,문창동,수리 및 개인 서비스업,76
2025-12-01,30140605,중구,문창동,숙박업,25
2025-12-01,30140605,중구,문창동,"예술, 스포츠 및 여가관련 서비스업",20
2025-12-01,30140605,중구,문창동,음식점업,152
2025-12-01,30140605,중구,문창동,"전문, 과학 및 기술 서비스업",20
2025-12-01,30140620,중구,석교동,교육 서비스업,18
2025-12-01,30140620,중구,석교동,보건의료업,13
2025-12-01,30140620,중구,석교동,부동산업,16
2025-12-01,30140620,중구,석교동,"사업시설 관리, 사업 지원 및 임대 서비스업",39
2025-12-01,30140620,중구,석교동,소매업,162
2025-12-01,30140620,중구,석교동,수리 및 개인 서비스업,97
2025-12-01,30140620,중구,석교동,숙박업,0
2025-12-01,30140620,중구,석교동,"예술, 스포츠 및 여가관련 서비스업",21
2025-12-01,30140620,중구,석교동,음식점업,126
2025-12-01,30140620,중구,석교동,"전문, 과학 및 기술 서비스업",39
2025-12-01,30140630,중구,대사동,교육 서비스업,23
2025-12-01,30140630,중구,대사동,보건의료업,13
2025-12-01,30140630,중구,대사동,부동산업,12
2025-12-01,30140630,중구,대사동,"사업시설 관리, 사업 지원 및 임대 서비스업",18
2025-12-01,30140630,중구,대사동,소매업,125
2025-12-01,30140630,중구,대사동,수리 및 개인 서비스업,61
2025-12-01,30140630,중구,대사동,숙박업,6
2025-12-01,30140630,중구,대사동,"예술, 스포츠 및 여가관련 서비스업",13
2025-12-01,30140630,중구,대사동,음식점업,166
2025-12-01,30140630,중구,대사동,"전문, 과학 및 기술 서비스업",21
2025-12-01,30140640,중구,부사동,교육 서비스업,13
2025-12-01,30140640,중구,부사동,보건의료업,17
2025-12-01,30140640,중구,부사동,부동산업,12
2025-12-01,30140640,중구,부사동,"사업시설 관리, 사업 지원 및 임대 서비스업",15
2025-12-01,30140640,중구,부사동,소매업,165
2025-12-01,30140640,중구,부사동,수리 및 개인 서비스업,47
2025-12-01,30140640,중구,부사동,숙박업,8
2025-12-01,30140640,중구,부사동,"예술, 스포츠 및 여가관련 서비스업",19
2025-12-01,30140640,중구,부사동,음식점업,145
2025-12-01,30140640,중구,부사동,"전문, 과학 및 기술 서비스업",27
2025-12-01,30140655,중구,용두동,교육 서비스업,43
2025-12-01,30140655,중구,용두동,보건의료업,15
2025-12-01,30140655,중구,용두동,부동산업,27
2025-12-01,30140655,중구,용두동,"사업시설 관리, 사업 지원 및 임대 서비스업",27
2025-12-01,30140655,중구,용두동,소매업,150
2025-12-01,30140655,중구,용두동,수리 및 개인 서비스업,89
2025-12-01,30140655,중구,용두동,숙박업,5
2025-12-01,30140655,중구,용두동,"예술, 스포츠 및 여가관련 서비스업",12
2025-12-01,30140655,중구,용두동,음식점업,121
2025-12-01,30140655,중구,용두동,"전문, 과학 및 기술 서비스업",37
2025-12-01,30140670,중구,오류동,교육 서비스업,41
2025-12-01,30140670,중구,오류동,보건의료업,49
2025-12-01,30140670,중구,오류동,부동산업,24
2025-12-01,30140670,중구,오류동,"사업시설 관리, 사업 지원 및 임대 서비스업",45
2025-12-01,30140670,중구,오류동,소매업,200
2025-12-01,30140670,중구,오류동,수리 및 개인 서비스업,77
2025-12-01,30140670,중구,오류동,숙박업,9
2025-12-01,30140670,중구,오류동,"예술, 스포츠 및 여가관련 서비스업",53
2025-12-01,30140670,중구,오류동,음식점업,327
2025-12-01,30140670,중구,오류동,"전문, 과학 및 기술 서비스업",72
2025-12-01,30140680,중구,태평1동,교육 서비스업,51
2025-12-01,30140680,중구,태평1동,보건의료업,22
2025-12-01,30140680,중구,태평1동,부동산업,15
2025-12-01,30140680,중구,태평1동,"사업시설 관리, 사업 지원 및 임대 서비스업",13
2025-12-01,30140680,중구,태평1동,소매업,180
2025-12-01,30140680,중구,태평1동,수리 및 개인 서비스업,85
2025-12-01,30140680,중구,태평1동,숙박업,1
2025-12-01,30140680,중구,태평1동,"예술, 스포츠 및 여가관련 서비스업",27
2025-12-01,30140680,중구,태평1동,음식점업,164
2025-12-01,30140680,중구,태평1동,"전문, 과학 및 기술 서비스업",18
2025-12-01,30140690,중구,태평2동,교육 서비스업,36
2025-12-01,30140690,중구,태평2동,보건의료업,10
2025-12-01,30140690,중구,태평2동,부동산업,17
2025-12-01,30140690,중구,태평2동,"사업시설 관리, 사업 지원 및 임대 서비스업",16
2025-12-01,30140690,중구,태평2동,소매업,156
2025-12-01,30140690,중구,태평2동,수리 및 개인 서비스업,65
2025-12-01,30140690,중구,태평2동,숙박업,3
2025-12-01,30140690,중구,태평2동,"예술, 스포츠 및 여가관련 서비스업",15
2025-12-01,30140690,중구,태평2동,음식점업,97
2025-12-01,30140690,중구,태평2동,"전문, 과학 및 기술 서비스업",24
2025-12-01,30140700,중구,유천1동,교육 서비스업,63
2025-12-01,30140700,중구,유천1동,보건의료업,17
2025-12-01,30140700,중구,유천1동,부동산업,11
2025-12-01,30140700,중구,유천1동,"사업시설 관리, 사업 지원 및 임대 서비스업",19
2025-12-01,30140700,중구,유천1동,소매업,142
2025-12-01,30140700,중구,유천1동,수리 및 개인 서비스업,77
2025-12-01,30140700,중구,유천1동,숙박업,25
2025-12-01,30140700,중구,유천1동,"예술, 스포츠 및 여가관련 서비스업",47
2025-12-01,30140700,중구,유천1동,음식점업,239
2025-12-01,30140700,중구,유천1동,"전문, 과학 및 기술 서비스업",31
2025-12-01,30140710,중구,유천2동,교육 서비스업,42
2025-12-01,30140710,중구,유천2동,보건의료업,27
2025-12-01,30140710,중구,유천2동,부동산업,23
2025-12-01,30140710,중구,유천2동,"사업시설 관리, 사업 지원 및 임대 서비스업",37
2025-12-01,30140710,중구,유천2동,소매업,160
2025-12-01,30140710,중구,유천2동,수리 및 개인 서비스업,124
2025-12-01,30140710,중구,유천2동,숙박업,1
2025-12-01,30140710,중구,유천2동,"예술, 스포츠 및 여가관련 서비스업",34
2025-12-01,30140710,중구,유천2동,음식점업,192
2025-12-01,30140710,중구,유천2동,"전문, 과학 및 기술 서비스업",43
2025-12-01,30140720,중구,문화1동,교육 서비스업,77
2025-12-01,30140720,중구,문화1동,보건의료업,31
2025-12-01,30140720,중구,문화1동,부동산업,19
2025-12-01,30140720,중구,문화1동,"사업시설 관리, 사업 지원 및 임대 서비스업",31
2025-12-01,30140720,중구,문화1동,소매업,200
2025-12-01,30140720,중구,문화1동,수리 및 개인 서비스업,90
2025-12-01,30140720,중구,문화1동,숙박업,7
2025-12-01,30140720,중구,문화1동,"예술, 스포츠 및 여가관련 서비스업",30
2025-12-01,30140720,중구,문화1동,음식점업,188
2025-12-01,30140720,중구,문화1동,"전문, 과학 및 기술 서비스업",21
2025-12-01,30140730,중구,문화2동,교육 서비스업,30
2025-12-01,30140730,중구,문화2동,보건의료업,13
2025-12-01,30140730,중구,문화2동,부동산업,12
2025-12-01,30140730,중구,문화2동,"사업시설 관리, 사업 지원 및 임대 서비스업",11
2025-12-01,30140730,중구,문화2동,소매업,115
2025-12-01,30140730,중구,문화2동,수리 및 개인 서비스업,80
2025-12-01,30140730,중구,문화2동,숙박업,2
2025-12-01,30140730,중구,문화2동,"예술, 스포츠 및 여가관련 서비스업",16
2025-12-01,30140730,중구,문화2동,음식점업,108
2025-12-01,30140730,중구,문화2동,"전문, 과학 및 기술 서비스업",21
2025-12-01,30140740,중구,산성동,교육 서비스업,35
2025-12-01,30140740,중구,산성동,보건의료업,28
2025-12-01,30140740,중구,산성동,부동산업,42
2025-12-01,30140740,중구,산성동,"사업시설 관리, 사업 지원 및 임대 서비스업",91
2025-12-01,30140740,중구,산성동,소매업,394
2025-12-01,30140740,중구,산성동,수리 및 개인 서비스업,227
2025-12-01,30140740,중구,산성동,숙박업,9
2025-12-01,30140740,중구,산성동,"예술, 스포츠 및 여가관련 서비스업",58
2025-12-01,30140740,중구,산성동,음식점업,317
2025-12-01,30140740,중구,산성동,"전문, 과학 및 기술 서비스업",81
2025-12-01,30170510,서구,복수동,교육 서비스업,95
2025-12-01,30170510,서구,복수동,보건의료업,10
2025-12-01,30170510,서구,복수동,부동산업,23
2025-12-01,30170510,서구,복수동,"사업시설 관리, 사업 지원 및 임대 서비스업",24
2025-12-01,30170510,서구,복수동,소매업,123
2025-12-01,30170510,서구,복수동,수리 및 개인 서비스업,100
2025-12-01,30170510,서구,복수동,숙박업,0
2025-12-01,30170510,서구,복수동,"예술, 스포츠 및 여가관련 서비스업",36
2025-12-01,30170510,서구,복수동,음식점업,201
2025-12-01,30170510,서구,복수동,"전문, 과학 및 기술 서비스업",27
2025-12-01,30170520,서구,도마1동,교육 서비스업,52
2025-12-01,30170520,서구,도마1동,보건의료업,29
2025-12-01,30170520,서구,도마1동,부동산업,54
2025-12-01,30170520,서구,도마1동,"사업시설 관리, 사업 지원 및 임대 서비스업",44
2025-12-01,30170520,서구,도마1동,소매업,455
2025-12-01,30170520,서구,도마1동,수리 및 개인 서비스업,145
2025-12-01,30170520,서구,도마1동,숙박업,5
2025-12-01,30170520,서구,도마1동,"예술, 스포츠 및 여가관련 서비스업",43
2025-12-01,30170520,서구,도마1동,음식점업,340
2025-12-01,30170520,서구,도마1동,"전문, 과학 및 기술 서비스업",52
2025-12-01,30170530,서구,도마2동,교육 서비스업,39
2025-12-01,30170530,서구,도마2동,보건의료업,45
2025-12-01,30170530,서구,도마2동,부동산업,48
2025-12-01,30170530,서구,도마2동,"사업시설 관리, 사업 지원 및 임대 서비스업",35
2025-12-01,30170530,서구,도마2동,소매업,209
2025-12-01,30170530,서구,도마2동,수리 및 개인 서비스업,123
2025-12-01,30170530,서구,도마2동,숙박업,1
2025-12-01,30170530,서구,도마2동,"예술, 스포츠 및 여가관련 서비스업",23
2025-12-01,30170530,서구,도마2동,음식점업,182
2025-12-01,30170530,서구,도마2동,"전문, 과학 및 기술 서비스업",40
2025-12-01,30170535,서구,정림동,교육 서비스업,44
2025-12-01,30170535,서구,정림동,보건의료업,21
2025-12-01,30170535,서구,정림동,부동산업,13
2025-12-01,30170535,서구,정림동,"사업시설 관리, 사업 지원 및 임대 서비스업",10
2025-12-01,30170535,서구,정림동,소매업,172
2025-12-01,30170535,서구,정림동,수리 및 개인 서비스업,95
2025-12-01,30170535,서구,정림동,숙박업,0
2025-12-01,30170535,서구,정림동,"예술, 스포츠 및 여가관련 서비스업",30
2025-12-01,30170535,서구,정림동,음식점업,156
2025-12-01,30170535,서구,정림동,"전문, 과학 및 기술 서비스업",33
2025-12-01,30170540,서구,변동,교육 서비스업,22
2025-12-01,30170540,서구,변동,보건의료업,11
2025-12-01,30170540,서구,변동,부동산업,33
2025-12-01,30170540,서구,변동,"사업시설 관리, 사업 지원 및 임대 서비스업",62
2025-12-01,30170540,서구,변동,소매업,168
2025-12-01,30170540,서구,변동,수리 및 개인 서비스업,108
2025-12-01,30170540,서구,변동,숙박업,1
2025-12-01,30170540,서구,변동,"예술, 스포츠 및 여가관련 서비스업",18
2025-12-01,30170540,서구,변동,음식점업,137
2025-12-01,30170540,서구,변동,"전문, 과학 및 기술 서비스업",93
2025-12-01,30170550,서구,용문동,교육 서비스업,46
2025-12-01,30170550,서구,용문동,보건의료업,22
2025-12-01,30170550,서구,용문동,부동산업,49
2025-12-01,30170550,서구,용문동,"사업시설 관리, 사업 지원 및 임대 서비스업",41
2025-12-01,30170550,서구,용문동,소매업,169
2025-12-01,30170550,서구,용문동,수리 및 개인 서비스업,137
2025-12-01,30170550,서구,용문동,숙박업,15
2025-12-01,30170550,서구,용문동,"예술, 스포츠 및 여가관련 서비스업",26
2025-12-01,30170550,서구,용문동,음식점업,171
2025-12-01,30170550,서구,용문동,"전문, 과학 및 기술 서비스업",60
2025-12-01,30170555,서구,탄방동,교육 서비스업,242
2025-12-01,30170555,서구,탄방동,보건의료업,127
2025-12-01,30170555,서구,탄방동,부동산업,86
2025-12-01,30170555,서구,탄방동,"사업시설 관리, 사업 지원 및 임대 서비스업",129
2025-12-01,30170555,서구,탄방동,소매업,720
2025-12-01,30170555,서구,탄방동,수리 및 개인 서비스업,447
2025-12-01,30170555,서구,탄방동,숙박업,9
2025-12-01,30170555,서구,탄방동,"예술, 스포츠 및 여가관련 서비스업",121
2025-12-01,30170555,서구,탄방동,음식점업,641
2025-12-01,30170555,서구,탄방동,"전문, 과학 및 기술 서비스업",242
2025-12-01,30170560,서구,괴정동,교육 서비스업,81
2025-12-01,30170560,서구,괴정동,보건의료업,39
2025-12-01,30170560,서구,괴정동,부동산업,79
2025-12-01,30170560,서구,괴정동,"사업시설 관리, 사업 지원 및 임대 서비스업",85
2025-12-01,30170560,서구,괴정동,소매업,586
2025-12-01,30170560,서구,괴정동,수리 및 개인 서비스업,320
2025-12-01,30170560,서구,괴정동,숙박업,12
2025-12-01,30170560,서구,괴정동,"예술, 스포츠 및 여가관련 서비스업",82
2025-12-01,30170560,서구,괴정동,음식점업,527
2025-12-01,30170560,서구,괴정동,"전문, 과학 및 기술 서비스업",137
2025-12-01,30170570,서구,가장동,교육 서비스업,26
2025-12-01,30170570,서구,가장동,보건의료업,8
2025-12-01,30170570,서구,가장동,부동산업,14
2025-12-01,30170570,서구,가장동,"사업시설 관리, 사업 지원 및 임대 서비스업",24
2025-12-01,30170570,서구,가장동,소매업,98
2025-12-01,30170570,서구,가장동,수리 및 개인 서비스업,81
2025-12-01,30170570,서구,가장동,숙박업,0
2025-12-01,30170570,서구,가장동,"예술, 스포츠 및 여가관련 서비스업",13
2025-12-01,30170570,서구,가장동,음식점업,76
2025-12-01,30170570,서구,가장동,"전문, 과학 및 기술 서비스업",29
2025-12-01,30170575,서구,내동,교육 서비스업,88
2025-12-01,30170575,서구,내동,보건의료업,18
2025-12-01,30170575,서구,내동,부동산업,26
2025-12-01,30170575,서구,내동,"사업시설 관리, 사업 지원 및 임대 서비스업",26
2025-12-01,30170575,서구,내동,소매업,162
2025-12-01,30170575,서구,내동,수리 및 개인 서비스업,132
2025-12-01,30170575,서구,내동,숙박업,0
2025-12-01,30170575,서구,내동,"예술, 스포츠 및 여가관련 서비스업",19
2025-12-01,30170575,서구,내동,음식점업,125
2025-12-01,30170575,서구,내동,"전문, 과학 및 기술 서비스업",61
2025-12-01,30170581,서구,갈마1동,교육 서비스업,63
2025-12-01,30170581,서구,갈마1동,보건의료업,20
2025-12-01,30170581,서구,갈마1동,부동산업,38
2025-12-01,30170581,서구,갈마1동,"사업시설 관리, 사업 지원 및 임대 서비스업",55
2025-12-01,30170581,서구,갈마1동,소매업,244
2025-12-01,30170581,서구,갈마1동,수리 및 개인 서비스업,211
2025-12-01,30170581,서구,갈마1동,숙박업,12
2025-12-01,30170581,서구,갈마1동,"예술, 스포츠 및 여가관련 서비스업",46
2025-12-01,30170581,서구,갈마1동,음식점업,353
2025-12-01,30170581,서구,갈마1동,"전문, 과학 및 기술 서비스업",117
2025-12-01,30170582,서구,갈마2동,교육 서비스업,86
2025-12-01,30170582,서구,갈마2동,보건의료업,19
2025-12-01,30170582,서구,갈마2동,부동산업,41
2025-12-01,30170582,서구,갈마2동,"사업시설 관리, 사업 지원 및 임대 서비스업",70
2025-12-01,30170582,서구,갈마2동,소매업,239
2025-12-01,30170582,서구,갈마2동,수리 및 개인 서비스업,194
2025-12-01,30170582,서구,갈마2동,숙박업,2
2025-12-01,30170582,서구,갈마2동,"예술, 스포츠 및 여가관련 서비스업",75
2025-12-01,30170582,서구,갈마2동,음식점업,402
2025-12-01,30170582,서구,갈마2동,"전문, 과학 및 기술 서비스업",99
2025-12-01,30170586,서구,월평1동,교육 서비스업,51
2025-12-01,30170586,서구,월평1동,보건의료업,18
2025-12-01,30170586,서구,월평1동,부동산업,52
2025-12-01,30170586,서구,월평1동,"사업시설 관리, 사업 지원 및 임대 서비스업",90
2025-12-01,30170586,서구,월평1동,소매업,252
2025-12-01,30170586,서구,월평1동,수리 및 개인 서비스업,222
2025-12-01,30170586,서구,월평1동,숙박업,15
2025-12-01,30170586,서구,월평1동,"예술, 스포츠 및 여가관련 서비스업",55
2025-12-01,30170586,서구,월평1동,음식점업,384
2025-12-01,30170586,서구,월평1동,"전문, 과학 및 기술 서비스업",119
2025-12-01,30170587,서구,월평2동,교육 서비스업,131
2025-12-01,30170587,서구,월평2동,보건의료업,46
2025-12-01,30170587,서구,월평2동,부동산업,22
2025-12-01,30170587,서구,월평2동,"사업시설 관리, 사업 지원 및 임대 서비스업",40
2025-12-01,30170587,서구,월평2동,소매업,157
2025-12-01,30170587,서구,월평2동,수리 및 개인 서비스업,80
2025-12-01,30170587,서구,월평2동,숙박업,6
2025-12-01,30170587,서구,월평2동,"예술, 스포츠 및 여가관련 서비스업",69
2025-12-01,30170587,서구,월평2동,음식점업,198
2025-12-01,30170587,서구,월평2동,"전문, 과학 및 기술 서비스업",147
2025-12-01,30170588,서구,월평3동,교육 서비스업,34
2025-12-01,30170588,서구,월평3동,보건의료업,4
2025-12-01,30170588,서구,월평3동,부동산업,12
2025-12-01,30170588,서구,월평3동,"사업시설 관리, 사업 지원 및 임대 서비스업",4
2025-12-01,30170588,서구,월평3동,소매업,53
2025-12-01,30170588,서구,월평3동,수리 및 개인 서비스업,27
2025-12-01,30170588,서구,월평3동,숙박업,0
2025-12-01,30170588,서구,월평3동,"예술, 스포츠 및 여가관련 서비스업",3
2025-12-01,30170588,서구,월평3동,음식점업,30
2025-12-01,30170588,서구,월평3동,"전문, 과학 및 기술 서비스업",4
2025-12-01,30170590,서구,가수원동,교육 서비스업,29
2025-12-01,30170590,서구,가수원동,보건의료업,7
2025-12-01,30170590,서구,가수원동,부동산업,19
2025-12-01,30170590,서구,가수원동,"사업시설 관리, 사업 지원 및 임대 서비스업",39
2025-12-01,30170590,서구,가수원동,소매업,121
2025-12-01,30170590,서구,가수원동,수리 및 개인 서비스업,75
2025-12-01,30170590,서구,가수원동,숙박업,1
2025-12-01,30170590,서구,가수원동,"예술, 스포츠 및 여가관련 서비스업",16
2025-12-01,30170590,서구,가수원동,음식점업,117
2025-12-01,30170590,서구,가수원동,"전문, 과학 및 기술 서비스업",20
2025-12-01,30170593,서구,도안동,교육 서비스업,288
2025-12-01,30170593,서구,도안동,보건의료업,42
2025-12-01,30170593,서구,도안동,부동산업,99
2025-12-01,30170593,서구,도안동,"사업시설 관리, 사업 지원 및 임대 서비스업",75
2025-12-01,30170593,서구,도안동,소매업,379
2025-12-01,30170593,서구,도안동,수리 및 개인 서비스업,317
2025-12-01,30170593,서구,도안동,숙박업,2
2025-12-01,30170593,서구,도안동,"예술, 스포츠 및 여가관련 서비스업",100
2025-12-01,30170593,서구,도안동,음식점업,617
2025-12-01,30170593,서구,도안동,"전문, 과학 및 기술 서비스업",199
2025-12-01,30170596,서구,관저1동,교육 서비스업,40
2025-12-01,30170596,서구,관저1동,보건의료업,26
2025-12-01,30170596,서구,관저1동,부동산업,31
2025-12-01,30170596,서구,관저1동,"사업시설 관리, 사업 지원 및 임대 서비스업",12
2025-12-01,30170596,서구,관저1동,소매업,115
2025-12-01,30170596,서구,관저1동,수리 및 개인 서비스업,82
2025-12-01,30170596,서구,관저1동,숙박업,0
2025-12-01,30170596,서구,관저1동,"예술, 스포츠 및 여가관련 서비스업",36
2025-12-01,30170596,서구,관저1동,음식점업,170
2025-12-01,30170596,서구,관저1동,"전문, 과학 및 기술 서비스업",29
2025-12-01,30170597,서구,관저2동,교육 서비스업,245
2025-12-01,30170597,서구,관저2동,보건의료업,70
2025-12-01,30170597,서구,관저2동,부동산업,74
2025-12-01,30170597,서구,관저2동,"사업시설 관리, 사업 지원 및 임대 서비스업",27
2025-12-01,30170597,서구,관저2동,소매업,355
2025-12-01,30170597,서구,관저2동,수리 및 개인 서비스업,267
2025-12-01,30170597,서구,관저2동,숙박업,0
2025-12-01,30170597,서구,관저2동,"예술, 스포츠 및 여가관련 서비스업",119
2025-12-01,30170597,서구,관저2동,음식점업,602
2025-12-01,30170597,서구,관저2동,"전문, 과학 및 기술 서비스업",91
2025-12-01,30170600,서구,기성동,교육 서비스업,6
2025-12-01,30170600,서구,기성동,보건의료업,4
2025-12-01,30170600,서구,기성동,부동산업,4
2025-12-01,30170600,서구,기성동,"사업시설 관리, 사업 지원 및 임대 서비스업",9
2025-12-01,30170600,서구,기성동,소매업,62
2025-12-01,30170600,서구,기성동,수리 및 개인 서비스업,11
2025-12-01,30170600,서구,기성동,숙박업,34
2025-12-01,30170600,서구,기성동,"예술, 스포츠 및 여가관련 서비스업",8
2025-12-01,30170600,서구,기성동,음식점업,49
2025-12-01,30170600,서구,기성동,"전문, 과학 및 기술 서비스업",9
2025-12-01,30170630,서구,둔산1동,교육 서비스업,360
2025-12-01,30170630,서구,둔산1동,보건의료업,106
2025-12-01,30170630,서구,둔산1동,부동산업,89
2025-12-01,30170630,서구,둔산1동,"사업시설 관리, 사업 지원 및 임대 서비스업",68
2025-12-01,30170630,서구,둔산1동,소매업,181
2025-12-01,30170630,서구,둔산1동,수리 및 개인 서비스업,118
2025-12-01,30170630,서구,둔산1동,숙박업,12
2025-12-01,30170630,서구,둔산1동,"예술, 스포츠 및 여가관련 서비스업",85
2025-12-01,30170630,서구,둔산1동,음식점업,413
2025-12-01,30170630,서구,둔산1동,"전문, 과학 및 기술 서비스업",638
2025-12-01,30170640,서구,둔산2동,교육 서비스업,217
2025-12-01,30170640,서구,둔산2동,보건의료업,237
2025-12-01,30170640,서구,둔산2동,부동산업,62
2025-12-01,30170640,서구,둔산2동,"사업시설 관리, 사업 지원 및 임대 서비스업",89
2025-12-01,30170640,서구,둔산2동,소매업,747
2025-12-01,30170640,서구,둔산2동,수리 및 개인 서비스업,244
2025-12-01,30170640,서구,둔산2동,숙박업,22
2025-12-01,30170640,서구,둔산2동,"예술, 스포츠 및 여가관련 서비스업",154
2025-12-01,30170640,서구,둔산2동,음식점업,720
2025-12-01,30170640,서구,둔산2동,"전문, 과학 및 기술 서비스업",457
2025-12-01,30170650,서구,만년동,교육 서비스업,74
2025-12-01,30170650,서구,만년동,보건의료업,15
2025-12-01,30170650,서구,만년동,부동산업,34
2025-12-01,30170650,서구,만년동,"사업시설 관리, 사업 지원 및 임대 서비스업",54
2025-12-01,30170650,서구,만년동,소매업,169
2025-12-01,30170650,서구,만년동,수리 및 개인 서비스업,83
2025-12-01,30170650,서구,만년동,숙박업,4
2025-12-01,30170650,서구,만년동,"예술, 스포츠 및 여가관련 서비스업",27
2025-12-01,30170650,서구,만년동,음식점업,227
2025-12-01,30170650,서구,만년동,"전문, 과학 및 기술 서비스업",137
2025-12-01,30170660,서구,둔산3동,교육 서비스업,88
2025-12-01,30170660,서구,둔산3동,보건의료업,13
2025-12-01,30170660,서구,둔산3동,부동산업,24
2025-12-01,30170660,서구,둔산3동,"사업시설 관리, 사업 지원 및 임대 서비스업",15
2025-12-01,30170660,서구,둔산3동,소매업,220
2025-12-01,30170660,서구,둔산3동,수리 및 개인 서비스업,98
2025-12-01,30170660,서구,둔산3동,숙박업,0
2025-12-01,30170660,서구,둔산3동,"예술, 스포츠 및 여가관련 서비스업",37
2025-12-01,30170660,서구,둔산3동,음식점업,194
2025-12-01,30170660,서구,둔산3동,"전문, 과학 및 기술 서비스업",34
2025-12-01,30200520,유성구,진잠동,교육 서비스업,62
2025-12-01,30200520,유성구,진잠동,보건의료업,10
2025-12-01,30200520,유성구,진잠동,부동산업,61
2025-12-01,30200520,유성구,진잠동,"사업시설 관리, 사업 지원 및 임대 서비스업",69
2025-12-01,30200520,유성구,진잠동,소매업,406
2025-12-01,30200520,유성구,진잠동,수리 및 개인 서비스업,176
2025-12-01,30200520,유성구,진잠동,숙박업,4
2025-12-01,30200520,유성구,진잠동,"예술, 스포츠 및 여가관련 서비스업",52
2025-12-01,30200520,유성구,진잠동,음식점업,295
2025-12-01,30200520,유성구,진잠동,"전문, 과학 및 기술 서비스업",94
2025-12-01,30200526,유성구,학하동,교육 서비스업,51
2025-12-01,30200526,유성구,학하동,보건의료업,7
2025-12-01,30200526,유성구,학하동,부동산업,78
2025-12-01,30200526,유성구,학하동,"사업시설 관리, 사업 지원 및 임대 서비스업",75
2025-12-01,30200526,유성구,학하동,소매업,180
2025-12-01,30200526,유성구,학하동,수리 및 개인 서비스업,130
2025-12-01,30200526,유성구,학하동,숙박업,3
2025-12-01,30200526,유성구,학하동,"예술, 스포츠 및 여가관련 서비스업",40
2025-12-01,30200526,유성구,학하동,음식점업,321
2025-12-01,30200526,유성구,학하동,"전문, 과학 및 기술 서비스업",125
2025-12-01,30200527,유성구,상대동,교육 서비스업,79
2025-12-01,30200527,유성구,상대동,보건의료업,11
2025-12-01,30200527,유성구,상대동,부동산업,67
2025-12-01,30200527,유성구,상대동,"사업시설 관리, 사업 지원 및 임대 서비스업",13
2025-12-01,30200527,유성구,상대동,소매업,97
2025-12-01,30200527,유성구,상대동,수리 및 개인 서비스업,93
2025-12-01,30200527,유성구,상대동,숙박업,1
2025-12-01,30200527,유성구,상대동,"예술, 스포츠 및 여가관련 서비스업",16
2025-12-01,30200527,유성구,상대동,음식점업,165
2025-12-01,30200527,유성구,상대동,"전문, 과학 및 기술 서비스업",87
2025-12-01,30200530,유성구,온천1동,교육 서비스업,105
2025-12-01,30200530,유성구,온천1동,보건의료업,55
2025-12-01,30200530,유성구,온천1동,부동산업,164
2025-12-01,30200530,유성구,온천1동,"사업시설 관리, 사업 지원 및 임대 서비스업",163
2025-12-01,30200530,유성구,온천1동,소매업,665
2025-12-01,30200530,유성구,온천1동,수리 및 개인 서비스업,445
2025-12-01,30200530,유성구,온천1동,숙박업,89
2025-12-01,30200530,유성구,온천1동,"예술, 스포츠 및 여가관련 서비스업",119
2025-12-01,30200530,유성구,온천1동,음식점업,1092
2025-12-01,30200530,유성구,온천1동,"전문, 과학 및 기술 서비스업",390
2025-12-01,30200540,유성구,온천2동,교육 서비스업,158
2025-12-01,30200540,유성구,온천2동,보건의료업,10
2025-12-01,30200540,유성구,온천2동,부동산업,116
2025-12-01,30200540,유성구,온천2동,"사업시설 관리, 사업 지원 및 임대 서비스업",122
2025-12-01,30200540,유성구,온천2동,소매업,614
2025-12-01,30200540,유성구,온천2동,수리 및 개인 서비스업,309
2025-12-01,30200540,유성구,온천2동,숙박업,18
2025-12-01,30200540,유성구,온천2동,"예술, 스포츠 및 여가관련 서비스업",148
2025-12-01,30200540,유성구,온천2동,음식점업,1078
2025-12-01,30200540,유성구,온천2동,"전문, 과학 및 기술 서비스업",276
2025-12-01,30200546,유성구,노은1동,교육 서비스업,128
2025-12-01,30200546,유성구,노은1동,보건의료업,10
2025-12-01,30200546,유성구,노은1동,부동산업,39
2025-12-01,30200546,유성구,노은1동,"사업시설 관리, 사업 지원 및 임대 서비스업",35
2025-12-01,30200546,유성구,노은1동,소매업,332
2025-12-01,30200546,유성구,노은1동,수리 및 개인 서비스업,172
2025-12-01,30200546,유성구,노은1동,숙박업,2
2025-12-01,30200546,유성구,노은1동,"예술, 스포츠 및 여가관련 서비스업",62
2025-12-01,30200546,유성구,노은1동,음식점업,375
2025-12-01,30200546,유성구,노은1동,"전문, 과학 및 기술 서비스업",100
2025-12-01,30200547,유성구,노은2동,교육 서비스업,79
2025-12-01,30200547,유성구,노은2동,보건의료업,13
2025-12-01,30200547,유성구,노은2동,부동산업,44
2025-12-01,30200547,유성구,노은2동,"사업시설 관리, 사업 지원 및 임대 서비스업",23
2025-12-01,30200547,유성구,노은2동,소매업,169
2025-12-01,30200547,유성구,노은2동,수리 및 개인 서비스업,70
2025-12-01,30200547,유성구,노은2동,숙박업,2
2025-12-01,30200547,유성구,노은2동,"예술, 스포츠 및 여가관련 서비스업",50
2025-12-01,30200547,유성구,노은2동,음식점업,210
2025-12-01,30200547,유성구,노은2동,"전문, 과학 및 기술 서비스업",56
2025-12-01,30200548,유성구,노은3동,교육 서비스업,160
2025-12-01,30200548,유성구,노은3동,보건의료업,20
2025-12-01,30200548,유성구,노은3동,부동산업,51
2025-12-01,30200548,유성구,노은3동,"사업시설 관리, 사업 지원 및 임대 서비스업",22
2025-12-01,30200548,유성구,노은3동,소매업,232
2025-12-01,30200548,유성구,노은3동,수리 및 개인 서비스업,158
2025-12-01,30200548,유성구,노은3동,숙박업,0
2025-12-01,30200548,유성구,노은3동,"예술, 스포츠 및 여가관련 서비스업",57
2025-12-01,30200548,유성구,노은3동,음식점업,345
2025-12-01,30200548,유성구,노은3동,"전문, 과학 및 기술 서비스업",91
2025-12-01,30200550,유성구,신성동,교육 서비스업,78
2025-12-01,30200550,유성구,신성동,보건의료업,9
2025-12-01,30200550,유성구,신성동,부동산업,55
2025-12-01,30200550,유성구,신성동,"사업시설 관리, 사업 지원 및 임대 서비스업",55
2025-12-01,30200550,유성구,신성동,소매업,497
2025-12-01,30200550,유성구,신성동,수리 및 개인 서비스업,123
2025-12-01,30200550,유성구,신성동,숙박업,9
2025-12-01,30200550,유성구,신성동,"예술, 스포츠 및 여가관련 서비스업",78
2025-12-01,30200550,유성구,신성동,음식점업,582
2025-12-01,30200550,유성구,신성동,"전문, 과학 및 기술 서비스업",118
2025-12-01,30200570,유성구,전민동,교육 서비스업,76
2025-12-01,30200570,유성구,전민동,보건의료업,10
2025-12-01,30200570,유성구,전민동,부동산업,32
2025-12-01,30200570,유성구,전민동,"사업시설 관리, 사업 지원 및 임대 서비스업",14
2025-12-01,30200570,유성구,전민동,소매업,412
2025-12-01,30200570,유성구,전민동,수리 및 개인 서비스업,123
2025-12-01,30200570,유성구,전민동,숙박업,2
2025-12-01,30200570,유성구,전민동,"예술, 스포츠 및 여가관련 서비스업",71
2025-12-01,30200570,유성구,전민동,음식점업,424
2025-12-01,30200570,유성구,전민동,"전문, 과학 및 기술 서비스업",66
2025-12-01,30200580,유성구,구즉동,교육 서비스업,55
2025-12-01,30200580,유성구,구즉동,보건의료업,6
2025-12-01,30200580,유성구,구즉동,부동산업,36
2025-12-01,30200580,유성구,구즉동,"사업시설 관리, 사업 지원 및 임대 서비스업",9
2025-12-01,30200580,유성구,구즉동,소매업,202
2025-12-01,30200580,유성구,구즉동,수리 및 개인 서비스업,129
2025-12-01,30200580,유성구,구즉동,숙박업,0
2025-12-01,30200580,유성구,구즉동,"예술, 스포츠 및 여가관련 서비스업",47
2025-12-01,30200580,유성구,구즉동,음식점업,322
2025-12-01,30200580,유성구,구즉동,"전문, 과학 및 기술 서비스업",29
2025-12-01,30200600,유성구,관평동,교육 서비스업,156
2025-12-01,30200600,유성구,관평동,보건의료업,29
2025-12-01,30200600,유성구,관평동,부동산업,63
2025-12-01,30200600,유성구,관평동,"사업시설 관리, 사업 지원 및 임대 서비스업",49
2025-12-01,30200600,유성구,관평동,소매업,453
2025-12-01,30200600,유성구,관평동,수리 및 개인 서비스업,193
2025-12-01,30200600,유성구,관평동,숙박업,5
2025-12-01,30200600,유성구,관평동,"예술, 스포츠 및 여가관련 서비스업",81
2025-12-01,30200600,유성구,관평동,음식점업,625
2025-12-01,30200600,유성구,관평동,"전문, 과학 및 기술 서비스업",180
2025-12-01,30200610,유성구,원신흥동,교육 서비스업,127
2025-12-01,30200610,유성구,원신흥동,보건의료업,27
2025-12-01,30200610,유성구,원신흥동,부동산업,54
2025-12-01,30200610,유성구,원신흥동,"사업시설 관리, 사업 지원 및 임대 서비스업",29
2025-12-01,30200610,유성구,원신흥동,소매업,235
2025-12-01,30200610,유성구,원신흥동,수리 및 개인 서비스업,237
2025-12-01,30200610,유성구,원신흥동,숙박업,0
2025-12-01,30200610,유성구,원신흥동,"예술, 스포츠 및 여가관련 서비스업",19
2025-12-01,30200610,유성구,원신흥동,음식점업,246
2025-12-01,30200610,유성구,원신흥동,"전문, 과학 및 기술 서비스업",73
2025-12-01,30230510,대덕구,오정동,교육 서비스업,48
2025-12-01,30230510,대덕구,오정동,보건의료업,3
2025-12-01,30230510,대덕구,오정동,부동산업,39
2025-12-01,30230510,대덕구,오정동,"사업시설 관리, 사업 지원 및 임대 서비스업",83
2025-12-01,30230510,대덕구,오정동,소매업,311
2025-12-01,30230510,대덕구,오정동,수리 및 개인 서비스업,149
2025-12-01,30230510,대덕구,오정동,숙박업,2
2025-12-01,30230510,대덕구,오정동,"예술, 스포츠 및 여가관련 서비스업",48
2025-12-01,30230510,대덕구,오정동,음식점업,295
2025-12-01,30230510,대덕구,오정동,"전문, 과학 및 기술 서비스업",125
2025-12-01,30230520,대덕구,대화동,교육 서비스업,9
2025-12-01,30230520,대덕구,대화동,보건의료업,0
2025-12-01,30230520,대덕구,대화동,부동산업,12
2025-12-01,30230520,대덕구,대화동,"사업시설 관리, 사업 지원 및 임대 서비스업",49
2025-12-01,30230520,대덕구,대화동,소매업,151
2025-12-01,30230520,대덕구,대화동,수리 및 개인 서비스업,62
2025-12-01,30230520,대덕구,대화동,숙박업,1
2025-12-01,30230520,대덕구,대화동,"예술, 스포츠 및 여가관련 서비스업",4
2025-12-01,30230520,대덕구,대화동,음식점업,85
2025-12-01,30230520,대덕구,대화동,"전문, 과학 및 기술 서비스업",141
2025-12-01,30230525,대덕구,회덕동,교육 서비스업,10
2025-12-01,30230525,대덕구,회덕동,보건의료업,2
2025-12-01,30230525,대덕구,회덕동,부동산업,12
2025-12-01,30230525,대덕구,회덕동,"사업시설 관리, 사업 지원 및 임대 서비스업",24
2025-12-01,30230525,대덕구,회덕동,소매업,137
2025-12-01,30230525,대덕구,회덕동,수리 및 개인 서비스업,104
2025-12-01,30230525,대덕구,회덕동,숙박업,2
2025-12-01,30230525,대덕구,회덕동,"예술, 스포츠 및 여가관련 서비스업",20
2025-12-01,30230525,대덕구,회덕동,음식점업,131
2025-12-01,30230525,대덕구,회덕동,"전문, 과학 및 기술 서비스업",23
2025-12-01,30230533,대덕구,비래동,교육 서비스업,17
2025-12-01,30230533,대덕구,비래동,보건의료업,5
2025-12-01,30230533,대덕구,비래동,부동산업,25
2025-12-01,30230533,대덕구,비래동,"사업시설 관리, 사업 지원 및 임대 서비스업",27
2025-12-01,30230533,대덕구,비래동,소매업,160
2025-12-01,30230533,대덕구,비래동,수리 및 개인 서비스업,110
2025-12-01,30230533,대덕구,비래동,숙박업,0
2025-12-01,30230533,대덕구,비래동,"예술, 스포츠 및 여가관련 서비스업",42
2025-12-01,30230533,대덕구,비래동,음식점업,176
2025-12-01,30230533,대덕구,비래동,"전문, 과학 및 기술 서비스업",31
2025-12-01,30230543,대덕구,송촌동,교육 서비스업,83
2025-12-01,30230543,대덕구,송촌동,보건의료업,6
2025-12-01,30230543,대덕구,송촌동,부동산업,24
2025-12-01,30230543,대덕구,송촌동,"사업시설 관리, 사업 지원 및 임대 서비스업",26
2025-12-01,30230543,대덕구,송촌동,소매업,252
2025-12-01,30230543,대덕구,송촌동,수리 및 개인 서비스업,166
2025-12-01,30230543,대덕구,송촌동,숙박업,2
2025-12-01,30230543,대덕구,송촌동,"예술, 스포츠 및 여가관련 서비스업",92
2025-12-01,30230543,대덕구,송촌동,음식점업,405
2025-12-01,30230543,대덕구,송촌동,"전문, 과학 및 기술 서비스업",65
2025-12-01,30230546,대덕구,중리동,교육 서비스업,40
2025-12-01,30230546,대덕구,중리동,보건의료업,11
2025-12-01,30230546,대덕구,중리동,부동산업,31
2025-12-01,30230546,대덕구,중리동,"사업시설 관리, 사업 지원 및 임대 서비스업",50
2025-12-01,30230546,대덕구,중리동,소매업,458
2025-12-01,30230546,대덕구,중리동,수리 및 개인 서비스업,276
2025-12-01,30230546,대덕구,중리동,숙박업,35
2025-12-01,30230546,대덕구,중리동,"예술, 스포츠 및 여가관련 서비스업",101
2025-12-01,30230546,대덕구,중리동,음식점업,532
2025-12-01,30230546,대덕구,중리동,"전문, 과학 및 기술 서비스업",88
2025-12-01,30230550,대덕구,신탄진동,교육 서비스업,24
2025-12-01,30230550,대덕구,신탄진동,보건의료업,11
2025-12-01,30230550,대덕구,신탄진동,부동산업,25
2025-12-01,30230550,대덕구,신탄진동,"사업시설 관리, 사업 지원 및 임대 서비스업",18
2025-12-01,30230550,대덕구,신탄진동,소매업,181
2025-12-01,30230550,대덕구,신탄진동,수리 및 개인 서비스업,111
2025-12-01,30230550,대덕구,신탄진동,숙박업,33
2025-12-01,30230550,대덕구,신탄진동,"예술, 스포츠 및 여가관련 서비스업",40
2025-12-01,30230550,대덕구,신탄진동,음식점업,363
2025-12-01,30230550,대덕구,신탄진동,"전문, 과학 및 기술 서비스업",27
2025-12-01,30230560,대덕구,석봉동,교육 서비스업,38
2025-12-01,30230560,대덕구,석봉동,보건의료업,8
2025-12-01,30230560,대덕구,석봉동,부동산업,14
2025-12-01,30230560,대덕구,석봉동,"사업시설 관리, 사업 지원 및 임대 서비스업",11
2025-12-01,30230560,대덕구,석봉동,소매업,171
2025-12-01,30230560,대덕구,석봉동,수리 및 개인 서비스업,98
2025-12-01,30230560,대덕구,석봉동,숙박업,0
2025-12-01,30230560,대덕구,석봉동,"예술, 스포츠 및 여가관련 서비스업",34
2025-12-01,30230560,대덕구,석봉동,음식점업,205
2025-12-01,30230560,대덕구,석봉동,"전문, 과학 및 기술 서비스업",18
2025-12-01,30230570,대덕구,덕암동,교육 서비스업,16
2025-12-01,30230570,대덕구,덕암동,보건의료업,1
2025-12-01,30230570,대덕구,덕암동,부동산업,17
2025-12-01,30230570,대덕구,덕암동,"사업시설 관리, 사업 지원 및 임대 서비스업",23
2025-12-01,30230570,대덕구,덕암동,소매업,176
2025-12-01,30230570,대덕구,덕암동,수리 및 개인 서비스업,114
2025-12-01,30230570,대덕구,덕암동,숙박업,5
2025-12-01,30230570,대덕구,덕암동,"예술, 스포츠 및 여가관련 서비스업",25
2025-12-01,30230570,대덕구,덕암동,음식점업,175
2025-12-01,30230570,대덕구,덕암동,"전문, 과학 및 기술 서비스업",33
2025-12-01,30230580,대덕구,목상동,교육 서비스업,4
2025-12-01,30230580,대덕구,목상동,보건의료업,2
2025-12-01,30230580,대덕구,목상동,부동산업,7
2025-12-01,30230580,대덕구,목상동,"사업시설 관리, 사업 지원 및 임대 서비스업",26
2025-12-01,30230580,대덕구,목상동,소매업,92
2025-12-01,30230580,대덕구,목상동,수리 및 개인 서비스업,62
2025-12-01,30230580,대덕구,목상동,숙박업,0
2025-12-01,30230580,대덕구,목상동,"예술, 스포츠 및 여가관련 서비스업",22
2025-12-01,30230580,대덕구,목상동,음식점업,129
2025-12-01,30230580,대덕구,목상동,"전문, 과학 및 기술 서비스업",24
2025-12-01,30230600,대덕구,법1동,교육 서비스업,12
2025-12-01,30230600,대덕구,법1동,보건의료업,12
2025-12-01,30230600,대덕구,법1동,부동산업,12
2025-12-01,30230600,대덕구,법1동,"사업시설 관리, 사업 지원 및 임대 서비스업",5
2025-12-01,30230600,대덕구,법1동,소매업,41
2025-12-01,30230600,대덕구,법1동,수리 및 개인 서비스업,26
2025-12-01,30230600,대덕구,법1동,숙박업,1
2025-12-01,30230600,대덕구,법1동,"예술, 스포츠 및 여가관련 서비스업",8
2025-12-01,30230600,대덕구,법1동,음식점업,42
2025-12-01,30230600,대덕구,법1동,"전문, 과학 및 기술 서비스업",9
2025-12-01,30230610,대덕구,법2동,교육 서비스업,16
2025-12-01,30230610,대덕구,법2동,보건의료업,1
2025-12-01,30230610,대덕구,법2동,부동산업,4
2025-12-01,30230610,대덕구,법2동,"사업시설 관리, 사업 지원 및 임대 서비스업",6
2025-12-01,30230610,대덕구,법2동,소매업,101
2025-12-01,30230610,대덕구,법2동,수리 및 개인 서비스업,48
2025-12-01,30230610,대덕구,법2동,숙박업,0
2025-12-01,30230610,대덕구,법2동,"예술, 스포츠 및 여가관련 서비스업",21
2025-12-01,30230610,대덕구,법2동,음식점업,93
2025-12-01,30230610,대덕구,법2동,"전문, 과학 및 기술 서비스업",14
2026-03-01,30110515,동구,중앙동,교육 서비스업,27
2026-03-01,30110515,동구,중앙동,보건의료업,53
2026-03-01,30110515,동구,중앙동,부동산업,26
2026-03-01,30110515,동구,중앙동,"사업시설 관리, 사업 지원 및 임대 서비스업",41
2026-03-01,30110515,동구,중앙동,소매업,989
2026-03-01,30110515,동구,중앙동,수리 및 개인 서비스업,104
2026-03-01,30110515,동구,중앙동,숙박업,57
2026-03-01,30110515,동구,중앙동,"예술, 스포츠 및 여가관련 서비스업",29
2026-03-01,30110515,동구,중앙동,음식점업,412
2026-03-01,30110515,동구,중앙동,"전문, 과학 및 기술 서비스업",184
2026-03-01,30110530,동구,효동,교육 서비스업,151
2026-03-01,30110530,동구,효동,보건의료업,54
2026-03-01,30110530,동구,효동,부동산업,38
2026-03-01,30110530,동구,효동,"사업시설 관리, 사업 지원 및 임대 서비스업",18
2026-03-01,30110530,동구,효동,소매업,306
2026-03-01,30110530,동구,효동,수리 및 개인 서비스업,147
2026-03-01,30110530,동구,효동,숙박업,1
2026-03-01,30110530,동구,효동,"예술, 스포츠 및 여가관련 서비스업",70
2026-03-01,30110530,동구,효동,음식점업,356
2026-03-01,30110530,동구,효동,"전문, 과학 및 기술 서비스업",38
2026-03-01,30110545,동구,신인동,교육 서비스업,28
2026-03-01,30110545,동구,신인동,보건의료업,9
2026-03-01,30110545,동구,신인동,부동산업,21
2026-03-01,30110545,동구,신인동,"사업시설 관리, 사업 지원 및 임대 서비스업",14
2026-03-01,30110545,동구,신인동,소매업,99
2026-03-01,30110545,동구,신인동,수리 및 개인 서비스업,66
2026-03-01,30110545,동구,신인동,숙박업,4
2026-03-01,30110545,동구,신인동,"예술, 스포츠 및 여가관련 서비스업",19
2026-03-01,30110545,동구,신인동,음식점업,117
2026-03-01,30110545,동구,신인동,"전문, 과학 및 기술 서비스업",23
2026-03-01,30110551,동구,판암1동,교육 서비스업,26
2026-03-01,30110551,동구,판암1동,보건의료업,30
2026-03-01,30110551,동구,판암1동,부동산업,13
2026-03-01,30110551,동구,판암1동,"사업시설 관리, 사업 지원 및 임대 서비스업",12
2026-03-01,30110551,동구,판암1동,소매업,98
2026-03-01,30110551,동구,판암1동,수리 및 개인 서비스업,65
2026-03-01,30110551,동구,판암1동,숙박업,0
2026-03-01,30110551,동구,판암1동,"예술, 스포츠 및 여가관련 서비스업",18
2026-03-01,30110551,동구,판암1동,음식점업,115
2026-03-01,30110551,동구,판암1동,"전문, 과학 및 기술 서비스업",18
2026-03-01,30110552,동구,판암2동,교육 서비스업,2
2026-03-01,30110552,동구,판암2동,보건의료업,5
2026-03-01,30110552,동구,판암2동,부동산업,3
2026-03-01,30110552,동구,판암2동,"사업시설 관리, 사업 지원 및 임대 서비스업",6
2026-03-01,30110552,동구,판암2동,소매업,49
2026-03-01,30110552,동구,판암2동,수리 및 개인 서비스업,23
2026-03-01,30110552,동구,판암2동,숙박업,2
2026-03-01,30110552,동구,판암2동,"예술, 스포츠 및 여가관련 서비스업",6
2026-03-01,30110552,동구,판암2동,음식점업,57
2026-03-01,30110552,동구,판암2동,"전문, 과학 및 기술 서비스업",7
2026-03-01,30110560,동구,용운동,교육 서비스업,61
2026-03-01,30110560,동구,용운동,보건의료업,27
2026-03-01,30110560,동구,용운동,부동산업,25
2026-03-01,30110560,동구,용운동,"사업시설 관리, 사업 지원 및 임대 서비스업",24
2026-03-01,30110560,동구,용운동,소매업,206
2026-03-01,30110560,동구,용운동,수리 및 개인 서비스업,158
2026-03-01,30110560,동구,용운동,숙박업,7
2026-03-01,30110560,동구,용운동,"예술, 스포츠 및 여가관련 서비스업",56
2026-03-01,30110560,동구,용운동,음식점업,272
2026-03-01,30110560,동구,용운동,"전문, 과학 및 기술 서비스업",38
2026-03-01,30110585,동구,대동,교육 서비스업,42
2026-03-01,30110585,동구,대동,보건의료업,37
2026-03-01,30110585,동구,대동,부동산업,31
2026-03-01,30110585,동구,대동,"사업시설 관리, 사업 지원 및 임대 서비스업",30
2026-03-01,30110585,동구,대동,소매업,148
2026-03-01,30110585,동구,대동,수리 및 개인 서비스업,76
2026-03-01,30110585,동구,대동,숙박업,0
2026-03-01,30110585,동구,대동,"예술, 스포츠 및 여가관련 서비스업",24
2026-03-01,30110585,동구,대동,음식점업,176
2026-03-01,30110585,동구,대동,"전문, 과학 및 기술 서비스업",25
2026-03-01,30110590,동구,자양동,교육 서비스업,26
2026-03-01,30110590,동구,자양동,보건의료업,6
2026-03-01,30110590,동구,자양동,부동산업,38
2026-03-01,30110590,동구,자양동,"사업시설 관리, 사업 지원 및 임대 서비스업",29
2026-03-01,30110590,동구,자양동,소매업,129
2026-03-01,30110590,동구,자양동,수리 및 개인 서비스업,105
2026-03-01,30110590,동구,자양동,숙박업,2
2026-03-01,30110590,동구,자양동,"예술, 스포츠 및 여가관련 서비스업",43
2026-03-01,30110590,동구,자양동,음식점업,281
2026-03-01,30110590,동구,자양동,"전문, 과학 및 기술 서비스업",28
2026-03-01,30110620,동구,가양1동,교육 서비스업,24
2026-03-01,30110620,동구,가양1동,보건의료업,7
2026-03-01,30110620,동구,가양1동,부동산업,26
2026-03-01,30110620,동구,가양1동,"사업시설 관리, 사업 지원 및 임대 서비스업",40
2026-03-01,30110620,동구,가양1동,소매업,155
2026-03-01,30110620,동구,가양1동,수리 및 개인 서비스업,97
2026-03-01,30110620,동구,가양1동,숙박업,6
2026-03-01,30110620,동구,가양1동,"예술, 스포츠 및 여가관련 서비스업",15
2026-03-01,30110620,동구,가양1동,음식점업,204
2026-03-01,30110620,동구,가양1동,"전문, 과학 및 기술 서비스업",43
2026-03-01,30110630,동구,가양2동,교육 서비스업,57
2026-03-01,30110630,동구,가양2동,보건의료업,31
2026-03-01,30110630,동구,가양2동,부동산업,25
2026-03-01,30110630,동구,가양2동,"사업시설 관리, 사업 지원 및 임대 서비스업",29
2026-03-01,30110630,동구,가양2동,소매업,248
2026-03-01,30110630,동구,가양2동,수리 및 개인 서비스업,153
2026-03-01,30110630,동구,가양2동,숙박업,5
2026-03-01,30110630,동구,가양2동,"예술, 스포츠 및 여가관련 서비스업",33
2026-03-01,30110630,동구,가양2동,음식점업,273
2026-03-01,30110630,동구,가양2동,"전문, 과학 및 기술 서비스업",44
2026-03-01,30110640,동구,용전동,교육 서비스업,44
2026-03-01,30110640,동구,용전동,보건의료업,33
2026-03-01,30110640,동구,용전동,부동산업,55
2026-03-01,30110640,동구,용전동,"사업시설 관리, 사업 지원 및 임대 서비스업",58
2026-03-01,30110640,동구,용전동,소매업,359
2026-03-01,30110640,동구,용전동,수리 및 개인 서비스업,196
2026-03-01,30110640,동구,용전동,숙박업,70
2026-03-01,30110640,동구,용전동,"예술, 스포츠 및 여가관련 서비스업",56
2026-03-01,30110640,동구,용전동,음식점업,371
2026-03-01,30110640,동구,용전동,"전문, 과학 및 기술 서비스업",98
2026-03-01,30110665,동구,성남동,교육 서비스업,32
2026-03-01,30110665,동구,성남동,보건의료업,29
2026-03-01,30110665,동구,성남동,부동산업,18
2026-03-01,30110665,동구,성남동,"사업시설 관리, 사업 지원 및 임대 서비스업",24
2026-03-01,30110665,동구,성남동,소매업,139
2026-03-01,30110665,동구,성남동,수리 및 개인 서비스업,82
2026-03-01,30110665,동구,성남동,숙박업,3
2026-03-01,30110665,동구,성남동,"예술, 스포츠 및 여가관련 서비스업",19
2026-03-01,30110665,동구,성남동,음식점업,154
2026-03-01,30110665,동구,성남동,"전문, 과학 및 기술 서비스업",30
2026-03-01,30110670,동구,홍도동,교육 서비스업,19
2026-03-01,30110670,동구,홍도동,보건의료업,10
2026-03-01,30110670,동구,홍도동,부동산업,19
2026-03-01,30110670,동구,홍도동,"사업시설 관리, 사업 지원 및 임대 서비스업",31
2026-03-01,30110670,동구,홍도동,소매업,127
2026-03-01,30110670,동구,홍도동,수리 및 개인 서비스업,65
2026-03-01,30110670,동구,홍도동,숙박업,2
2026-03-01,30110670,동구,홍도동,"예술, 스포츠 및 여가관련 서비스업",33
2026-03-01,30110670,동구,홍도동,음식점업,171
2026-03-01,30110670,동구,홍도동,"전문, 과학 및 기술 서비스업",33
2026-03-01,30110695,동구,삼성동,교육 서비스업,30
2026-03-01,30110695,동구,삼성동,보건의료업,12
2026-03-01,30110695,동구,삼성동,부동산업,18
2026-03-01,30110695,동구,삼성동,"사업시설 관리, 사업 지원 및 임대 서비스업",52
2026-03-01,30110695,동구,삼성동,소매업,185
2026-03-01,30110695,동구,삼성동,수리 및 개인 서비스업,89
2026-03-01,30110695,동구,삼성동,숙박업,4
2026-03-01,30110695,동구,삼성동,"예술, 스포츠 및 여가관련 서비스업",19
2026-03-01,30110695,동구,삼성동,음식점업,113
2026-03-01,30110695,동구,삼성동,"전문, 과학 및 기술 서비스업",202
2026-03-01,30110725,동구,대청동,교육 서비스업,5
2026-03-01,30110725,동구,대청동,보건의료업,1
2026-03-01,30110725,동구,대청동,부동산업,2
2026-03-01,30110725,동구,대청동,"사업시설 관리, 사업 지원 및 임대 서비스업",2
2026-03-01,30110725,동구,대청동,소매업,26
2026-03-01,30110725,동구,대청동,수리 및 개인 서비스업,2
2026-03-01,30110725,동구,대청동,숙박업,2
2026-03-01,30110725,동구,대청동,"예술, 스포츠 및 여가관련 서비스업",3
2026-03-01,30110725,동구,대청동,음식점업,79
2026-03-01,30110725,동구,대청동,"전문, 과학 및 기술 서비스업",4
2026-03-01,30110740,동구,산내동,교육 서비스업,41
2026-03-01,30110740,동구,산내동,보건의료업,17
2026-03-01,30110740,동구,산내동,부동산업,21
2026-03-01,30110740,동구,산내동,"사업시설 관리, 사업 지원 및 임대 서비스업",30
2026-03-01,30110740,동구,산내동,소매업,173
2026-03-01,30110740,동구,산내동,수리 및 개인 서비스업,91
2026-03-01,30110740,동구,산내동,숙박업,9
2026-03-01,30110740,동구,산내동,"예술, 스포츠 및 여가관련 서비스업",18
2026-03-01,30110740,동구,산내동,음식점업,180
2026-03-01,30110740,동구,산내동,"전문, 과학 및 기술 서비스업",49
2026-03-01,30140535,중구,은행선화동,교육 서비스업,127
2026-03-01,30140535,중구,은행선화동,보건의료업,50
2026-03-01,30140535,중구,은행선화동,부동산업,63
2026-03-01,30140535,중구,은행선화동,"사업시설 관리, 사업 지원 및 임대 서비스업",108
2026-03-01,30140535,중구,은행선화동,소매업,610
2026-03-01,30140535,중구,은행선화동,수리 및 개인 서비스업,183
2026-03-01,30140535,중구,은행선화동,숙박업,26
2026-03-01,30140535,중구,은행선화동,"예술, 스포츠 및 여가관련 서비스업",80
2026-03-01,30140535,중구,은행선화동,음식점업,558
2026-03-01,30140535,중구,은행선화동,"전문, 과학 및 기술 서비스업",206
2026-03-01,30140550,중구,목동,교육 서비스업,109
2026-03-01,30140550,중구,목동,보건의료업,11
2026-03-01,30140550,중구,목동,부동산업,20
2026-03-01,30140550,중구,목동,"사업시설 관리, 사업 지원 및 임대 서비스업",7
2026-03-01,30140550,중구,목동,소매업,101
2026-03-01,30140550,중구,목동,수리 및 개인 서비스업,62
2026-03-01,30140550,중구,목동,숙박업,0
2026-03-01,30140550,중구,목동,"예술, 스포츠 및 여가관련 서비스업",25
2026-03-01,30140550,중구,목동,음식점업,121
2026-03-01,30140550,중구,목동,"전문, 과학 및 기술 서비스업",25
2026-03-01,30140560,중구,중촌동,교육 서비스업,37
2026-03-01,30140560,중구,중촌동,보건의료업,13
2026-03-01,30140560,중구,중촌동,부동산업,21
2026-03-01,30140560,중구,중촌동,"사업시설 관리, 사업 지원 및 임대 서비스업",41
2026-03-01,30140560,중구,중촌동,소매업,165
2026-03-01,30140560,중구,중촌동,수리 및 개인 서비스업,113
2026-03-01,30140560,중구,중촌동,숙박업,1
2026-03-01,30140560,중구,중촌동,"예술, 스포츠 및 여가관련 서비스업",30
2026-03-01,30140560,중구,중촌동,음식점업,176
2026-03-01,30140560,중구,중촌동,"전문, 과학 및 기술 서비스업",52
2026-03-01,30140575,중구,대흥동,교육 서비스업,94
2026-03-01,30140575,중구,대흥동,보건의료업,30
2026-03-01,30140575,중구,대흥동,부동산업,27
2026-03-01,30140575,중구,대흥동,"사업시설 관리, 사업 지원 및 임대 서비스업",42
2026-03-01,30140575,중구,대흥동,소매업,606
2026-03-01,30140575,중구,대흥동,수리 및 개인 서비스업,142
2026-03-01,30140575,중구,대흥동,숙박업,45
2026-03-01,30140575,중구,대흥동,"예술, 스포츠 및 여가관련 서비스업",51
2026-03-01,30140575,중구,대흥동,음식점업,610
2026-03-01,30140575,중구,대흥동,"전문, 과학 및 기술 서비스업",130
2026-03-01,30140605,중구,문창동,교육 서비스업,10
2026-03-01,30140605,중구,문창동,보건의료업,6
2026-03-01,30140605,중구,문창동,부동산업,5
2026-03-01,30140605,중구,문창동,"사업시설 관리, 사업 지원 및 임대 서비스업",26
2026-03-01,30140605,중구,문창동,소매업,191
2026-03-01,30140605,중구,문창동,수리 및 개인 서비스업,75
2026-03-01,30140605,중구,문창동,숙박업,26
2026-03-01,30140605,중구,문창동,"예술, 스포츠 및 여가관련 서비스업",18
2026-03-01,30140605,중구,문창동,음식점업,151
2026-03-01,30140605,중구,문창동,"전문, 과학 및 기술 서비스업",20
2026-03-01,30140620,중구,석교동,교육 서비스업,18
2026-03-01,30140620,중구,석교동,보건의료업,14
2026-03-01,30140620,중구,석교동,부동산업,16
2026-03-01,30140620,중구,석교동,"사업시설 관리, 사업 지원 및 임대 서비스업",38
2026-03-01,30140620,중구,석교동,소매업,165
2026-03-01,30140620,중구,석교동,수리 및 개인 서비스업,96
2026-03-01,30140620,중구,석교동,숙박업,0
2026-03-01,30140620,중구,석교동,"예술, 스포츠 및 여가관련 서비스업",19
2026-03-01,30140620,중구,석교동,음식점업,128
2026-03-01,30140620,중구,석교동,"전문, 과학 및 기술 서비스업",40
2026-03-01,30140630,중구,대사동,교육 서비스업,23
2026-03-01,30140630,중구,대사동,보건의료업,13
2026-03-01,30140630,중구,대사동,부동산업,12
2026-03-01,30140630,중구,대사동,"사업시설 관리, 사업 지원 및 임대 서비스업",18
2026-03-01,30140630,중구,대사동,소매업,118
2026-03-01,30140630,중구,대사동,수리 및 개인 서비스업,61
2026-03-01,30140630,중구,대사동,숙박업,6
2026-03-01,30140630,중구,대사동,"예술, 스포츠 및 여가관련 서비스업",13
2026-03-01,30140630,중구,대사동,음식점업,172
2026-03-01,30140630,중구,대사동,"전문, 과학 및 기술 서비스업",21
2026-03-01,30140640,중구,부사동,교육 서비스업,15
2026-03-01,30140640,중구,부사동,보건의료업,17
2026-03-01,30140640,중구,부사동,부동산업,12
2026-03-01,30140640,중구,부사동,"사업시설 관리, 사업 지원 및 임대 서비스업",15
2026-03-01,30140640,중구,부사동,소매업,174
2026-03-01,30140640,중구,부사동,수리 및 개인 서비스업,48
2026-03-01,30140640,중구,부사동,숙박업,8
2026-03-01,30140640,중구,부사동,"예술, 스포츠 및 여가관련 서비스업",19
2026-03-01,30140640,중구,부사동,음식점업,157
2026-03-01,30140640,중구,부사동,"전문, 과학 및 기술 서비스업",27
2026-03-01,30140655,중구,용두동,교육 서비스업,45
2026-03-01,30140655,중구,용두동,보건의료업,15
2026-03-01,30140655,중구,용두동,부동산업,26
2026-03-01,30140655,중구,용두동,"사업시설 관리, 사업 지원 및 임대 서비스업",26
2026-03-01,30140655,중구,용두동,소매업,154
2026-03-01,30140655,중구,용두동,수리 및 개인 서비스업,91
2026-03-01,30140655,중구,용두동,숙박업,5
2026-03-01,30140655,중구,용두동,"예술, 스포츠 및 여가관련 서비스업",12
2026-03-01,30140655,중구,용두동,음식점업,124
2026-03-01,30140655,중구,용두동,"전문, 과학 및 기술 서비스업",37
2026-03-01,30140670,중구,오류동,교육 서비스업,40
2026-03-01,30140670,중구,오류동,보건의료업,47
2026-03-01,30140670,중구,오류동,부동산업,22
2026-03-01,30140670,중구,오류동,"사업시설 관리, 사업 지원 및 임대 서비스업",43
2026-03-01,30140670,중구,오류동,소매업,200
2026-03-01,30140670,중구,오류동,수리 및 개인 서비스업,74
2026-03-01,30140670,중구,오류동,숙박업,10
2026-03-01,30140670,중구,오류동,"예술, 스포츠 및 여가관련 서비스업",54
2026-03-01,30140670,중구,오류동,음식점업,329
2026-03-01,30140670,중구,오류동,"전문, 과학 및 기술 서비스업",70
2026-03-01,30140680,중구,태평1동,교육 서비스업,51
2026-03-01,30140680,중구,태평1동,보건의료업,22
2026-03-01,30140680,중구,태평1동,부동산업,15
2026-03-01,30140680,중구,태평1동,"사업시설 관리, 사업 지원 및 임대 서비스업",13
2026-03-01,30140680,중구,태평1동,소매업,181
2026-03-01,30140680,중구,태평1동,수리 및 개인 서비스업,85
2026-03-01,30140680,중구,태평1동,숙박업,1
2026-03-01,30140680,중구,태평1동,"예술, 스포츠 및 여가관련 서비스업",28
2026-03-01,30140680,중구,태평1동,음식점업,170
2026-03-01,30140680,중구,태평1동,"전문, 과학 및 기술 서비스업",17
2026-03-01,30140690,중구,태평2동,교육 서비스업,33
2026-03-01,30140690,중구,태평2동,보건의료업,10
2026-03-01,30140690,중구,태평2동,부동산업,17
2026-03-01,30140690,중구,태평2동,"사업시설 관리, 사업 지원 및 임대 서비스업",16
2026-03-01,30140690,중구,태평2동,소매업,155
2026-03-01,30140690,중구,태평2동,수리 및 개인 서비스업,65
2026-03-01,30140690,중구,태평2동,숙박업,3
2026-03-01,30140690,중구,태평2동,"예술, 스포츠 및 여가관련 서비스업",15
2026-03-01,30140690,중구,태평2동,음식점업,95
2026-03-01,30140690,중구,태평2동,"전문, 과학 및 기술 서비스업",24
2026-03-01,30140700,중구,유천1동,교육 서비스업,60
2026-03-01,30140700,중구,유천1동,보건의료업,16
2026-03-01,30140700,중구,유천1동,부동산업,11
2026-03-01,30140700,중구,유천1동,"사업시설 관리, 사업 지원 및 임대 서비스업",18
2026-03-01,30140700,중구,유천1동,소매업,148
2026-03-01,30140700,중구,유천1동,수리 및 개인 서비스업,76
2026-03-01,30140700,중구,유천1동,숙박업,24
2026-03-01,30140700,중구,유천1동,"예술, 스포츠 및 여가관련 서비스업",51
2026-03-01,30140700,중구,유천1동,음식점업,249
2026-03-01,30140700,중구,유천1동,"전문, 과학 및 기술 서비스업",30
2026-03-01,30140710,중구,유천2동,교육 서비스업,45
2026-03-01,30140710,중구,유천2동,보건의료업,27
2026-03-01,30140710,중구,유천2동,부동산업,23
2026-03-01,30140710,중구,유천2동,"사업시설 관리, 사업 지원 및 임대 서비스업",36
2026-03-01,30140710,중구,유천2동,소매업,165
2026-03-01,30140710,중구,유천2동,수리 및 개인 서비스업,126
2026-03-01,30140710,중구,유천2동,숙박업,1
2026-03-01,30140710,중구,유천2동,"예술, 스포츠 및 여가관련 서비스업",35
2026-03-01,30140710,중구,유천2동,음식점업,201
2026-03-01,30140710,중구,유천2동,"전문, 과학 및 기술 서비스업",44
2026-03-01,30140720,중구,문화1동,교육 서비스업,73
2026-03-01,30140720,중구,문화1동,보건의료업,31
2026-03-01,30140720,중구,문화1동,부동산업,18
2026-03-01,30140720,중구,문화1동,"사업시설 관리, 사업 지원 및 임대 서비스업",29
2026-03-01,30140720,중구,문화1동,소매업,183
2026-03-01,30140720,중구,문화1동,수리 및 개인 서비스업,89
2026-03-01,30140720,중구,문화1동,숙박업,7
2026-03-01,30140720,중구,문화1동,"예술, 스포츠 및 여가관련 서비스업",28
2026-03-01,30140720,중구,문화1동,음식점업,192
2026-03-01,30140720,중구,문화1동,"전문, 과학 및 기술 서비스업",21
2026-03-01,30140730,중구,문화2동,교육 서비스업,28
2026-03-01,30140730,중구,문화2동,보건의료업,13
2026-03-01,30140730,중구,문화2동,부동산업,12
2026-03-01,30140730,중구,문화2동,"사업시설 관리, 사업 지원 및 임대 서비스업",10
2026-03-01,30140730,중구,문화2동,소매업,115
2026-03-01,30140730,중구,문화2동,수리 및 개인 서비스업,78
2026-03-01,30140730,중구,문화2동,숙박업,2
2026-03-01,30140730,중구,문화2동,"예술, 스포츠 및 여가관련 서비스업",15
2026-03-01,30140730,중구,문화2동,음식점업,106
2026-03-01,30140730,중구,문화2동,"전문, 과학 및 기술 서비스업",22
2026-03-01,30140740,중구,산성동,교육 서비스업,35
2026-03-01,30140740,중구,산성동,보건의료업,26
2026-03-01,30140740,중구,산성동,부동산업,42
2026-03-01,30140740,중구,산성동,"사업시설 관리, 사업 지원 및 임대 서비스업",88
2026-03-01,30140740,중구,산성동,소매업,398
2026-03-01,30140740,중구,산성동,수리 및 개인 서비스업,228
2026-03-01,30140740,중구,산성동,숙박업,9
2026-03-01,30140740,중구,산성동,"예술, 스포츠 및 여가관련 서비스업",60
2026-03-01,30140740,중구,산성동,음식점업,315
2026-03-01,30140740,중구,산성동,"전문, 과학 및 기술 서비스업",77
2026-03-01,30170510,서구,복수동,교육 서비스업,92
2026-03-01,30170510,서구,복수동,보건의료업,10
2026-03-01,30170510,서구,복수동,부동산업,23
2026-03-01,30170510,서구,복수동,"사업시설 관리, 사업 지원 및 임대 서비스업",23
2026-03-01,30170510,서구,복수동,소매업,122
2026-03-01,30170510,서구,복수동,수리 및 개인 서비스업,101
2026-03-01,30170510,서구,복수동,숙박업,0
2026-03-01,30170510,서구,복수동,"예술, 스포츠 및 여가관련 서비스업",35
2026-03-01,30170510,서구,복수동,음식점업,203
2026-03-01,30170510,서구,복수동,"전문, 과학 및 기술 서비스업",26
2026-03-01,30170520,서구,도마1동,교육 서비스업,51
2026-03-01,30170520,서구,도마1동,보건의료업,30
2026-03-01,30170520,서구,도마1동,부동산업,53
2026-03-01,30170520,서구,도마1동,"사업시설 관리, 사업 지원 및 임대 서비스업",44
2026-03-01,30170520,서구,도마1동,소매업,466
2026-03-01,30170520,서구,도마1동,수리 및 개인 서비스업,146
2026-03-01,30170520,서구,도마1동,숙박업,5
2026-03-01,30170520,서구,도마1동,"예술, 스포츠 및 여가관련 서비스업",45
2026-03-01,30170520,서구,도마1동,음식점업,351
2026-03-01,30170520,서구,도마1동,"전문, 과학 및 기술 서비스업",52
2026-03-01,30170530,서구,도마2동,교육 서비스업,37
2026-03-01,30170530,서구,도마2동,보건의료업,45
2026-03-01,30170530,서구,도마2동,부동산업,48
2026-03-01,30170530,서구,도마2동,"사업시설 관리, 사업 지원 및 임대 서비스업",35
2026-03-01,30170530,서구,도마2동,소매업,210
2026-03-01,30170530,서구,도마2동,수리 및 개인 서비스업,122
2026-03-01,30170530,서구,도마2동,숙박업,1
2026-03-01,30170530,서구,도마2동,"예술, 스포츠 및 여가관련 서비스업",25
2026-03-01,30170530,서구,도마2동,음식점업,199
2026-03-01,30170530,서구,도마2동,"전문, 과학 및 기술 서비스업",41
2026-03-01,30170535,서구,정림동,교육 서비스업,42
2026-03-01,30170535,서구,정림동,보건의료업,21
2026-03-01,30170535,서구,정림동,부동산업,13
2026-03-01,30170535,서구,정림동,"사업시설 관리, 사업 지원 및 임대 서비스업",10
2026-03-01,30170535,서구,정림동,소매업,174
2026-03-01,30170535,서구,정림동,수리 및 개인 서비스업,96
2026-03-01,30170535,서구,정림동,숙박업,0
2026-03-01,30170535,서구,정림동,"예술, 스포츠 및 여가관련 서비스업",30
2026-03-01,30170535,서구,정림동,음식점업,161
2026-03-01,30170535,서구,정림동,"전문, 과학 및 기술 서비스업",34
2026-03-01,30170540,서구,변동,교육 서비스업,22
2026-03-01,30170540,서구,변동,보건의료업,11
2026-03-01,30170540,서구,변동,부동산업,33
2026-03-01,30170540,서구,변동,"사업시설 관리, 사업 지원 및 임대 서비스업",62
2026-03-01,30170540,서구,변동,소매업,170
2026-03-01,30170540,서구,변동,수리 및 개인 서비스업,108
2026-03-01,30170540,서구,변동,숙박업,1
2026-03-01,30170540,서구,변동,"예술, 스포츠 및 여가관련 서비스업",17
2026-03-01,30170540,서구,변동,음식점업,139
2026-03-01,30170540,서구,변동,"전문, 과학 및 기술 서비스업",93
2026-03-01,30170550,서구,용문동,교육 서비스업,52
2026-03-01,30170550,서구,용문동,보건의료업,21
2026-03-01,30170550,서구,용문동,부동산업,49
2026-03-01,30170550,서구,용문동,"사업시설 관리, 사업 지원 및 임대 서비스업",40
2026-03-01,30170550,서구,용문동,소매업,174
2026-03-01,30170550,서구,용문동,수리 및 개인 서비스업,135
2026-03-01,30170550,서구,용문동,숙박업,15
2026-03-01,30170550,서구,용문동,"예술, 스포츠 및 여가관련 서비스업",26
2026-03-01,30170550,서구,용문동,음식점업,175
2026-03-01,30170550,서구,용문동,"전문, 과학 및 기술 서비스업",59
2026-03-01,30170555,서구,탄방동,교육 서비스업,242
2026-03-01,30170555,서구,탄방동,보건의료업,128
2026-03-01,30170555,서구,탄방동,부동산업,83
2026-03-01,30170555,서구,탄방동,"사업시설 관리, 사업 지원 및 임대 서비스업",124
2026-03-01,30170555,서구,탄방동,소매업,724
2026-03-01,30170555,서구,탄방동,수리 및 개인 서비스업,451
2026-03-01,30170555,서구,탄방동,숙박업,9
2026-03-01,30170555,서구,탄방동,"예술, 스포츠 및 여가관련 서비스업",120
2026-03-01,30170555,서구,탄방동,음식점업,657
2026-03-01,30170555,서구,탄방동,"전문, 과학 및 기술 서비스업",240
2026-03-01,30170560,서구,괴정동,교육 서비스업,82
2026-03-01,30170560,서구,괴정동,보건의료업,39
2026-03-01,30170560,서구,괴정동,부동산업,75
2026-03-01,30170560,서구,괴정동,"사업시설 관리, 사업 지원 및 임대 서비스업",84
2026-03-01,30170560,서구,괴정동,소매업,581
2026-03-01,30170560,서구,괴정동,수리 및 개인 서비스업,327
2026-03-01,30170560,서구,괴정동,숙박업,11
2026-03-01,30170560,서구,괴정동,"예술, 스포츠 및 여가관련 서비스업",81
2026-03-01,30170560,서구,괴정동,음식점업,540
2026-03-01,30170560,서구,괴정동,"전문, 과학 및 기술 서비스업",135
2026-03-01,30170570,서구,가장동,교육 서비스업,26
2026-03-01,30170570,서구,가장동,보건의료업,8
2026-03-01,30170570,서구,가장동,부동산업,13
2026-03-01,30170570,서구,가장동,"사업시설 관리, 사업 지원 및 임대 서비스업",24
2026-03-01,30170570,서구,가장동,소매업,94
2026-03-01,30170570,서구,가장동,수리 및 개인 서비스업,81
2026-03-01,30170570,서구,가장동,숙박업,0
2026-03-01,30170570,서구,가장동,"예술, 스포츠 및 여가관련 서비스업",14
2026-03-01,30170570,서구,가장동,음식점업,80
2026-03-01,30170570,서구,가장동,"전문, 과학 및 기술 서비스업",29
2026-03-01,30170575,서구,내동,교육 서비스업,86
2026-03-01,30170575,서구,내동,보건의료업,18
2026-03-01,30170575,서구,내동,부동산업,25
2026-03-01,30170575,서구,내동,"사업시설 관리, 사업 지원 및 임대 서비스업",26
2026-03-01,30170575,서구,내동,소매업,160
2026-03-01,30170575,서구,내동,수리 및 개인 서비스업,132
2026-03-01,30170575,서구,내동,숙박업,0
2026-03-01,30170575,서구,내동,"예술, 스포츠 및 여가관련 서비스업",19
2026-03-01,30170575,서구,내동,음식점업,131
2026-03-01,30170575,서구,내동,"전문, 과학 및 기술 서비스업",61
2026-03-01,30170581,서구,갈마1동,교육 서비스업,64
2026-03-01,30170581,서구,갈마1동,보건의료업,21
2026-03-01,30170581,서구,갈마1동,부동산업,36
2026-03-01,30170581,서구,갈마1동,"사업시설 관리, 사업 지원 및 임대 서비스업",53
2026-03-01,30170581,서구,갈마1동,소매업,243
2026-03-01,30170581,서구,갈마1동,수리 및 개인 서비스업,213
2026-03-01,30170581,서구,갈마1동,숙박업,12
2026-03-01,30170581,서구,갈마1동,"예술, 스포츠 및 여가관련 서비스업",48
2026-03-01,30170581,서구,갈마1동,음식점업,357
2026-03-01,30170581,서구,갈마1동,"전문, 과학 및 기술 서비스업",115
2026-03-01,30170582,서구,갈마2동,교육 서비스업,89
2026-03-01,30170582,서구,갈마2동,보건의료업,19
2026-03-01,30170582,서구,갈마2동,부동산업,41
2026-03-01,30170582,서구,갈마2동,"사업시설 관리, 사업 지원 및 임대 서비스업",69
2026-03-01,30170582,서구,갈마2동,소매업,247
2026-03-01,30170582,서구,갈마2동,수리 및 개인 서비스업,198
2026-03-01,30170582,서구,갈마2동,숙박업,2
2026-03-01,30170582,서구,갈마2동,"예술, 스포츠 및 여가관련 서비스업",78
2026-03-01,30170582,서구,갈마2동,음식점업,409
2026-03-01,30170582,서구,갈마2동,"전문, 과학 및 기술 서비스업",103
2026-03-01,30170586,서구,월평1동,교육 서비스업,54
2026-03-01,30170586,서구,월평1동,보건의료업,18
2026-03-01,30170586,서구,월평1동,부동산업,51
2026-03-01,30170586,서구,월평1동,"사업시설 관리, 사업 지원 및 임대 서비스업",89
2026-03-01,30170586,서구,월평1동,소매업,253
2026-03-01,30170586,서구,월평1동,수리 및 개인 서비스업,226
2026-03-01,30170586,서구,월평1동,숙박업,14
2026-03-01,30170586,서구,월평1동,"예술, 스포츠 및 여가관련 서비스업",56
2026-03-01,30170586,서구,월평1동,음식점업,388
2026-03-01,30170586,서구,월평1동,"전문, 과학 및 기술 서비스업",115
2026-03-01,30170587,서구,월평2동,교육 서비스업,130
2026-03-01,30170587,서구,월평2동,보건의료업,44
2026-03-01,30170587,서구,월평2동,부동산업,22
2026-03-01,30170587,서구,월평2동,"사업시설 관리, 사업 지원 및 임대 서비스업",39
2026-03-01,30170587,서구,월평2동,소매업,157
2026-03-01,30170587,서구,월평2동,수리 및 개인 서비스업,81
2026-03-01,30170587,서구,월평2동,숙박업,6
2026-03-01,30170587,서구,월평2동,"예술, 스포츠 및 여가관련 서비스업",72
2026-03-01,30170587,서구,월평2동,음식점업,200
2026-03-01,30170587,서구,월평2동,"전문, 과학 및 기술 서비스업",144
2026-03-01,30170588,서구,월평3동,교육 서비스업,33
2026-03-01,30170588,서구,월평3동,보건의료업,4
2026-03-01,30170588,서구,월평3동,부동산업,11
2026-03-01,30170588,서구,월평3동,"사업시설 관리, 사업 지원 및 임대 서비스업",4
2026-03-01,30170588,서구,월평3동,소매업,53
2026-03-01,30170588,서구,월평3동,수리 및 개인 서비스업,26
2026-03-01,30170588,서구,월평3동,숙박업,0
2026-03-01,30170588,서구,월평3동,"예술, 스포츠 및 여가관련 서비스업",3
2026-03-01,30170588,서구,월평3동,음식점업,31
2026-03-01,30170588,서구,월평3동,"전문, 과학 및 기술 서비스업",4
2026-03-01,30170590,서구,가수원동,교육 서비스업,28
2026-03-01,30170590,서구,가수원동,보건의료업,7
2026-03-01,30170590,서구,가수원동,부동산업,19
2026-03-01,30170590,서구,가수원동,"사업시설 관리, 사업 지원 및 임대 서비스업",39
2026-03-01,30170590,서구,가수원동,소매업,118
2026-03-01,30170590,서구,가수원동,수리 및 개인 서비스업,74
2026-03-01,30170590,서구,가수원동,숙박업,1
2026-03-01,30170590,서구,가수원동,"예술, 스포츠 및 여가관련 서비스업",17
2026-03-01,30170590,서구,가수원동,음식점업,119
2026-03-01,30170590,서구,가수원동,"전문, 과학 및 기술 서비스업",20
2026-03-01,30170593,서구,도안동,교육 서비스업,286
2026-03-01,30170593,서구,도안동,보건의료업,42
2026-03-01,30170593,서구,도안동,부동산업,95
2026-03-01,30170593,서구,도안동,"사업시설 관리, 사업 지원 및 임대 서비스업",75
2026-03-01,30170593,서구,도안동,소매업,383
2026-03-01,30170593,서구,도안동,수리 및 개인 서비스업,320
2026-03-01,30170593,서구,도안동,숙박업,2
2026-03-01,30170593,서구,도안동,"예술, 스포츠 및 여가관련 서비스업",105
2026-03-01,30170593,서구,도안동,음식점업,613
2026-03-01,30170593,서구,도안동,"전문, 과학 및 기술 서비스업",193
2026-03-01,30170596,서구,관저1동,교육 서비스업,41
2026-03-01,30170596,서구,관저1동,보건의료업,25
2026-03-01,30170596,서구,관저1동,부동산업,30
2026-03-01,30170596,서구,관저1동,"사업시설 관리, 사업 지원 및 임대 서비스업",13
2026-03-01,30170596,서구,관저1동,소매업,122
2026-03-01,30170596,서구,관저1동,수리 및 개인 서비스업,84
2026-03-01,30170596,서구,관저1동,숙박업,0
2026-03-01,30170596,서구,관저1동,"예술, 스포츠 및 여가관련 서비스업",36
2026-03-01,30170596,서구,관저1동,음식점업,169
2026-03-01,30170596,서구,관저1동,"전문, 과학 및 기술 서비스업",28
2026-03-01,30170597,서구,관저2동,교육 서비스업,244
2026-03-01,30170597,서구,관저2동,보건의료업,70
2026-03-01,30170597,서구,관저2동,부동산업,73
2026-03-01,30170597,서구,관저2동,"사업시설 관리, 사업 지원 및 임대 서비스업",28
2026-03-01,30170597,서구,관저2동,소매업,363
2026-03-01,30170597,서구,관저2동,수리 및 개인 서비스업,271
2026-03-01,30170597,서구,관저2동,숙박업,0
2026-03-01,30170597,서구,관저2동,"예술, 스포츠 및 여가관련 서비스업",124
2026-03-01,30170597,서구,관저2동,음식점업,621
2026-03-01,30170597,서구,관저2동,"전문, 과학 및 기술 서비스업",91
2026-03-01,30170600,서구,기성동,교육 서비스업,6
2026-03-01,30170600,서구,기성동,보건의료업,4
2026-03-01,30170600,서구,기성동,부동산업,4
2026-03-01,30170600,서구,기성동,"사업시설 관리, 사업 지원 및 임대 서비스업",9
2026-03-01,30170600,서구,기성동,소매업,64
2026-03-01,30170600,서구,기성동,수리 및 개인 서비스업,11
2026-03-01,30170600,서구,기성동,숙박업,35
2026-03-01,30170600,서구,기성동,"예술, 스포츠 및 여가관련 서비스업",8
2026-03-01,30170600,서구,기성동,음식점업,49
2026-03-01,30170600,서구,기성동,"전문, 과학 및 기술 서비스업",9
2026-03-01,30170630,서구,둔산1동,교육 서비스업,365
2026-03-01,30170630,서구,둔산1동,보건의료업,109
2026-03-01,30170630,서구,둔산1동,부동산업,87
2026-03-01,30170630,서구,둔산1동,"사업시설 관리, 사업 지원 및 임대 서비스업",67
2026-03-01,30170630,서구,둔산1동,소매업,188
2026-03-01,30170630,서구,둔산1동,수리 및 개인 서비스업,123
2026-03-01,30170630,서구,둔산1동,숙박업,13
2026-03-01,30170630,서구,둔산1동,"예술, 스포츠 및 여가관련 서비스업",81
2026-03-01,30170630,서구,둔산1동,음식점업,420
2026-03-01,30170630,서구,둔산1동,"전문, 과학 및 기술 서비스업",631
2026-03-01,30170640,서구,둔산2동,교육 서비스업,214
2026-03-01,30170640,서구,둔산2동,보건의료업,237
2026-03-01,30170640,서구,둔산2동,부동산업,61
2026-03-01,30170640,서구,둔산2동,"사업시설 관리, 사업 지원 및 임대 서비스업",85
2026-03-01,30170640,서구,둔산2동,소매업,742
2026-03-01,30170640,서구,둔산2동,수리 및 개인 서비스업,243
2026-03-01,30170640,서구,둔산2동,숙박업,22
2026-03-01,30170640,서구,둔산2동,"예술, 스포츠 및 여가관련 서비스업",151
2026-03-01,30170640,서구,둔산2동,음식점업,714
2026-03-01,30170640,서구,둔산2동,"전문, 과학 및 기술 서비스업",456
2026-03-01,30170650,서구,만년동,교육 서비스업,74
2026-03-01,30170650,서구,만년동,보건의료업,15
2026-03-01,30170650,서구,만년동,부동산업,32
2026-03-01,30170650,서구,만년동,"사업시설 관리, 사업 지원 및 임대 서비스업",53
2026-03-01,30170650,서구,만년동,소매업,176
2026-03-01,30170650,서구,만년동,수리 및 개인 서비스업,86
2026-03-01,30170650,서구,만년동,숙박업,4
2026-03-01,30170650,서구,만년동,"예술, 스포츠 및 여가관련 서비스업",25
2026-03-01,30170650,서구,만년동,음식점업,232
2026-03-01,30170650,서구,만년동,"전문, 과학 및 기술 서비스업",136
2026-03-01,30170660,서구,둔산3동,교육 서비스업,87
2026-03-01,30170660,서구,둔산3동,보건의료업,14
2026-03-01,30170660,서구,둔산3동,부동산업,23
2026-03-01,30170660,서구,둔산3동,"사업시설 관리, 사업 지원 및 임대 서비스업",14
2026-03-01,30170660,서구,둔산3동,소매업,218
2026-03-01,30170660,서구,둔산3동,수리 및 개인 서비스업,101
2026-03-01,30170660,서구,둔산3동,숙박업,0
2026-03-01,30170660,서구,둔산3동,"예술, 스포츠 및 여가관련 서비스업",37
2026-03-01,30170660,서구,둔산3동,음식점업,200
2026-03-01,30170660,서구,둔산3동,"전문, 과학 및 기술 서비스업",32
2026-03-01,30200520,유성구,진잠동,교육 서비스업,61
2026-03-01,30200520,유성구,진잠동,보건의료업,9
2026-03-01,30200520,유성구,진잠동,부동산업,60
2026-03-01,30200520,유성구,진잠동,"사업시설 관리, 사업 지원 및 임대 서비스업",67
2026-03-01,30200520,유성구,진잠동,소매업,401
2026-03-01,30200520,유성구,진잠동,수리 및 개인 서비스업,175
2026-03-01,30200520,유성구,진잠동,숙박업,4
2026-03-01,30200520,유성구,진잠동,"예술, 스포츠 및 여가관련 서비스업",57
2026-03-01,30200520,유성구,진잠동,음식점업,297
2026-03-01,30200520,유성구,진잠동,"전문, 과학 및 기술 서비스업",95
2026-03-01,30200526,유성구,학하동,교육 서비스업,53
2026-03-01,30200526,유성구,학하동,보건의료업,8
2026-03-01,30200526,유성구,학하동,부동산업,75
2026-03-01,30200526,유성구,학하동,"사업시설 관리, 사업 지원 및 임대 서비스업",73
2026-03-01,30200526,유성구,학하동,소매업,180
2026-03-01,30200526,유성구,학하동,수리 및 개인 서비스업,139
2026-03-01,30200526,유성구,학하동,숙박업,3
2026-03-01,30200526,유성구,학하동,"예술, 스포츠 및 여가관련 서비스업",42
2026-03-01,30200526,유성구,학하동,음식점업,328
2026-03-01,30200526,유성구,학하동,"전문, 과학 및 기술 서비스업",128
2026-03-01,30200527,유성구,상대동,교육 서비스업,80
2026-03-01,30200527,유성구,상대동,보건의료업,12
2026-03-01,30200527,유성구,상대동,부동산업,65
2026-03-01,30200527,유성구,상대동,"사업시설 관리, 사업 지원 및 임대 서비스업",13
2026-03-01,30200527,유성구,상대동,소매업,102
2026-03-01,30200527,유성구,상대동,수리 및 개인 서비스업,92
2026-03-01,30200527,유성구,상대동,숙박업,1
2026-03-01,30200527,유성구,상대동,"예술, 스포츠 및 여가관련 서비스업",16
2026-03-01,30200527,유성구,상대동,음식점업,168
2026-03-01,30200527,유성구,상대동,"전문, 과학 및 기술 서비스업",88
2026-03-01,30200530,유성구,온천1동,교육 서비스업,103
2026-03-01,30200530,유성구,온천1동,보건의료업,55
2026-03-01,30200530,유성구,온천1동,부동산업,159
2026-03-01,30200530,유성구,온천1동,"사업시설 관리, 사업 지원 및 임대 서비스업",158
2026-03-01,30200530,유성구,온천1동,소매업,659
2026-03-01,30200530,유성구,온천1동,수리 및 개인 서비스업,449
2026-03-01,30200530,유성구,온천1동,숙박업,91
2026-03-01,30200530,유성구,온천1동,"예술, 스포츠 및 여가관련 서비스업",123
2026-03-01,30200530,유성구,온천1동,음식점업,1106
2026-03-01,30200530,유성구,온천1동,"전문, 과학 및 기술 서비스업",385
2026-03-01,30200540,유성구,온천2동,교육 서비스업,159
2026-03-01,30200540,유성구,온천2동,보건의료업,10
2026-03-01,30200540,유성구,온천2동,부동산업,112
2026-03-01,30200540,유성구,온천2동,"사업시설 관리, 사업 지원 및 임대 서비스업",118
2026-03-01,30200540,유성구,온천2동,소매업,590
2026-03-01,30200540,유성구,온천2동,수리 및 개인 서비스업,311
2026-03-01,30200540,유성구,온천2동,숙박업,18
2026-03-01,30200540,유성구,온천2동,"예술, 스포츠 및 여가관련 서비스업",152
2026-03-01,30200540,유성구,온천2동,음식점업,1080
2026-03-01,30200540,유성구,온천2동,"전문, 과학 및 기술 서비스업",271
2026-03-01,30200546,유성구,노은1동,교육 서비스업,125
2026-03-01,30200546,유성구,노은1동,보건의료업,10
2026-03-01,30200546,유성구,노은1동,부동산업,38
2026-03-01,30200546,유성구,노은1동,"사업시설 관리, 사업 지원 및 임대 서비스업",34
2026-03-01,30200546,유성구,노은1동,소매업,336
2026-03-01,30200546,유성구,노은1동,수리 및 개인 서비스업,173
2026-03-01,30200546,유성구,노은1동,숙박업,2
2026-03-01,30200546,유성구,노은1동,"예술, 스포츠 및 여가관련 서비스업",62
2026-03-01,30200546,유성구,노은1동,음식점업,372
2026-03-01,30200546,유성구,노은1동,"전문, 과학 및 기술 서비스업",100
2026-03-01,30200547,유성구,노은2동,교육 서비스업,80
2026-03-01,30200547,유성구,노은2동,보건의료업,13
2026-03-01,30200547,유성구,노은2동,부동산업,44
2026-03-01,30200547,유성구,노은2동,"사업시설 관리, 사업 지원 및 임대 서비스업",23
2026-03-01,30200547,유성구,노은2동,소매업,172
2026-03-01,30200547,유성구,노은2동,수리 및 개인 서비스업,68
2026-03-01,30200547,유성구,노은2동,숙박업,2
2026-03-01,30200547,유성구,노은2동,"예술, 스포츠 및 여가관련 서비스업",53
2026-03-01,30200547,유성구,노은2동,음식점업,210
2026-03-01,30200547,유성구,노은2동,"전문, 과학 및 기술 서비스업",56
2026-03-01,30200548,유성구,노은3동,교육 서비스업,159
2026-03-01,30200548,유성구,노은3동,보건의료업,21
2026-03-01,30200548,유성구,노은3동,부동산업,50
2026-03-01,30200548,유성구,노은3동,"사업시설 관리, 사업 지원 및 임대 서비스업",20
2026-03-01,30200548,유성구,노은3동,소매업,242
2026-03-01,30200548,유성구,노은3동,수리 및 개인 서비스업,157
2026-03-01,30200548,유성구,노은3동,숙박업,0
2026-03-01,30200548,유성구,노은3동,"예술, 스포츠 및 여가관련 서비스업",57
2026-03-01,30200548,유성구,노은3동,음식점업,350
2026-03-01,30200548,유성구,노은3동,"전문, 과학 및 기술 서비스업",87
2026-03-01,30200550,유성구,신성동,교육 서비스업,76
2026-03-01,30200550,유성구,신성동,보건의료업,9
2026-03-01,30200550,유성구,신성동,부동산업,53
2026-03-01,30200550,유성구,신성동,"사업시설 관리, 사업 지원 및 임대 서비스업",53
2026-03-01,30200550,유성구,신성동,소매업,494
2026-03-01,30200550,유성구,신성동,수리 및 개인 서비스업,119
2026-03-01,30200550,유성구,신성동,숙박업,9
2026-03-01,30200550,유성구,신성동,"예술, 스포츠 및 여가관련 서비스업",80
2026-03-01,30200550,유성구,신성동,음식점업,590
2026-03-01,30200550,유성구,신성동,"전문, 과학 및 기술 서비스업",119
2026-03-01,30200570,유성구,전민동,교육 서비스업,77
2026-03-01,30200570,유성구,전민동,보건의료업,11
2026-03-01,30200570,유성구,전민동,부동산업,32
2026-03-01,30200570,유성구,전민동,"사업시설 관리, 사업 지원 및 임대 서비스업",13
2026-03-01,30200570,유성구,전민동,소매업,408
2026-03-01,30200570,유성구,전민동,수리 및 개인 서비스업,122
2026-03-01,30200570,유성구,전민동,숙박업,2
2026-03-01,30200570,유성구,전민동,"예술, 스포츠 및 여가관련 서비스업",72
2026-03-01,30200570,유성구,전민동,음식점업,426
2026-03-01,30200570,유성구,전민동,"전문, 과학 및 기술 서비스업",66
2026-03-01,30200580,유성구,구즉동,교육 서비스업,55
2026-03-01,30200580,유성구,구즉동,보건의료업,6
2026-03-01,30200580,유성구,구즉동,부동산업,33
2026-03-01,30200580,유성구,구즉동,"사업시설 관리, 사업 지원 및 임대 서비스업",8
2026-03-01,30200580,유성구,구즉동,소매업,201
2026-03-01,30200580,유성구,구즉동,수리 및 개인 서비스업,132
2026-03-01,30200580,유성구,구즉동,숙박업,0
2026-03-01,30200580,유성구,구즉동,"예술, 스포츠 및 여가관련 서비스업",52
2026-03-01,30200580,유성구,구즉동,음식점업,336
2026-03-01,30200580,유성구,구즉동,"전문, 과학 및 기술 서비스업",29
2026-03-01,30200600,유성구,관평동,교육 서비스업,158
2026-03-01,30200600,유성구,관평동,보건의료업,29
2026-03-01,30200600,유성구,관평동,부동산업,62
2026-03-01,30200600,유성구,관평동,"사업시설 관리, 사업 지원 및 임대 서비스업",46
2026-03-01,30200600,유성구,관평동,소매업,455
2026-03-01,30200600,유성구,관평동,수리 및 개인 서비스업,196
2026-03-01,30200600,유성구,관평동,숙박업,6
2026-03-01,30200600,유성구,관평동,"예술, 스포츠 및 여가관련 서비스업",80
2026-03-01,30200600,유성구,관평동,음식점업,641
2026-03-01,30200600,유성구,관평동,"전문, 과학 및 기술 서비스업",179
2026-03-01,30200610,유성구,원신흥동,교육 서비스업,132
2026-03-01,30200610,유성구,원신흥동,보건의료업,30
2026-03-01,30200610,유성구,원신흥동,부동산업,54
2026-03-01,30200610,유성구,원신흥동,"사업시설 관리, 사업 지원 및 임대 서비스업",29
2026-03-01,30200610,유성구,원신흥동,소매업,235
2026-03-01,30200610,유성구,원신흥동,수리 및 개인 서비스업,247
2026-03-01,30200610,유성구,원신흥동,숙박업,0
2026-03-01,30200610,유성구,원신흥동,"예술, 스포츠 및 여가관련 서비스업",20
2026-03-01,30200610,유성구,원신흥동,음식점업,246
2026-03-01,30200610,유성구,원신흥동,"전문, 과학 및 기술 서비스업",74
2026-03-01,30230510,대덕구,오정동,교육 서비스업,47
2026-03-01,30230510,대덕구,오정동,보건의료업,3
2026-03-01,30230510,대덕구,오정동,부동산업,38
2026-03-01,30230510,대덕구,오정동,"사업시설 관리, 사업 지원 및 임대 서비스업",81
2026-03-01,30230510,대덕구,오정동,소매업,323
2026-03-01,30230510,대덕구,오정동,수리 및 개인 서비스업,153
2026-03-01,30230510,대덕구,오정동,숙박업,2
2026-03-01,30230510,대덕구,오정동,"예술, 스포츠 및 여가관련 서비스업",47
2026-03-01,30230510,대덕구,오정동,음식점업,301
2026-03-01,30230510,대덕구,오정동,"전문, 과학 및 기술 서비스업",125
2026-03-01,30230520,대덕구,대화동,교육 서비스업,8
2026-03-01,30230520,대덕구,대화동,보건의료업,0
2026-03-01,30230520,대덕구,대화동,부동산업,12
2026-03-01,30230520,대덕구,대화동,"사업시설 관리, 사업 지원 및 임대 서비스업",47
2026-03-01,30230520,대덕구,대화동,소매업,151
2026-03-01,30230520,대덕구,대화동,수리 및 개인 서비스업,66
2026-03-01,30230520,대덕구,대화동,숙박업,1
2026-03-01,30230520,대덕구,대화동,"예술, 스포츠 및 여가관련 서비스업",4
2026-03-01,30230520,대덕구,대화동,음식점업,84
2026-03-01,30230520,대덕구,대화동,"전문, 과학 및 기술 서비스업",141
2026-03-01,30230525,대덕구,회덕동,교육 서비스업,10
2026-03-01,30230525,대덕구,회덕동,보건의료업,2
2026-03-01,30230525,대덕구,회덕동,부동산업,12
2026-03-01,30230525,대덕구,회덕동,"사업시설 관리, 사업 지원 및 임대 서비스업",25
2026-03-01,30230525,대덕구,회덕동,소매업,136
2026-03-01,30230525,대덕구,회덕동,수리 및 개인 서비스업,107
2026-03-01,30230525,대덕구,회덕동,숙박업,2
2026-03-01,30230525,대덕구,회덕동,"예술, 스포츠 및 여가관련 서비스업",20
2026-03-01,30230525,대덕구,회덕동,음식점업,138
2026-03-01,30230525,대덕구,회덕동,"전문, 과학 및 기술 서비스업",24
2026-03-01,30230533,대덕구,비래동,교육 서비스업,17
2026-03-01,30230533,대덕구,비래동,보건의료업,5
2026-03-01,30230533,대덕구,비래동,부동산업,24
2026-03-01,30230533,대덕구,비래동,"사업시설 관리, 사업 지원 및 임대 서비스업",27
2026-03-01,30230533,대덕구,비래동,소매업,164
2026-03-01,30230533,대덕구,비래동,수리 및 개인 서비스업,109
2026-03-01,30230533,대덕구,비래동,숙박업,0
2026-03-01,30230533,대덕구,비래동,"예술, 스포츠 및 여가관련 서비스업",40
2026-03-01,30230533,대덕구,비래동,음식점업,175
2026-03-01,30230533,대덕구,비래동,"전문, 과학 및 기술 서비스업",30
2026-03-01,30230543,대덕구,송촌동,교육 서비스업,86
2026-03-01,30230543,대덕구,송촌동,보건의료업,6
2026-03-01,30230543,대덕구,송촌동,부동산업,23
2026-03-01,30230543,대덕구,송촌동,"사업시설 관리, 사업 지원 및 임대 서비스업",26
2026-03-01,30230543,대덕구,송촌동,소매업,249
2026-03-01,30230543,대덕구,송촌동,수리 및 개인 서비스업,170
2026-03-01,30230543,대덕구,송촌동,숙박업,2
2026-03-01,30230543,대덕구,송촌동,"예술, 스포츠 및 여가관련 서비스업",93
2026-03-01,30230543,대덕구,송촌동,음식점업,412
2026-03-01,30230543,대덕구,송촌동,"전문, 과학 및 기술 서비스업",64
2026-03-01,30230546,대덕구,중리동,교육 서비스업,40
2026-03-01,30230546,대덕구,중리동,보건의료업,11
2026-03-01,30230546,대덕구,중리동,부동산업,31
2026-03-01,30230546,대덕구,중리동,"사업시설 관리, 사업 지원 및 임대 서비스업",47
2026-03-01,30230546,대덕구,중리동,소매업,460
2026-03-01,30230546,대덕구,중리동,수리 및 개인 서비스업,276
2026-03-01,30230546,대덕구,중리동,숙박업,34
2026-03-01,30230546,대덕구,중리동,"예술, 스포츠 및 여가관련 서비스업",104
2026-03-01,30230546,대덕구,중리동,음식점업,543
2026-03-01,30230546,대덕구,중리동,"전문, 과학 및 기술 서비스업",84
2026-03-01,30230550,대덕구,신탄진동,교육 서비스업,26
2026-03-01,30230550,대덕구,신탄진동,보건의료업,11
2026-03-01,30230550,대덕구,신탄진동,부동산업,25
2026-03-01,30230550,대덕구,신탄진동,"사업시설 관리, 사업 지원 및 임대 서비스업",18
2026-03-01,30230550,대덕구,신탄진동,소매업,179
2026-03-01,30230550,대덕구,신탄진동,수리 및 개인 서비스업,113
2026-03-01,30230550,대덕구,신탄진동,숙박업,33
2026-03-01,30230550,대덕구,신탄진동,"예술, 스포츠 및 여가관련 서비스업",40
2026-03-01,30230550,대덕구,신탄진동,음식점업,362
2026-03-01,30230550,대덕구,신탄진동,"전문, 과학 및 기술 서비스업",27
2026-03-01,30230560,대덕구,석봉동,교육 서비스업,37
2026-03-01,30230560,대덕구,석봉동,보건의료업,8
2026-03-01,30230560,대덕구,석봉동,부동산업,14
2026-03-01,30230560,대덕구,석봉동,"사업시설 관리, 사업 지원 및 임대 서비스업",11
2026-03-01,30230560,대덕구,석봉동,소매업,166
2026-03-01,30230560,대덕구,석봉동,수리 및 개인 서비스업,96
2026-03-01,30230560,대덕구,석봉동,숙박업,0
2026-03-01,30230560,대덕구,석봉동,"예술, 스포츠 및 여가관련 서비스업",35
2026-03-01,30230560,대덕구,석봉동,음식점업,203
2026-03-01,30230560,대덕구,석봉동,"전문, 과학 및 기술 서비스업",17
2026-03-01,30230570,대덕구,덕암동,교육 서비스업,16
2026-03-01,30230570,대덕구,덕암동,보건의료업,1
2026-03-01,30230570,대덕구,덕암동,부동산업,17
2026-03-01,30230570,대덕구,덕암동,"사업시설 관리, 사업 지원 및 임대 서비스업",23
2026-03-01,30230570,대덕구,덕암동,소매업,180
2026-03-01,30230570,대덕구,덕암동,수리 및 개인 서비스업,116
2026-03-01,30230570,대덕구,덕암동,숙박업,5
2026-03-01,30230570,대덕구,덕암동,"예술, 스포츠 및 여가관련 서비스업",23
2026-03-01,30230570,대덕구,덕암동,음식점업,173
2026-03-01,30230570,대덕구,덕암동,"전문, 과학 및 기술 서비스업",32
2026-03-01,30230580,대덕구,목상동,교육 서비스업,4
2026-03-01,30230580,대덕구,목상동,보건의료업,2
2026-03-01,30230580,대덕구,목상동,부동산업,7
2026-03-01,30230580,대덕구,목상동,"사업시설 관리, 사업 지원 및 임대 서비스업",25
2026-03-01,30230580,대덕구,목상동,소매업,90
2026-03-01,30230580,대덕구,목상동,수리 및 개인 서비스업,62
2026-03-01,30230580,대덕구,목상동,숙박업,0
2026-03-01,30230580,대덕구,목상동,"예술, 스포츠 및 여가관련 서비스업",26
2026-03-01,30230580,대덕구,목상동,음식점업,134
2026-03-01,30230580,대덕구,목상동,"전문, 과학 및 기술 서비스업",24
2026-03-01,30230600,대덕구,법1동,교육 서비스업,12
2026-03-01,30230600,대덕구,법1동,보건의료업,12
2026-03-01,30230600,대덕구,법1동,부동산업,12
2026-03-01,30230600,대덕구,법1동,"사업시설 관리, 사업 지원 및 임대 서비스업",5
2026-03-01,30230600,대덕구,법1동,소매업,42
2026-03-01,30230600,대덕구,법1동,수리 및 개인 서비스업,27
2026-03-01,30230600,대덕구,법1동,숙박업,1
2026-03-01,30230600,대덕구,법1동,"예술, 스포츠 및 여가관련 서비스업",8
2026-03-01,30230600,대덕구,법1동,음식점업,43
2026-03-01,30230600,대덕구,법1동,"전문, 과학 및 기술 서비스업",9
2026-03-01,30230610,대덕구,법2동,교육 서비스업,16
2026-03-01,30230610,대덕구,법2동,보건의료업,1
2026-03-01,30230610,대덕구,법2동,부동산업,4
2026-03-01,30230610,대덕구,법2동,"사업시설 관리, 사업 지원 및 임대 서비스업",6
2026-03-01,30230610,대덕구,법2동,소매업,102
2026-03-01,30230610,대덕구,법2동,수리 및 개인 서비스업,49
2026-03-01,30230610,대덕구,법2동,숙박업,0
2026-03-01,30230610,대덕구,법2동,"예술, 스포츠 및 여가관련 서비스업",18
2026-03-01,30230610,대덕구,법2동,음식점업,94
2026-03-01,30230610,대덕구,법2동,"전문, 과학 및 기술 서비스업",14
2026-06-01,30110515,동구,중앙동,교육 서비스업,31
2026-06-01,30110515,동구,중앙동,보건의료업,51
2026-06-01,30110515,동구,중앙동,부동산업,25
2026-06-01,30110515,동구,중앙동,"사업시설 관리, 사업 지원 및 임대 서비스업",44
2026-06-01,30110515,동구,중앙동,소매업,972
2026-06-01,30110515,동구,중앙동,수리 및 개인 서비스업,109
2026-06-01,30110515,동구,중앙동,숙박업,59
2026-06-01,30110515,동구,중앙동,"예술, 스포츠 및 여가관련 서비스업",31
2026-06-01,30110515,동구,중앙동,음식점업,411
2026-06-01,30110515,동구,중앙동,"전문, 과학 및 기술 서비스업",187
2026-06-01,30110530,동구,효동,교육 서비스업,143
2026-06-01,30110530,동구,효동,보건의료업,52
2026-06-01,30110530,동구,효동,부동산업,39
2026-06-01,30110530,동구,효동,"사업시설 관리, 사업 지원 및 임대 서비스업",19
2026-06-01,30110530,동구,효동,소매업,305
2026-06-01,30110530,동구,효동,수리 및 개인 서비스업,151
2026-06-01,30110530,동구,효동,숙박업,1
2026-06-01,30110530,동구,효동,"예술, 스포츠 및 여가관련 서비스업",74
2026-06-01,30110530,동구,효동,음식점업,369
2026-06-01,30110530,동구,효동,"전문, 과학 및 기술 서비스업",44
2026-06-01,30110545,동구,신인동,교육 서비스업,29
2026-06-01,30110545,동구,신인동,보건의료업,9
2026-06-01,30110545,동구,신인동,부동산업,22
2026-06-01,30110545,동구,신인동,"사업시설 관리, 사업 지원 및 임대 서비스업",18
2026-06-01,30110545,동구,신인동,소매업,97
2026-06-01,30110545,동구,신인동,수리 및 개인 서비스업,66
2026-06-01,30110545,동구,신인동,숙박업,6
2026-06-01,30110545,동구,신인동,"예술, 스포츠 및 여가관련 서비스업",20
2026-06-01,30110545,동구,신인동,음식점업,120
2026-06-01,30110545,동구,신인동,"전문, 과학 및 기술 서비스업",24
2026-06-01,30110551,동구,판암1동,교육 서비스업,25
2026-06-01,30110551,동구,판암1동,보건의료업,30
2026-06-01,30110551,동구,판암1동,부동산업,13
2026-06-01,30110551,동구,판암1동,"사업시설 관리, 사업 지원 및 임대 서비스업",13
2026-06-01,30110551,동구,판암1동,소매업,102
2026-06-01,30110551,동구,판암1동,수리 및 개인 서비스업,71
2026-06-01,30110551,동구,판암1동,숙박업,1
2026-06-01,30110551,동구,판암1동,"예술, 스포츠 및 여가관련 서비스업",18
2026-06-01,30110551,동구,판암1동,음식점업,114
2026-06-01,30110551,동구,판암1동,"전문, 과학 및 기술 서비스업",12
2026-06-01,30110552,동구,판암2동,교육 서비스업,4
2026-06-01,30110552,동구,판암2동,보건의료업,5
2026-06-01,30110552,동구,판암2동,부동산업,2
2026-06-01,30110552,동구,판암2동,"사업시설 관리, 사업 지원 및 임대 서비스업",8
2026-06-01,30110552,동구,판암2동,소매업,49
2026-06-01,30110552,동구,판암2동,수리 및 개인 서비스업,25
2026-06-01,30110552,동구,판암2동,숙박업,3
2026-06-01,30110552,동구,판암2동,"예술, 스포츠 및 여가관련 서비스업",6
2026-06-01,30110552,동구,판암2동,음식점업,56
2026-06-01,30110552,동구,판암2동,"전문, 과학 및 기술 서비스업",6
2026-06-01,30110560,동구,용운동,교육 서비스업,61
2026-06-01,30110560,동구,용운동,보건의료업,27
2026-06-01,30110560,동구,용운동,부동산업,27
2026-06-01,30110560,동구,용운동,"사업시설 관리, 사업 지원 및 임대 서비스업",32
2026-06-01,30110560,동구,용운동,소매업,203
2026-06-01,30110560,동구,용운동,수리 및 개인 서비스업,156
2026-06-01,30110560,동구,용운동,숙박업,5
2026-06-01,30110560,동구,용운동,"예술, 스포츠 및 여가관련 서비스업",47
2026-06-01,30110560,동구,용운동,음식점업,283
2026-06-01,30110560,동구,용운동,"전문, 과학 및 기술 서비스업",39
2026-06-01,30110585,동구,대동,교육 서비스업,40
2026-06-01,30110585,동구,대동,보건의료업,36
2026-06-01,30110585,동구,대동,부동산업,31
2026-06-01,30110585,동구,대동,"사업시설 관리, 사업 지원 및 임대 서비스업",30
2026-06-01,30110585,동구,대동,소매업,147
2026-06-01,30110585,동구,대동,수리 및 개인 서비스업,79
2026-06-01,30110585,동구,대동,숙박업,0
2026-06-01,30110585,동구,대동,"예술, 스포츠 및 여가관련 서비스업",25
2026-06-01,30110585,동구,대동,음식점업,177
2026-06-01,30110585,동구,대동,"전문, 과학 및 기술 서비스업",27
2026-06-01,30110590,동구,자양동,교육 서비스업,28
2026-06-01,30110590,동구,자양동,보건의료업,6
2026-06-01,30110590,동구,자양동,부동산업,40
2026-06-01,30110590,동구,자양동,"사업시설 관리, 사업 지원 및 임대 서비스업",31
2026-06-01,30110590,동구,자양동,소매업,128
2026-06-01,30110590,동구,자양동,수리 및 개인 서비스업,110
2026-06-01,30110590,동구,자양동,숙박업,3
2026-06-01,30110590,동구,자양동,"예술, 스포츠 및 여가관련 서비스업",43
2026-06-01,30110590,동구,자양동,음식점업,299
2026-06-01,30110590,동구,자양동,"전문, 과학 및 기술 서비스업",28
2026-06-01,30110620,동구,가양1동,교육 서비스업,25
2026-06-01,30110620,동구,가양1동,보건의료업,7
2026-06-01,30110620,동구,가양1동,부동산업,26
2026-06-01,30110620,동구,가양1동,"사업시설 관리, 사업 지원 및 임대 서비스업",48
2026-06-01,30110620,동구,가양1동,소매업,156
2026-06-01,30110620,동구,가양1동,수리 및 개인 서비스업,104
2026-06-01,30110620,동구,가양1동,숙박업,9
2026-06-01,30110620,동구,가양1동,"예술, 스포츠 및 여가관련 서비스업",17
2026-06-01,30110620,동구,가양1동,음식점업,211
2026-06-01,30110620,동구,가양1동,"전문, 과학 및 기술 서비스업",46
2026-06-01,30110630,동구,가양2동,교육 서비스업,56
2026-06-01,30110630,동구,가양2동,보건의료업,29
2026-06-01,30110630,동구,가양2동,부동산업,23
2026-06-01,30110630,동구,가양2동,"사업시설 관리, 사업 지원 및 임대 서비스업",34
2026-06-01,30110630,동구,가양2동,소매업,256
2026-06-01,30110630,동구,가양2동,수리 및 개인 서비스업,157
2026-06-01,30110630,동구,가양2동,숙박업,5
2026-06-01,30110630,동구,가양2동,"예술, 스포츠 및 여가관련 서비스업",33
2026-06-01,30110630,동구,가양2동,음식점업,279
2026-06-01,30110630,동구,가양2동,"전문, 과학 및 기술 서비스업",47
2026-06-01,30110640,동구,용전동,교육 서비스업,44
2026-06-01,30110640,동구,용전동,보건의료업,34
2026-06-01,30110640,동구,용전동,부동산업,56
2026-06-01,30110640,동구,용전동,"사업시설 관리, 사업 지원 및 임대 서비스업",65
2026-06-01,30110640,동구,용전동,소매업,358
2026-06-01,30110640,동구,용전동,수리 및 개인 서비스업,209
2026-06-01,30110640,동구,용전동,숙박업,80
2026-06-01,30110640,동구,용전동,"예술, 스포츠 및 여가관련 서비스업",61
2026-06-01,30110640,동구,용전동,음식점업,383
2026-06-01,30110640,동구,용전동,"전문, 과학 및 기술 서비스업",111
2026-06-01,30110665,동구,성남동,교육 서비스업,34
2026-06-01,30110665,동구,성남동,보건의료업,28
2026-06-01,30110665,동구,성남동,부동산업,17
2026-06-01,30110665,동구,성남동,"사업시설 관리, 사업 지원 및 임대 서비스업",29
2026-06-01,30110665,동구,성남동,소매업,140
2026-06-01,30110665,동구,성남동,수리 및 개인 서비스업,86
2026-06-01,30110665,동구,성남동,숙박업,4
2026-06-01,30110665,동구,성남동,"예술, 스포츠 및 여가관련 서비스업",22
2026-06-01,30110665,동구,성남동,음식점업,157
2026-06-01,30110665,동구,성남동,"전문, 과학 및 기술 서비스업",35
2026-06-01,30110670,동구,홍도동,교육 서비스업,18
2026-06-01,30110670,동구,홍도동,보건의료업,10
2026-06-01,30110670,동구,홍도동,부동산업,19
2026-06-01,30110670,동구,홍도동,"사업시설 관리, 사업 지원 및 임대 서비스업",33
2026-06-01,30110670,동구,홍도동,소매업,123
2026-06-01,30110670,동구,홍도동,수리 및 개인 서비스업,68
2026-06-01,30110670,동구,홍도동,숙박업,3
2026-06-01,30110670,동구,홍도동,"예술, 스포츠 및 여가관련 서비스업",32
2026-06-01,30110670,동구,홍도동,음식점업,176
2026-06-01,30110670,동구,홍도동,"전문, 과학 및 기술 서비스업",38
2026-06-01,30110695,동구,삼성동,교육 서비스업,28
2026-06-01,30110695,동구,삼성동,보건의료업,12
2026-06-01,30110695,동구,삼성동,부동산업,17
2026-06-01,30110695,동구,삼성동,"사업시설 관리, 사업 지원 및 임대 서비스업",60
2026-06-01,30110695,동구,삼성동,소매업,190
2026-06-01,30110695,동구,삼성동,수리 및 개인 서비스업,90
2026-06-01,30110695,동구,삼성동,숙박업,5
2026-06-01,30110695,동구,삼성동,"예술, 스포츠 및 여가관련 서비스업",21
2026-06-01,30110695,동구,삼성동,음식점업,112
2026-06-01,30110695,동구,삼성동,"전문, 과학 및 기술 서비스업",204
2026-06-01,30110725,동구,대청동,교육 서비스업,5
2026-06-01,30110725,동구,대청동,보건의료업,1
2026-06-01,30110725,동구,대청동,부동산업,2
2026-06-01,30110725,동구,대청동,"사업시설 관리, 사업 지원 및 임대 서비스업",2
2026-06-01,30110725,동구,대청동,소매업,28
2026-06-01,30110725,동구,대청동,수리 및 개인 서비스업,2
2026-06-01,30110725,동구,대청동,숙박업,2
2026-06-01,30110725,동구,대청동,"예술, 스포츠 및 여가관련 서비스업",3
2026-06-01,30110725,동구,대청동,음식점업,85
2026-06-01,30110725,동구,대청동,"전문, 과학 및 기술 서비스업",5
2026-06-01,30110740,동구,산내동,교육 서비스업,43
2026-06-01,30110740,동구,산내동,보건의료업,17
2026-06-01,30110740,동구,산내동,부동산업,24
2026-06-01,30110740,동구,산내동,"사업시설 관리, 사업 지원 및 임대 서비스업",34
2026-06-01,30110740,동구,산내동,소매업,162
2026-06-01,30110740,동구,산내동,수리 및 개인 서비스업,94
2026-06-01,30110740,동구,산내동,숙박업,9
2026-06-01,30110740,동구,산내동,"예술, 스포츠 및 여가관련 서비스업",19
2026-06-01,30110740,동구,산내동,음식점업,178
2026-06-01,30110740,동구,산내동,"전문, 과학 및 기술 서비스업",50
2026-06-01,30140535,중구,은행선화동,교육 서비스업,131
2026-06-01,30140535,중구,은행선화동,보건의료업,48
2026-06-01,30140535,중구,은행선화동,부동산업,64
2026-06-01,30140535,중구,은행선화동,"사업시설 관리, 사업 지원 및 임대 서비스업",113
2026-06-01,30140535,중구,은행선화동,소매업,612
2026-06-01,30140535,중구,은행선화동,수리 및 개인 서비스업,198
2026-06-01,30140535,중구,은행선화동,숙박업,45
2026-06-01,30140535,중구,은행선화동,"예술, 스포츠 및 여가관련 서비스업",92
2026-06-01,30140535,중구,은행선화동,음식점업,575
2026-06-01,30140535,중구,은행선화동,"전문, 과학 및 기술 서비스업",223
2026-06-01,30140550,중구,목동,교육 서비스업,106
2026-06-01,30140550,중구,목동,보건의료업,11
2026-06-01,30140550,중구,목동,부동산업,20
2026-06-01,30140550,중구,목동,"사업시설 관리, 사업 지원 및 임대 서비스업",7
2026-06-01,30140550,중구,목동,소매업,105
2026-06-01,30140550,중구,목동,수리 및 개인 서비스업,61
2026-06-01,30140550,중구,목동,숙박업,0
2026-06-01,30140550,중구,목동,"예술, 스포츠 및 여가관련 서비스업",23
2026-06-01,30140550,중구,목동,음식점업,117
2026-06-01,30140550,중구,목동,"전문, 과학 및 기술 서비스업",23
2026-06-01,30140560,중구,중촌동,교육 서비스업,35
2026-06-01,30140560,중구,중촌동,보건의료업,13
2026-06-01,30140560,중구,중촌동,부동산업,20
2026-06-01,30140560,중구,중촌동,"사업시설 관리, 사업 지원 및 임대 서비스업",41
2026-06-01,30140560,중구,중촌동,소매업,164
2026-06-01,30140560,중구,중촌동,수리 및 개인 서비스업,120
2026-06-01,30140560,중구,중촌동,숙박업,2
2026-06-01,30140560,중구,중촌동,"예술, 스포츠 및 여가관련 서비스업",31
2026-06-01,30140560,중구,중촌동,음식점업,183
2026-06-01,30140560,중구,중촌동,"전문, 과학 및 기술 서비스업",58
2026-06-01,30140575,중구,대흥동,교육 서비스업,91
2026-06-01,30140575,중구,대흥동,보건의료업,28
2026-06-01,30140575,중구,대흥동,부동산업,24
2026-06-01,30140575,중구,대흥동,"사업시설 관리, 사업 지원 및 임대 서비스업",44
2026-06-01,30140575,중구,대흥동,소매업,624
2026-06-01,30140575,중구,대흥동,수리 및 개인 서비스업,147
2026-06-01,30140575,중구,대흥동,숙박업,65
2026-06-01,30140575,중구,대흥동,"예술, 스포츠 및 여가관련 서비스업",51
2026-06-01,30140575,중구,대흥동,음식점업,643
2026-06-01,30140575,중구,대흥동,"전문, 과학 및 기술 서비스업",136
2026-06-01,30140605,중구,문창동,교육 서비스업,10
2026-06-01,30140605,중구,문창동,보건의료업,6
2026-06-01,30140605,중구,문창동,부동산업,5
2026-06-01,30140605,중구,문창동,"사업시설 관리, 사업 지원 및 임대 서비스업",25
2026-06-01,30140605,중구,문창동,소매업,189
2026-06-01,30140605,중구,문창동,수리 및 개인 서비스업,75
2026-06-01,30140605,중구,문창동,숙박업,32
2026-06-01,30140605,중구,문창동,"예술, 스포츠 및 여가관련 서비스업",18
2026-06-01,30140605,중구,문창동,음식점업,158
2026-06-01,30140605,중구,문창동,"전문, 과학 및 기술 서비스업",20
2026-06-01,30140620,중구,석교동,교육 서비스업,16
2026-06-01,30140620,중구,석교동,보건의료업,13
2026-06-01,30140620,중구,석교동,부동산업,15
2026-06-01,30140620,중구,석교동,"사업시설 관리, 사업 지원 및 임대 서비스업",40
2026-06-01,30140620,중구,석교동,소매업,166
2026-06-01,30140620,중구,석교동,수리 및 개인 서비스업,102
2026-06-01,30140620,중구,석교동,숙박업,2
2026-06-01,30140620,중구,석교동,"예술, 스포츠 및 여가관련 서비스업",23
2026-06-01,30140620,중구,석교동,음식점업,131
2026-06-01,30140620,중구,석교동,"전문, 과학 및 기술 서비스업",41
2026-06-01,30140630,중구,대사동,교육 서비스업,23
2026-06-01,30140630,중구,대사동,보건의료업,13
2026-06-01,30140630,중구,대사동,부동산업,11
2026-06-01,30140630,중구,대사동,"사업시설 관리, 사업 지원 및 임대 서비스업",18
2026-06-01,30140630,중구,대사동,소매업,121
2026-06-01,30140630,중구,대사동,수리 및 개인 서비스업,64
2026-06-01,30140630,중구,대사동,숙박업,11
2026-06-01,30140630,중구,대사동,"예술, 스포츠 및 여가관련 서비스업",13
2026-06-01,30140630,중구,대사동,음식점업,181
2026-06-01,30140630,중구,대사동,"전문, 과학 및 기술 서비스업",21
2026-06-01,30140640,중구,부사동,교육 서비스업,14
2026-06-01,30140640,중구,부사동,보건의료업,17
2026-06-01,30140640,중구,부사동,부동산업,12
2026-06-01,30140640,중구,부사동,"사업시설 관리, 사업 지원 및 임대 서비스업",16
2026-06-01,30140640,중구,부사동,소매업,173
2026-06-01,30140640,중구,부사동,수리 및 개인 서비스업,52
2026-06-01,30140640,중구,부사동,숙박업,18
2026-06-01,30140640,중구,부사동,"예술, 스포츠 및 여가관련 서비스업",20
2026-06-01,30140640,중구,부사동,음식점업,166
2026-06-01,30140640,중구,부사동,"전문, 과학 및 기술 서비스업",33
2026-06-01,30140655,중구,용두동,교육 서비스업,42
2026-06-01,30140655,중구,용두동,보건의료업,15
2026-06-01,30140655,중구,용두동,부동산업,25
2026-06-01,30140655,중구,용두동,"사업시설 관리, 사업 지원 및 임대 서비스업",31
2026-06-01,30140655,중구,용두동,소매업,158
2026-06-01,30140655,중구,용두동,수리 및 개인 서비스업,94
2026-06-01,30140655,중구,용두동,숙박업,7
2026-06-01,30140655,중구,용두동,"예술, 스포츠 및 여가관련 서비스업",11
2026-06-01,30140655,중구,용두동,음식점업,126
2026-06-01,30140655,중구,용두동,"전문, 과학 및 기술 서비스업",39
2026-06-01,30140670,중구,오류동,교육 서비스업,42
2026-06-01,30140670,중구,오류동,보건의료업,47
2026-06-01,30140670,중구,오류동,부동산업,22
2026-06-01,30140670,중구,오류동,"사업시설 관리, 사업 지원 및 임대 서비스업",44
2026-06-01,30140670,중구,오류동,소매업,194
2026-06-01,30140670,중구,오류동,수리 및 개인 서비스업,82
2026-06-01,30140670,중구,오류동,숙박업,10
2026-06-01,30140670,중구,오류동,"예술, 스포츠 및 여가관련 서비스업",55
2026-06-01,30140670,중구,오류동,음식점업,345
2026-06-01,30140670,중구,오류동,"전문, 과학 및 기술 서비스업",75
2026-06-01,30140680,중구,태평1동,교육 서비스업,50
2026-06-01,30140680,중구,태평1동,보건의료업,22
2026-06-01,30140680,중구,태평1동,부동산업,14
2026-06-01,30140680,중구,태평1동,"사업시설 관리, 사업 지원 및 임대 서비스업",13
2026-06-01,30140680,중구,태평1동,소매업,180
2026-06-01,30140680,중구,태평1동,수리 및 개인 서비스업,87
2026-06-01,30140680,중구,태평1동,숙박업,2
2026-06-01,30140680,중구,태평1동,"예술, 스포츠 및 여가관련 서비스업",28
2026-06-01,30140680,중구,태평1동,음식점업,167
2026-06-01,30140680,중구,태평1동,"전문, 과학 및 기술 서비스업",16
2026-06-01,30140690,중구,태평2동,교육 서비스업,33
2026-06-01,30140690,중구,태평2동,보건의료업,10
2026-06-01,30140690,중구,태평2동,부동산업,18
2026-06-01,30140690,중구,태평2동,"사업시설 관리, 사업 지원 및 임대 서비스업",18
2026-06-01,30140690,중구,태평2동,소매업,151
2026-06-01,30140690,중구,태평2동,수리 및 개인 서비스업,66
2026-06-01,30140690,중구,태평2동,숙박업,3
2026-06-01,30140690,중구,태평2동,"예술, 스포츠 및 여가관련 서비스업",16
2026-06-01,30140690,중구,태평2동,음식점업,102
2026-06-01,30140690,중구,태평2동,"전문, 과학 및 기술 서비스업",23
2026-06-01,30140700,중구,유천1동,교육 서비스업,61
2026-06-01,30140700,중구,유천1동,보건의료업,17
2026-06-01,30140700,중구,유천1동,부동산업,11
2026-06-01,30140700,중구,유천1동,"사업시설 관리, 사업 지원 및 임대 서비스업",20
2026-06-01,30140700,중구,유천1동,소매업,144
2026-06-01,30140700,중구,유천1동,수리 및 개인 서비스업,82
2026-06-01,30140700,중구,유천1동,숙박업,31
2026-06-01,30140700,중구,유천1동,"예술, 스포츠 및 여가관련 서비스업",52
2026-06-01,30140700,중구,유천1동,음식점업,259
2026-06-01,30140700,중구,유천1동,"전문, 과학 및 기술 서비스업",31
2026-06-01,30140710,중구,유천2동,교육 서비스업,40
2026-06-01,30140710,중구,유천2동,보건의료업,27
2026-06-01,30140710,중구,유천2동,부동산업,22
2026-06-01,30140710,중구,유천2동,"사업시설 관리, 사업 지원 및 임대 서비스업",38
2026-06-01,30140710,중구,유천2동,소매업,169
2026-06-01,30140710,중구,유천2동,수리 및 개인 서비스업,125
2026-06-01,30140710,중구,유천2동,숙박업,4
2026-06-01,30140710,중구,유천2동,"예술, 스포츠 및 여가관련 서비스업",37
2026-06-01,30140710,중구,유천2동,음식점업,200
2026-06-01,30140710,중구,유천2동,"전문, 과학 및 기술 서비스업",43
2026-06-01,30140720,중구,문화1동,교육 서비스업,74
2026-06-01,30140720,중구,문화1동,보건의료업,31
2026-06-01,30140720,중구,문화1동,부동산업,20
2026-06-01,30140720,중구,문화1동,"사업시설 관리, 사업 지원 및 임대 서비스업",31
2026-06-01,30140720,중구,문화1동,소매업,190
2026-06-01,30140720,중구,문화1동,수리 및 개인 서비스업,93
2026-06-01,30140720,중구,문화1동,숙박업,8
2026-06-01,30140720,중구,문화1동,"예술, 스포츠 및 여가관련 서비스업",27
2026-06-01,30140720,중구,문화1동,음식점업,199
2026-06-01,30140720,중구,문화1동,"전문, 과학 및 기술 서비스업",26
2026-06-01,30140730,중구,문화2동,교육 서비스업,28
2026-06-01,30140730,중구,문화2동,보건의료업,13
2026-06-01,30140730,중구,문화2동,부동산업,13
2026-06-01,30140730,중구,문화2동,"사업시설 관리, 사업 지원 및 임대 서비스업",11
2026-06-01,30140730,중구,문화2동,소매업,116
2026-06-01,30140730,중구,문화2동,수리 및 개인 서비스업,84
2026-06-01,30140730,중구,문화2동,숙박업,2
2026-06-01,30140730,중구,문화2동,"예술, 스포츠 및 여가관련 서비스업",16
2026-06-01,30140730,중구,문화2동,음식점업,112
2026-06-01,30140730,중구,문화2동,"전문, 과학 및 기술 서비스업",24
2026-06-01,30140740,중구,산성동,교육 서비스업,34
2026-06-01,30140740,중구,산성동,보건의료업,27
2026-06-01,30140740,중구,산성동,부동산업,41
2026-06-01,30140740,중구,산성동,"사업시설 관리, 사업 지원 및 임대 서비스업",93
2026-06-01,30140740,중구,산성동,소매업,388
2026-06-01,30140740,중구,산성동,수리 및 개인 서비스업,230
2026-06-01,30140740,중구,산성동,숙박업,13
2026-06-01,30140740,중구,산성동,"예술, 스포츠 및 여가관련 서비스업",59
2026-06-01,30140740,중구,산성동,음식점업,323
2026-06-01,30140740,중구,산성동,"전문, 과학 및 기술 서비스업",83
2026-06-01,30170510,서구,복수동,교육 서비스업,88
2026-06-01,30170510,서구,복수동,보건의료업,10
2026-06-01,30170510,서구,복수동,부동산업,24
2026-06-01,30170510,서구,복수동,"사업시설 관리, 사업 지원 및 임대 서비스업",24
2026-06-01,30170510,서구,복수동,소매업,125
2026-06-01,30170510,서구,복수동,수리 및 개인 서비스업,101
2026-06-01,30170510,서구,복수동,숙박업,0
2026-06-01,30170510,서구,복수동,"예술, 스포츠 및 여가관련 서비스업",41
2026-06-01,30170510,서구,복수동,음식점업,193
2026-06-01,30170510,서구,복수동,"전문, 과학 및 기술 서비스업",28
2026-06-01,30170520,서구,도마1동,교육 서비스업,50
2026-06-01,30170520,서구,도마1동,보건의료업,28
2026-06-01,30170520,서구,도마1동,부동산업,58
2026-06-01,30170520,서구,도마1동,"사업시설 관리, 사업 지원 및 임대 서비스업",47
2026-06-01,30170520,서구,도마1동,소매업,462
2026-06-01,30170520,서구,도마1동,수리 및 개인 서비스업,146
2026-06-01,30170520,서구,도마1동,숙박업,6
2026-06-01,30170520,서구,도마1동,"예술, 스포츠 및 여가관련 서비스업",45
2026-06-01,30170520,서구,도마1동,음식점업,358
2026-06-01,30170520,서구,도마1동,"전문, 과학 및 기술 서비스업",57
2026-06-01,30170530,서구,도마2동,교육 서비스업,39
2026-06-01,30170530,서구,도마2동,보건의료업,45
2026-06-01,30170530,서구,도마2동,부동산업,51
2026-06-01,30170530,서구,도마2동,"사업시설 관리, 사업 지원 및 임대 서비스업",39
2026-06-01,30170530,서구,도마2동,소매업,215
2026-06-01,30170530,서구,도마2동,수리 및 개인 서비스업,128
2026-06-01,30170530,서구,도마2동,숙박업,1
2026-06-01,30170530,서구,도마2동,"예술, 스포츠 및 여가관련 서비스업",28
2026-06-01,30170530,서구,도마2동,음식점업,205
2026-06-01,30170530,서구,도마2동,"전문, 과학 및 기술 서비스업",42
2026-06-01,30170535,서구,정림동,교육 서비스업,46
2026-06-01,30170535,서구,정림동,보건의료업,21
2026-06-01,30170535,서구,정림동,부동산업,14
2026-06-01,30170535,서구,정림동,"사업시설 관리, 사업 지원 및 임대 서비스업",15
2026-06-01,30170535,서구,정림동,소매업,173
2026-06-01,30170535,서구,정림동,수리 및 개인 서비스업,98
2026-06-01,30170535,서구,정림동,숙박업,0
2026-06-01,30170535,서구,정림동,"예술, 스포츠 및 여가관련 서비스업",32
2026-06-01,30170535,서구,정림동,음식점업,158
2026-06-01,30170535,서구,정림동,"전문, 과학 및 기술 서비스업",39
2026-06-01,30170540,서구,변동,교육 서비스업,23
2026-06-01,30170540,서구,변동,보건의료업,11
2026-06-01,30170540,서구,변동,부동산업,34
2026-06-01,30170540,서구,변동,"사업시설 관리, 사업 지원 및 임대 서비스업",73
2026-06-01,30170540,서구,변동,소매업,175
2026-06-01,30170540,서구,변동,수리 및 개인 서비스업,113
2026-06-01,30170540,서구,변동,숙박업,2
2026-06-01,30170540,서구,변동,"예술, 스포츠 및 여가관련 서비스업",17
2026-06-01,30170540,서구,변동,음식점업,137
2026-06-01,30170540,서구,변동,"전문, 과학 및 기술 서비스업",100
2026-06-01,30170550,서구,용문동,교육 서비스업,46
2026-06-01,30170550,서구,용문동,보건의료업,23
2026-06-01,30170550,서구,용문동,부동산업,53
2026-06-01,30170550,서구,용문동,"사업시설 관리, 사업 지원 및 임대 서비스업",47
2026-06-01,30170550,서구,용문동,소매업,176
2026-06-01,30170550,서구,용문동,수리 및 개인 서비스업,150
2026-06-01,30170550,서구,용문동,숙박업,28
2026-06-01,30170550,서구,용문동,"예술, 스포츠 및 여가관련 서비스업",33
2026-06-01,30170550,서구,용문동,음식점업,180
2026-06-01,30170550,서구,용문동,"전문, 과학 및 기술 서비스업",68
2026-06-01,30170555,서구,탄방동,교육 서비스업,234
2026-06-01,30170555,서구,탄방동,보건의료업,124
2026-06-01,30170555,서구,탄방동,부동산업,83
2026-06-01,30170555,서구,탄방동,"사업시설 관리, 사업 지원 및 임대 서비스업",139
2026-06-01,30170555,서구,탄방동,소매업,735
2026-06-01,30170555,서구,탄방동,수리 및 개인 서비스업,449
2026-06-01,30170555,서구,탄방동,숙박업,21
2026-06-01,30170555,서구,탄방동,"예술, 스포츠 및 여가관련 서비스업",121
2026-06-01,30170555,서구,탄방동,음식점업,699
2026-06-01,30170555,서구,탄방동,"전문, 과학 및 기술 서비스업",252
2026-06-01,30170560,서구,괴정동,교육 서비스업,85
2026-06-01,30170560,서구,괴정동,보건의료업,38
2026-06-01,30170560,서구,괴정동,부동산업,79
2026-06-01,30170560,서구,괴정동,"사업시설 관리, 사업 지원 및 임대 서비스업",100
2026-06-01,30170560,서구,괴정동,소매업,600
2026-06-01,30170560,서구,괴정동,수리 및 개인 서비스업,326
2026-06-01,30170560,서구,괴정동,숙박업,24
2026-06-01,30170560,서구,괴정동,"예술, 스포츠 및 여가관련 서비스업",87
2026-06-01,30170560,서구,괴정동,음식점업,554
2026-06-01,30170560,서구,괴정동,"전문, 과학 및 기술 서비스업",148
2026-06-01,30170570,서구,가장동,교육 서비스업,26
2026-06-01,30170570,서구,가장동,보건의료업,8
2026-06-01,30170570,서구,가장동,부동산업,12
2026-06-01,30170570,서구,가장동,"사업시설 관리, 사업 지원 및 임대 서비스업",28
2026-06-01,30170570,서구,가장동,소매업,99
2026-06-01,30170570,서구,가장동,수리 및 개인 서비스업,87
2026-06-01,30170570,서구,가장동,숙박업,4
2026-06-01,30170570,서구,가장동,"예술, 스포츠 및 여가관련 서비스업",15
2026-06-01,30170570,서구,가장동,음식점업,81
2026-06-01,30170570,서구,가장동,"전문, 과학 및 기술 서비스업",31
2026-06-01,30170575,서구,내동,교육 서비스업,85
2026-06-01,30170575,서구,내동,보건의료업,18
2026-06-01,30170575,서구,내동,부동산업,26
2026-06-01,30170575,서구,내동,"사업시설 관리, 사업 지원 및 임대 서비스업",30
2026-06-01,30170575,서구,내동,소매업,166
2026-06-01,30170575,서구,내동,수리 및 개인 서비스업,135
2026-06-01,30170575,서구,내동,숙박업,3
2026-06-01,30170575,서구,내동,"예술, 스포츠 및 여가관련 서비스업",20
2026-06-01,30170575,서구,내동,음식점업,132
2026-06-01,30170575,서구,내동,"전문, 과학 및 기술 서비스업",64
2026-06-01,30170581,서구,갈마1동,교육 서비스업,62
2026-06-01,30170581,서구,갈마1동,보건의료업,20
2026-06-01,30170581,서구,갈마1동,부동산업,36
2026-06-01,30170581,서구,갈마1동,"사업시설 관리, 사업 지원 및 임대 서비스업",68
2026-06-01,30170581,서구,갈마1동,소매업,234
2026-06-01,30170581,서구,갈마1동,수리 및 개인 서비스업,222
2026-06-01,30170581,서구,갈마1동,숙박업,12
2026-06-01,30170581,서구,갈마1동,"예술, 스포츠 및 여가관련 서비스업",47
2026-06-01,30170581,서구,갈마1동,음식점업,368
2026-06-01,30170581,서구,갈마1동,"전문, 과학 및 기술 서비스업",129
2026-06-01,30170582,서구,갈마2동,교육 서비스업,84
2026-06-01,30170582,서구,갈마2동,보건의료업,19
2026-06-01,30170582,서구,갈마2동,부동산업,40
2026-06-01,30170582,서구,갈마2동,"사업시설 관리, 사업 지원 및 임대 서비스업",77
2026-06-01,30170582,서구,갈마2동,소매업,245
2026-06-01,30170582,서구,갈마2동,수리 및 개인 서비스업,206
2026-06-01,30170582,서구,갈마2동,숙박업,6
2026-06-01,30170582,서구,갈마2동,"예술, 스포츠 및 여가관련 서비스업",77
2026-06-01,30170582,서구,갈마2동,음식점업,435
2026-06-01,30170582,서구,갈마2동,"전문, 과학 및 기술 서비스업",115
2026-06-01,30170586,서구,월평1동,교육 서비스업,52
2026-06-01,30170586,서구,월평1동,보건의료업,18
2026-06-01,30170586,서구,월평1동,부동산업,49
2026-06-01,30170586,서구,월평1동,"사업시설 관리, 사업 지원 및 임대 서비스업",95
2026-06-01,30170586,서구,월평1동,소매업,248
2026-06-01,30170586,서구,월평1동,수리 및 개인 서비스업,235
2026-06-01,30170586,서구,월평1동,숙박업,16
2026-06-01,30170586,서구,월평1동,"예술, 스포츠 및 여가관련 서비스업",64
2026-06-01,30170586,서구,월평1동,음식점업,405
2026-06-01,30170586,서구,월평1동,"전문, 과학 및 기술 서비스업",121
2026-06-01,30170587,서구,월평2동,교육 서비스업,123
2026-06-01,30170587,서구,월평2동,보건의료업,44
2026-06-01,30170587,서구,월평2동,부동산업,21
2026-06-01,30170587,서구,월평2동,"사업시설 관리, 사업 지원 및 임대 서비스업",48
2026-06-01,30170587,서구,월평2동,소매업,157
2026-06-01,30170587,서구,월평2동,수리 및 개인 서비스업,83
2026-06-01,30170587,서구,월평2동,숙박업,7
2026-06-01,30170587,서구,월평2동,"예술, 스포츠 및 여가관련 서비스업",75
2026-06-01,30170587,서구,월평2동,음식점업,204
2026-06-01,30170587,서구,월평2동,"전문, 과학 및 기술 서비스업",174
2026-06-01,30170588,서구,월평3동,교육 서비스업,32
2026-06-01,30170588,서구,월평3동,보건의료업,4
2026-06-01,30170588,서구,월평3동,부동산업,11
2026-06-01,30170588,서구,월평3동,"사업시설 관리, 사업 지원 및 임대 서비스업",5
2026-06-01,30170588,서구,월평3동,소매업,61
2026-06-01,30170588,서구,월평3동,수리 및 개인 서비스업,31
2026-06-01,30170588,서구,월평3동,숙박업,0
2026-06-01,30170588,서구,월평3동,"예술, 스포츠 및 여가관련 서비스업",4
2026-06-01,30170588,서구,월평3동,음식점업,32
2026-06-01,30170588,서구,월평3동,"전문, 과학 및 기술 서비스업",4
2026-06-01,30170590,서구,가수원동,교육 서비스업,25
2026-06-01,30170590,서구,가수원동,보건의료업,7
2026-06-01,30170590,서구,가수원동,부동산업,20
2026-06-01,30170590,서구,가수원동,"사업시설 관리, 사업 지원 및 임대 서비스업",44
2026-06-01,30170590,서구,가수원동,소매업,118
2026-06-01,30170590,서구,가수원동,수리 및 개인 서비스업,76
2026-06-01,30170590,서구,가수원동,숙박업,1
2026-06-01,30170590,서구,가수원동,"예술, 스포츠 및 여가관련 서비스업",19
2026-06-01,30170590,서구,가수원동,음식점업,113
2026-06-01,30170590,서구,가수원동,"전문, 과학 및 기술 서비스업",22
2026-06-01,30170593,서구,도안동,교육 서비스업,268
2026-06-01,30170593,서구,도안동,보건의료업,43
2026-06-01,30170593,서구,도안동,부동산업,92
2026-06-01,30170593,서구,도안동,"사업시설 관리, 사업 지원 및 임대 서비스업",89
2026-06-01,30170593,서구,도안동,소매업,384
2026-06-01,30170593,서구,도안동,수리 및 개인 서비스업,323
2026-06-01,30170593,서구,도안동,숙박업,2
2026-06-01,30170593,서구,도안동,"예술, 스포츠 및 여가관련 서비스업",107
2026-06-01,30170593,서구,도안동,음식점업,658
2026-06-01,30170593,서구,도안동,"전문, 과학 및 기술 서비스업",203
2026-06-01,30170596,서구,관저1동,교육 서비스업,40
2026-06-01,30170596,서구,관저1동,보건의료업,23
2026-06-01,30170596,서구,관저1동,부동산업,30
2026-06-01,30170596,서구,관저1동,"사업시설 관리, 사업 지원 및 임대 서비스업",13
2026-06-01,30170596,서구,관저1동,소매업,123
2026-06-01,30170596,서구,관저1동,수리 및 개인 서비스업,90
2026-06-01,30170596,서구,관저1동,숙박업,1
2026-06-01,30170596,서구,관저1동,"예술, 스포츠 및 여가관련 서비스업",34
2026-06-01,30170596,서구,관저1동,음식점업,171
2026-06-01,30170596,서구,관저1동,"전문, 과학 및 기술 서비스업",33
2026-06-01,30170597,서구,관저2동,교육 서비스업,227
2026-06-01,30170597,서구,관저2동,보건의료업,70
2026-06-01,30170597,서구,관저2동,부동산업,75
2026-06-01,30170597,서구,관저2동,"사업시설 관리, 사업 지원 및 임대 서비스업",30
2026-06-01,30170597,서구,관저2동,소매업,367
2026-06-01,30170597,서구,관저2동,수리 및 개인 서비스업,273
2026-06-01,30170597,서구,관저2동,숙박업,0
2026-06-01,30170597,서구,관저2동,"예술, 스포츠 및 여가관련 서비스업",129
2026-06-01,30170597,서구,관저2동,음식점업,636
2026-06-01,30170597,서구,관저2동,"전문, 과학 및 기술 서비스업",97
2026-06-01,30170600,서구,기성동,교육 서비스업,6
2026-06-01,30170600,서구,기성동,보건의료업,4
2026-06-01,30170600,서구,기성동,부동산업,4
2026-06-01,30170600,서구,기성동,"사업시설 관리, 사업 지원 및 임대 서비스업",9
2026-06-01,30170600,서구,기성동,소매업,61
2026-06-01,30170600,서구,기성동,수리 및 개인 서비스업,11
2026-06-01,30170600,서구,기성동,숙박업,35
2026-06-01,30170600,서구,기성동,"예술, 스포츠 및 여가관련 서비스업",7
2026-06-01,30170600,서구,기성동,음식점업,50
2026-06-01,30170600,서구,기성동,"전문, 과학 및 기술 서비스업",9
2026-06-01,30170630,서구,둔산1동,교육 서비스업,341
2026-06-01,30170630,서구,둔산1동,보건의료업,105
2026-06-01,30170630,서구,둔산1동,부동산업,90
2026-06-01,30170630,서구,둔산1동,"사업시설 관리, 사업 지원 및 임대 서비스업",77
2026-06-01,30170630,서구,둔산1동,소매업,187
2026-06-01,30170630,서구,둔산1동,수리 및 개인 서비스업,132
2026-06-01,30170630,서구,둔산1동,숙박업,15
2026-06-01,30170630,서구,둔산1동,"예술, 스포츠 및 여가관련 서비스업",82
2026-06-01,30170630,서구,둔산1동,음식점업,442
2026-06-01,30170630,서구,둔산1동,"전문, 과학 및 기술 서비스업",666
2026-06-01,30170640,서구,둔산2동,교육 서비스업,226
2026-06-01,30170640,서구,둔산2동,보건의료업,237
2026-06-01,30170640,서구,둔산2동,부동산업,59
2026-06-01,30170640,서구,둔산2동,"사업시설 관리, 사업 지원 및 임대 서비스업",104
2026-06-01,30170640,서구,둔산2동,소매업,742
2026-06-01,30170640,서구,둔산2동,수리 및 개인 서비스업,262
2026-06-01,30170640,서구,둔산2동,숙박업,27
2026-06-01,30170640,서구,둔산2동,"예술, 스포츠 및 여가관련 서비스업",156
2026-06-01,30170640,서구,둔산2동,음식점업,754
2026-06-01,30170640,서구,둔산2동,"전문, 과학 및 기술 서비스업",503
2026-06-01,30170650,서구,만년동,교육 서비스업,77
2026-06-01,30170650,서구,만년동,보건의료업,15
2026-06-01,30170650,서구,만년동,부동산업,32
2026-06-01,30170650,서구,만년동,"사업시설 관리, 사업 지원 및 임대 서비스업",61
2026-06-01,30170650,서구,만년동,소매업,176
2026-06-01,30170650,서구,만년동,수리 및 개인 서비스업,84
2026-06-01,30170650,서구,만년동,숙박업,7
2026-06-01,30170650,서구,만년동,"예술, 스포츠 및 여가관련 서비스업",30
2026-06-01,30170650,서구,만년동,음식점업,245
2026-06-01,30170650,서구,만년동,"전문, 과학 및 기술 서비스업",152
2026-06-01,30170660,서구,둔산3동,교육 서비스업,82
2026-06-01,30170660,서구,둔산3동,보건의료업,14
2026-06-01,30170660,서구,둔산3동,부동산업,23
2026-06-01,30170660,서구,둔산3동,"사업시설 관리, 사업 지원 및 임대 서비스업",14
2026-06-01,30170660,서구,둔산3동,소매업,223
2026-06-01,30170660,서구,둔산3동,수리 및 개인 서비스업,98
2026-06-01,30170660,서구,둔산3동,숙박업,1
2026-06-01,30170660,서구,둔산3동,"예술, 스포츠 및 여가관련 서비스업",39
2026-06-01,30170660,서구,둔산3동,음식점업,206
2026-06-01,30170660,서구,둔산3동,"전문, 과학 및 기술 서비스업",33
2026-06-01,30200520,유성구,진잠동,교육 서비스업,60
2026-06-01,30200520,유성구,진잠동,보건의료업,9
2026-06-01,30200520,유성구,진잠동,부동산업,60
2026-06-01,30200520,유성구,진잠동,"사업시설 관리, 사업 지원 및 임대 서비스업",73
2026-06-01,30200520,유성구,진잠동,소매업,404
2026-06-01,30200520,유성구,진잠동,수리 및 개인 서비스업,174
2026-06-01,30200520,유성구,진잠동,숙박업,4
2026-06-01,30200520,유성구,진잠동,"예술, 스포츠 및 여가관련 서비스업",54
2026-06-01,30200520,유성구,진잠동,음식점업,304
2026-06-01,30200520,유성구,진잠동,"전문, 과학 및 기술 서비스업",103
2026-06-01,30200526,유성구,학하동,교육 서비스업,51
2026-06-01,30200526,유성구,학하동,보건의료업,9
2026-06-01,30200526,유성구,학하동,부동산업,75
2026-06-01,30200526,유성구,학하동,"사업시설 관리, 사업 지원 및 임대 서비스업",79
2026-06-01,30200526,유성구,학하동,소매업,182
2026-06-01,30200526,유성구,학하동,수리 및 개인 서비스업,139
2026-06-01,30200526,유성구,학하동,숙박업,4
2026-06-01,30200526,유성구,학하동,"예술, 스포츠 및 여가관련 서비스업",41
2026-06-01,30200526,유성구,학하동,음식점업,331
2026-06-01,30200526,유성구,학하동,"전문, 과학 및 기술 서비스업",131
2026-06-01,30200527,유성구,상대동,교육 서비스업,73
2026-06-01,30200527,유성구,상대동,보건의료업,12
2026-06-01,30200527,유성구,상대동,부동산업,64
2026-06-01,30200527,유성구,상대동,"사업시설 관리, 사업 지원 및 임대 서비스업",17
2026-06-01,30200527,유성구,상대동,소매업,109
2026-06-01,30200527,유성구,상대동,수리 및 개인 서비스업,97
2026-06-01,30200527,유성구,상대동,숙박업,2
2026-06-01,30200527,유성구,상대동,"예술, 스포츠 및 여가관련 서비스업",16
2026-06-01,30200527,유성구,상대동,음식점업,177
2026-06-01,30200527,유성구,상대동,"전문, 과학 및 기술 서비스업",107
2026-06-01,30200530,유성구,온천1동,교육 서비스업,117
2026-06-01,30200530,유성구,온천1동,보건의료업,56
2026-06-01,30200530,유성구,온천1동,부동산업,156
2026-06-01,30200530,유성구,온천1동,"사업시설 관리, 사업 지원 및 임대 서비스업",188
2026-06-01,30200530,유성구,온천1동,소매업,670
2026-06-01,30200530,유성구,온천1동,수리 및 개인 서비스업,461
2026-06-01,30200530,유성구,온천1동,숙박업,94
2026-06-01,30200530,유성구,온천1동,"예술, 스포츠 및 여가관련 서비스업",127
2026-06-01,30200530,유성구,온천1동,음식점업,1135
2026-06-01,30200530,유성구,온천1동,"전문, 과학 및 기술 서비스업",440
2026-06-01,30200540,유성구,온천2동,교육 서비스업,168
2026-06-01,30200540,유성구,온천2동,보건의료업,10
2026-06-01,30200540,유성구,온천2동,부동산업,110
2026-06-01,30200540,유성구,온천2동,"사업시설 관리, 사업 지원 및 임대 서비스업",132
2026-06-01,30200540,유성구,온천2동,소매업,589
2026-06-01,30200540,유성구,온천2동,수리 및 개인 서비스업,318
2026-06-01,30200540,유성구,온천2동,숙박업,21
2026-06-01,30200540,유성구,온천2동,"예술, 스포츠 및 여가관련 서비스업",143
2026-06-01,30200540,유성구,온천2동,음식점업,1107
2026-06-01,30200540,유성구,온천2동,"전문, 과학 및 기술 서비스업",301
2026-06-01,30200546,유성구,노은1동,교육 서비스업,124
2026-06-01,30200546,유성구,노은1동,보건의료업,10
2026-06-01,30200546,유성구,노은1동,부동산업,37
2026-06-01,30200546,유성구,노은1동,"사업시설 관리, 사업 지원 및 임대 서비스업",42
2026-06-01,30200546,유성구,노은1동,소매업,309
2026-06-01,30200546,유성구,노은1동,수리 및 개인 서비스업,184
2026-06-01,30200546,유성구,노은1동,숙박업,4
2026-06-01,30200546,유성구,노은1동,"예술, 스포츠 및 여가관련 서비스업",67
2026-06-01,30200546,유성구,노은1동,음식점업,383
2026-06-01,30200546,유성구,노은1동,"전문, 과학 및 기술 서비스업",115
2026-06-01,30200547,유성구,노은2동,교육 서비스업,70
2026-06-01,30200547,유성구,노은2동,보건의료업,13
2026-06-01,30200547,유성구,노은2동,부동산업,44
2026-06-01,30200547,유성구,노은2동,"사업시설 관리, 사업 지원 및 임대 서비스업",25
2026-06-01,30200547,유성구,노은2동,소매업,170
2026-06-01,30200547,유성구,노은2동,수리 및 개인 서비스업,73
2026-06-01,30200547,유성구,노은2동,숙박업,3
2026-06-01,30200547,유성구,노은2동,"예술, 스포츠 및 여가관련 서비스업",54
2026-06-01,30200547,유성구,노은2동,음식점업,210
2026-06-01,30200547,유성구,노은2동,"전문, 과학 및 기술 서비스업",63
2026-06-01,30200548,유성구,노은3동,교육 서비스업,148
2026-06-01,30200548,유성구,노은3동,보건의료업,20
2026-06-01,30200548,유성구,노은3동,부동산업,50
2026-06-01,30200548,유성구,노은3동,"사업시설 관리, 사업 지원 및 임대 서비스업",25
2026-06-01,30200548,유성구,노은3동,소매업,246
2026-06-01,30200548,유성구,노은3동,수리 및 개인 서비스업,163
2026-06-01,30200548,유성구,노은3동,숙박업,0
2026-06-01,30200548,유성구,노은3동,"예술, 스포츠 및 여가관련 서비스업",58
2026-06-01,30200548,유성구,노은3동,음식점업,366
2026-06-01,30200548,유성구,노은3동,"전문, 과학 및 기술 서비스업",102
2026-06-01,30200550,유성구,신성동,교육 서비스업,80
2026-06-01,30200550,유성구,신성동,보건의료업,9
2026-06-01,30200550,유성구,신성동,부동산업,53
2026-06-01,30200550,유성구,신성동,"사업시설 관리, 사업 지원 및 임대 서비스업",60
2026-06-01,30200550,유성구,신성동,소매업,485
2026-06-01,30200550,유성구,신성동,수리 및 개인 서비스업,122
2026-06-01,30200550,유성구,신성동,숙박업,9
2026-06-01,30200550,유성구,신성동,"예술, 스포츠 및 여가관련 서비스업",74
2026-06-01,30200550,유성구,신성동,음식점업,591
2026-06-01,30200550,유성구,신성동,"전문, 과학 및 기술 서비스업",128
2026-06-01,30200570,유성구,전민동,교육 서비스업,72
2026-06-01,30200570,유성구,전민동,보건의료업,10
2026-06-01,30200570,유성구,전민동,부동산업,32
2026-06-01,30200570,유성구,전민동,"사업시설 관리, 사업 지원 및 임대 서비스업",13
2026-06-01,30200570,유성구,전민동,소매업,412
2026-06-01,30200570,유성구,전민동,수리 및 개인 서비스업,122
2026-06-01,30200570,유성구,전민동,숙박업,2
2026-06-01,30200570,유성구,전민동,"예술, 스포츠 및 여가관련 서비스업",72
2026-06-01,30200570,유성구,전민동,음식점업,434
2026-06-01,30200570,유성구,전민동,"전문, 과학 및 기술 서비스업",71
2026-06-01,30200580,유성구,구즉동,교육 서비스업,49
2026-06-01,30200580,유성구,구즉동,보건의료업,6
2026-06-01,30200580,유성구,구즉동,부동산업,33
2026-06-01,30200580,유성구,구즉동,"사업시설 관리, 사업 지원 및 임대 서비스업",10
2026-06-01,30200580,유성구,구즉동,소매업,202
2026-06-01,30200580,유성구,구즉동,수리 및 개인 서비스업,133
2026-06-01,30200580,유성구,구즉동,숙박업,0
2026-06-01,30200580,유성구,구즉동,"예술, 스포츠 및 여가관련 서비스업",53
2026-06-01,30200580,유성구,구즉동,음식점업,344
2026-06-01,30200580,유성구,구즉동,"전문, 과학 및 기술 서비스업",36
2026-06-01,30200600,유성구,관평동,교육 서비스업,141
2026-06-01,30200600,유성구,관평동,보건의료업,31
2026-06-01,30200600,유성구,관평동,부동산업,63
2026-06-01,30200600,유성구,관평동,"사업시설 관리, 사업 지원 및 임대 서비스업",48
2026-06-01,30200600,유성구,관평동,소매업,461
2026-06-01,30200600,유성구,관평동,수리 및 개인 서비스업,195
2026-06-01,30200600,유성구,관평동,숙박업,5
2026-06-01,30200600,유성구,관평동,"예술, 스포츠 및 여가관련 서비스업",83
2026-06-01,30200600,유성구,관평동,음식점업,659
2026-06-01,30200600,유성구,관평동,"전문, 과학 및 기술 서비스업",195
2026-06-01,30200610,유성구,원신흥동,교육 서비스업,117
2026-06-01,30200610,유성구,원신흥동,보건의료업,27
2026-06-01,30200610,유성구,원신흥동,부동산업,53
2026-06-01,30200610,유성구,원신흥동,"사업시설 관리, 사업 지원 및 임대 서비스업",37
2026-06-01,30200610,유성구,원신흥동,소매업,238
2026-06-01,30200610,유성구,원신흥동,수리 및 개인 서비스업,246
2026-06-01,30200610,유성구,원신흥동,숙박업,0
2026-06-01,30200610,유성구,원신흥동,"예술, 스포츠 및 여가관련 서비스업",17
2026-06-01,30200610,유성구,원신흥동,음식점업,251
2026-06-01,30200610,유성구,원신흥동,"전문, 과학 및 기술 서비스업",75
2026-06-01,30230510,대덕구,오정동,교육 서비스업,50
2026-06-01,30230510,대덕구,오정동,보건의료업,3
2026-06-01,30230510,대덕구,오정동,부동산업,36
2026-06-01,30230510,대덕구,오정동,"사업시설 관리, 사업 지원 및 임대 서비스업",87
2026-06-01,30230510,대덕구,오정동,소매업,298
2026-06-01,30230510,대덕구,오정동,수리 및 개인 서비스업,151
2026-06-01,30230510,대덕구,오정동,숙박업,3
2026-06-01,30230510,대덕구,오정동,"예술, 스포츠 및 여가관련 서비스업",53
2026-06-01,30230510,대덕구,오정동,음식점업,306
2026-06-01,30230510,대덕구,오정동,"전문, 과학 및 기술 서비스업",129
2026-06-01,30230520,대덕구,대화동,교육 서비스업,9
2026-06-01,30230520,대덕구,대화동,보건의료업,0
2026-06-01,30230520,대덕구,대화동,부동산업,12
2026-06-01,30230520,대덕구,대화동,"사업시설 관리, 사업 지원 및 임대 서비스업",51
2026-06-01,30230520,대덕구,대화동,소매업,148
2026-06-01,30230520,대덕구,대화동,수리 및 개인 서비스업,62
2026-06-01,30230520,대덕구,대화동,숙박업,1
2026-06-01,30230520,대덕구,대화동,"예술, 스포츠 및 여가관련 서비스업",4
2026-06-01,30230520,대덕구,대화동,음식점업,81
2026-06-01,30230520,대덕구,대화동,"전문, 과학 및 기술 서비스업",147
2026-06-01,30230525,대덕구,회덕동,교육 서비스업,11
2026-06-01,30230525,대덕구,회덕동,보건의료업,2
2026-06-01,30230525,대덕구,회덕동,부동산업,12
2026-06-01,30230525,대덕구,회덕동,"사업시설 관리, 사업 지원 및 임대 서비스업",21
2026-06-01,30230525,대덕구,회덕동,소매업,143
2026-06-01,30230525,대덕구,회덕동,수리 및 개인 서비스업,106
2026-06-01,30230525,대덕구,회덕동,숙박업,2
2026-06-01,30230525,대덕구,회덕동,"예술, 스포츠 및 여가관련 서비스업",22
2026-06-01,30230525,대덕구,회덕동,음식점업,140
2026-06-01,30230525,대덕구,회덕동,"전문, 과학 및 기술 서비스업",24
2026-06-01,30230533,대덕구,비래동,교육 서비스업,16
2026-06-01,30230533,대덕구,비래동,보건의료업,5
2026-06-01,30230533,대덕구,비래동,부동산업,25
2026-06-01,30230533,대덕구,비래동,"사업시설 관리, 사업 지원 및 임대 서비스업",32
2026-06-01,30230533,대덕구,비래동,소매업,156
2026-06-01,30230533,대덕구,비래동,수리 및 개인 서비스업,115
2026-06-01,30230533,대덕구,비래동,숙박업,0
2026-06-01,30230533,대덕구,비래동,"예술, 스포츠 및 여가관련 서비스업",42
2026-06-01,30230533,대덕구,비래동,음식점업,183
2026-06-01,30230533,대덕구,비래동,"전문, 과학 및 기술 서비스업",32
2026-06-01,30230543,대덕구,송촌동,교육 서비스업,80
2026-06-01,30230543,대덕구,송촌동,보건의료업,6
2026-06-01,30230543,대덕구,송촌동,부동산업,25
2026-06-01,30230543,대덕구,송촌동,"사업시설 관리, 사업 지원 및 임대 서비스업",35
2026-06-01,30230543,대덕구,송촌동,소매업,260
2026-06-01,30230543,대덕구,송촌동,수리 및 개인 서비스업,174
2026-06-01,30230543,대덕구,송촌동,숙박업,3
2026-06-01,30230543,대덕구,송촌동,"예술, 스포츠 및 여가관련 서비스업",90
2026-06-01,30230543,대덕구,송촌동,음식점업,429
2026-06-01,30230543,대덕구,송촌동,"전문, 과학 및 기술 서비스업",72
2026-06-01,30230546,대덕구,중리동,교육 서비스업,44
2026-06-01,30230546,대덕구,중리동,보건의료업,12
2026-06-01,30230546,대덕구,중리동,부동산업,29
2026-06-01,30230546,대덕구,중리동,"사업시설 관리, 사업 지원 및 임대 서비스업",54
2026-06-01,30230546,대덕구,중리동,소매업,469
2026-06-01,30230546,대덕구,중리동,수리 및 개인 서비스업,273
2026-06-01,30230546,대덕구,중리동,숙박업,36
2026-06-01,30230546,대덕구,중리동,"예술, 스포츠 및 여가관련 서비스업",105
2026-06-01,30230546,대덕구,중리동,음식점업,561
2026-06-01,30230546,대덕구,중리동,"전문, 과학 및 기술 서비스업",92
2026-06-01,30230550,대덕구,신탄진동,교육 서비스업,23
2026-06-01,30230550,대덕구,신탄진동,보건의료업,11
2026-06-01,30230550,대덕구,신탄진동,부동산업,24
2026-06-01,30230550,대덕구,신탄진동,"사업시설 관리, 사업 지원 및 임대 서비스업",19
2026-06-01,30230550,대덕구,신탄진동,소매업,180
2026-06-01,30230550,대덕구,신탄진동,수리 및 개인 서비스업,123
2026-06-01,30230550,대덕구,신탄진동,숙박업,36
2026-06-01,30230550,대덕구,신탄진동,"예술, 스포츠 및 여가관련 서비스업",45
2026-06-01,30230550,대덕구,신탄진동,음식점업,380
2026-06-01,30230550,대덕구,신탄진동,"전문, 과학 및 기술 서비스업",29
2026-06-01,30230560,대덕구,석봉동,교육 서비스업,33
2026-06-01,30230560,대덕구,석봉동,보건의료업,9
2026-06-01,30230560,대덕구,석봉동,부동산업,15
2026-06-01,30230560,대덕구,석봉동,"사업시설 관리, 사업 지원 및 임대 서비스업",14
2026-06-01,30230560,대덕구,석봉동,소매업,170
2026-06-01,30230560,대덕구,석봉동,수리 및 개인 서비스업,98
2026-06-01,30230560,대덕구,석봉동,숙박업,0
2026-06-01,30230560,대덕구,석봉동,"예술, 스포츠 및 여가관련 서비스업",36
2026-06-01,30230560,대덕구,석봉동,음식점업,218
2026-06-01,30230560,대덕구,석봉동,"전문, 과학 및 기술 서비스업",18
2026-06-01,30230570,대덕구,덕암동,교육 서비스업,19
2026-06-01,30230570,대덕구,덕암동,보건의료업,1
2026-06-01,30230570,대덕구,덕암동,부동산업,16
2026-06-01,30230570,대덕구,덕암동,"사업시설 관리, 사업 지원 및 임대 서비스업",28
2026-06-01,30230570,대덕구,덕암동,소매업,169
2026-06-01,30230570,대덕구,덕암동,수리 및 개인 서비스업,114
2026-06-01,30230570,대덕구,덕암동,숙박업,5
2026-06-01,30230570,대덕구,덕암동,"예술, 스포츠 및 여가관련 서비스업",25
2026-06-01,30230570,대덕구,덕암동,음식점업,170
2026-06-01,30230570,대덕구,덕암동,"전문, 과학 및 기술 서비스업",33
2026-06-01,30230580,대덕구,목상동,교육 서비스업,4
2026-06-01,30230580,대덕구,목상동,보건의료업,2
2026-06-01,30230580,대덕구,목상동,부동산업,7
2026-06-01,30230580,대덕구,목상동,"사업시설 관리, 사업 지원 및 임대 서비스업",26
2026-06-01,30230580,대덕구,목상동,소매업,91
2026-06-01,30230580,대덕구,목상동,수리 및 개인 서비스업,63
2026-06-01,30230580,대덕구,목상동,숙박업,0
2026-06-01,30230580,대덕구,목상동,"예술, 스포츠 및 여가관련 서비스업",24
2026-06-01,30230580,대덕구,목상동,음식점업,141
2026-06-01,30230580,대덕구,목상동,"전문, 과학 및 기술 서비스업",28
2026-06-01,30230600,대덕구,법1동,교육 서비스업,13
2026-06-01,30230600,대덕구,법1동,보건의료업,9
2026-06-01,30230600,대덕구,법1동,부동산업,12
2026-06-01,30230600,대덕구,법1동,"사업시설 관리, 사업 지원 및 임대 서비스업",6
2026-06-01,30230600,대덕구,법1동,소매업,42
2026-06-01,30230600,대덕구,법1동,수리 및 개인 서비스업,29
2026-06-01,30230600,대덕구,법1동,숙박업,1
2026-06-01,30230600,대덕구,법1동,"예술, 스포츠 및 여가관련 서비스업",9
2026-06-01,30230600,대덕구,법1동,음식점업,44
2026-06-01,30230600,대덕구,법1동,"전문, 과학 및 기술 서비스업",9
2026-06-01,30230610,대덕구,법2동,교육 서비스업,16
2026-06-01,30230610,대덕구,법2동,보건의료업,1
2026-06-01,30230610,대덕구,법2동,부동산업,4
2026-06-01,30230610,대덕구,법2동,"사업시설 관리, 사업 지원 및 임대 서비스업",6
2026-06-01,30230610,대덕구,법2동,소매업,99
2026-06-01,30230610,대덕구,법2동,수리 및 개인 서비스업,56
2026-06-01,30230610,대덕구,법2동,숙박업,0
2026-06-01,30230610,대덕구,법2동,"예술, 스포츠 및 여가관련 서비스업",22
2026-06-01,30230610,대덕구,법2동,음식점업,92
2026-06-01,30230610,대덕구,법2동,"전문, 과학 및 기술 서비스업",17
