period,category_code,category,store_count,confirmed_count,coverage_status
2024-03-01,G20201,타이어 소매업,41,41,관측체계 내 확정집계
2024-03-01,G20202,자동차 부품 소매업,255,255,관측체계 내 확정집계
2024-03-01,G20301,모터사이클 및 부품 소매업,65,65,관측체계 내 확정집계
2024-03-01,G20404,슈퍼마켓,1583,1583,관측체계 내 확정집계
2024-03-01,G20405,편의점,1498,1498,관측체계 내 확정집계
2024-03-01,G20499,그 외 기타 종합 소매업,167,167,관측체계 내 확정집계
2024-03-01,G20501,곡물/곡분 소매업,34,34,관측체계 내 확정집계
2024-03-01,G20502,가축 사료 소매업,8,8,관측체계 내 확정집계
2024-03-01,G20503,정육점,428,428,관측체계 내 확정집계
2024-03-01,G20504,건어물/젓갈 소매업,82,82,관측체계 내 확정집계
2024-03-01,G20505,수산물 소매업,100,100,관측체계 내 확정집계
2024-03-01,G20506,채소/과일 소매업,287,287,관측체계 내 확정집계
2024-03-01,G20507,아이스크림 할인점,8,8,관측체계 내 확정집계
2024-03-01,G20508,건강보조식품 소매업,668,668,관측체계 내 확정집계
2024-03-01,G20509,반찬/식료품 소매업,365,365,관측체계 내 확정집계
2024-03-01,G20601,얼음 소매업,3,3,관측체계 내 확정집계
2024-03-01,G20602,주류 소매업,17,17,관측체계 내 확정집계
2024-03-01,G20603,생수/음료 소매업,30,30,관측체계 내 확정집계
2024-03-01,G20604,우유 소매업,18,18,관측체계 내 확정집계
2024-03-01,G20701,담배/전자담배 소매업,98,98,관측체계 내 확정집계
2024-03-01,G20801,컴퓨터/소프트웨어 소매업,242,242,관측체계 내 확정집계
2024-03-01,G20802,핸드폰 소매업,750,750,관측체계 내 확정집계
2024-03-01,G20803,가전제품 소매업,313,313,관측체계 내 확정집계
2024-03-01,G20901,남성 의류 소매업,288,288,관측체계 내 확정집계
2024-03-01,G20902,여성 의류 소매업,1120,1120,관측체계 내 확정집계
2024-03-01,G20903,유아용 의류 소매업,155,155,관측체계 내 확정집계
2024-03-01,G20904,한복 소매업,21,21,관측체계 내 확정집계
2024-03-01,G20905,기타 의류 소매업,2130,2130,관측체계 내 확정집계
2024-03-01,G20906,침구류/커튼 소매업,344,344,관측체계 내 확정집계
2024-03-01,G20907,액세서리/잡화 소매업,253,253,관측체계 내 확정집계
2024-03-01,G20908,가발 소매업,17,17,관측체계 내 확정집계
2024-03-01,G20909,실/섬유제품 소매업,97,97,관측체계 내 확정집계
2024-03-01,G20910,신발 소매업,289,289,관측체계 내 확정집계
2024-03-01,G20911,가방 소매업,142,142,관측체계 내 확정집계
2024-03-01,G21001,철물/공구 소매업,427,427,관측체계 내 확정집계
2024-03-01,G21002,벽지/장판/마루 소매업,171,171,관측체계 내 확정집계
2024-03-01,G21003,건설/건축자재 소매업,28,28,관측체계 내 확정집계
2024-03-01,G21099,기타 건설/건축자재 소매업,49,49,관측체계 내 확정집계
2024-03-01,G21101,가구 소매업,316,316,관측체계 내 확정집계
2024-03-01,G21201,전기용품/조명장치 소매업,195,195,관측체계 내 확정집계
2024-03-01,G21202,주방/가정용품 소매업,322,322,관측체계 내 확정집계
2024-03-01,G21203,악기 소매업,54,54,관측체계 내 확정집계
2024-03-01,G21301,서점,159,159,관측체계 내 확정집계
2024-03-01,G21302,문구/회화용품 소매업,296,296,관측체계 내 확정집계
2024-03-01,G21303,음반/비디오물 소매업,9,9,관측체계 내 확정집계
2024-03-01,G21304,운동용품 소매업,280,280,관측체계 내 확정집계
2024-03-01,G21305,자전거 소매업,104,104,관측체계 내 확정집계
2024-03-01,G21306,장난감 소매업,101,101,관측체계 내 확정집계
2024-03-01,G21401,주유소,258,258,관측체계 내 확정집계
2024-03-01,G21402,가스 충전소,45,45,관측체계 내 확정집계
2024-03-01,G21403,가정용 연료 소매업,104,104,관측체계 내 확정집계
2024-03-01,G21501,약국,726,726,관측체계 내 확정집계
2024-03-01,G21502,의료기기 소매업,226,226,관측체계 내 확정집계
2024-03-01,G21503,화장품 소매업,981,981,관측체계 내 확정집계
2024-03-01,G21601,사무기기 소매업,63,63,관측체계 내 확정집계
2024-03-01,G21602,안경렌즈 소매업,303,303,관측체계 내 확정집계
2024-03-01,G21603,사진기/기타 광학기기 소매업,19,19,관측체계 내 확정집계
2024-03-01,G21701,시계/귀금속 소매업,334,334,관측체계 내 확정집계
2024-03-01,G21801,예술품 소매업,121,121,관측체계 내 확정집계
2024-03-01,G21802,기념품점,157,157,관측체계 내 확정집계
2024-03-01,G21901,꽃집,335,335,관측체계 내 확정집계
2024-03-01,G22001,애완동물/애완용품 소매업,321,321,관측체계 내 확정집계
2024-03-01,G22199,그 외 기타 상품 전문 소매업,260,260,관측체계 내 확정집계
2024-03-01,G22201,중고 상품 소매업,369,369,관측체계 내 확정집계
2024-03-01,I10101,호텔/리조트,34,34,관측체계 내 확정집계
2024-03-01,I10102,여관/모텔,510,510,관측체계 내 확정집계
2024-03-01,I10103,펜션,61,61,관측체계 내 확정집계
2024-03-01,I10104,캠핑/글램핑,4,4,관측체계 내 확정집계
2024-03-01,I10201,기숙사/고시원,44,44,관측체계 내 확정집계
2024-03-01,I10299,그 외 기타 숙박업,5,5,관측체계 내 확정집계
2024-03-01,I20101,백반/한정식,4758,4758,관측체계 내 확정집계
2024-03-01,I20102,국/탕/찌개류,887,887,관측체계 내 확정집계
2024-03-01,I20103,족발/보쌈,227,227,관측체계 내 확정집계
2024-03-01,I20104,전/부침개,25,25,관측체계 내 확정집계
2024-03-01,I20105,국수/칼국수,727,727,관측체계 내 확정집계
2024-03-01,I20106,냉면/밀면,89,89,관측체계 내 확정집계
2024-03-01,I20107,돼지고기 구이/찜,1674,1674,관측체계 내 확정집계
2024-03-01,I20108,소고기 구이/찜,188,188,관측체계 내 확정집계
2024-03-01,I20109,곱창 전골/구이,195,195,관측체계 내 확정집계
2024-03-01,I20110,닭/오리고기 구이/찜,237,237,관측체계 내 확정집계
2024-03-01,I20111,횟집,400,400,관측체계 내 확정집계
2024-03-01,I20112,해산물 구이/찜,345,345,관측체계 내 확정집계
2024-03-01,I20113,복 요리 전문,17,17,관측체계 내 확정집계
2024-03-01,I20199,기타 한식 음식점,62,62,관측체계 내 확정집계
2024-03-01,I20201,중국집,693,693,관측체계 내 확정집계
2024-03-01,I20202,마라탕/훠궈,134,134,관측체계 내 확정집계
2024-03-01,I20301,일식 회/초밥,555,555,관측체계 내 확정집계
2024-03-01,I20302,일식 카레/돈가스/덮밥,82,82,관측체계 내 확정집계
2024-03-01,I20303,일식 면 요리,77,77,관측체계 내 확정집계
2024-03-01,I20399,기타 일식 음식점,1,1,관측체계 내 확정집계
2024-03-01,I20401,경양식,528,528,관측체계 내 확정집계
2024-03-01,I20402,파스타/스테이크,81,81,관측체계 내 확정집계
2024-03-01,I20403,패밀리레스토랑,15,15,관측체계 내 확정집계
2024-03-01,I20499,기타 서양식 음식점,36,36,관측체계 내 확정집계
2024-03-01,I20501,베트남식 전문,117,117,관측체계 내 확정집계
2024-03-01,I20599,기타 동남아식 전문,9,9,관측체계 내 확정집계
2024-03-01,I20601,분류 안된 외국식 음식점,0,0,관측체계 내 확정집계
2024-03-01,I20701,구내식당,171,171,관측체계 내 확정집계
2024-03-01,I20702,뷔페,43,43,관측체계 내 확정집계
2024-03-01,I21001,빵/도넛,830,830,관측체계 내 확정집계
2024-03-01,I21002,떡/한과,295,295,관측체계 내 확정집계
2024-03-01,I21003,피자,591,591,관측체계 내 확정집계
2024-03-01,I21004,버거,176,176,관측체계 내 확정집계
2024-03-01,I21005,토스트/샌드위치/샐러드,103,103,관측체계 내 확정집계
2024-03-01,I21006,치킨,1239,1239,관측체계 내 확정집계
2024-03-01,I21007,김밥/만두/분식,1413,1413,관측체계 내 확정집계
2024-03-01,I21008,아이스크림/빙수,67,67,관측체계 내 확정집계
2024-03-01,I21099,그 외 기타 간이 음식점,182,182,관측체계 내 확정집계
2024-03-01,I21101,일반 유흥 주점,348,348,관측체계 내 확정집계
2024-03-01,I21102,무도 유흥 주점,20,20,관측체계 내 확정집계
2024-03-01,I21103,생맥주 전문,501,501,관측체계 내 확정집계
2024-03-01,I21104,요리 주점,1472,1472,관측체계 내 확정집계
2024-03-01,I21201,카페,3854,3854,관측체계 내 확정집계
2024-03-01,L10203,부동산 중개/대리업,2533,2533,관측체계 내 확정집계
2024-03-01,M10301,변호사,257,257,관측체계 내 확정집계
2024-03-01,M10302,변리사,108,108,관측체계 내 확정집계
2024-03-01,M10303,법무사,179,179,관측체계 내 확정집계
2024-03-01,M10306,행정사,85,85,관측체계 내 확정집계
2024-03-01,M10307,공인노무사,34,34,관측체계 내 확정집계
2024-03-01,M10399,기타 법무관련 서비스업,5,5,관측체계 내 확정집계
2024-03-01,M10401,공인회계사,34,34,관측체계 내 확정집계
2024-03-01,M10402,세무사,302,302,관측체계 내 확정집계
2024-03-01,M10499,기타 회계 관련 서비스업,1,1,관측체계 내 확정집계
2024-03-01,M10501,광고 대행업,564,564,관측체계 내 확정집계
2024-03-01,M10502,옥외/전시 광고 대행업,49,49,관측체계 내 확정집계
2024-03-01,M10503,광고 매체 판매업,21,21,관측체계 내 확정집계
2024-03-01,M10504,광고물 설계/제작업,301,301,관측체계 내 확정집계
2024-03-01,M10599,기타 광고 관련 서비스업,44,44,관측체계 내 확정집계
2024-03-01,M10601,시장 조사 및 여론 조사업,41,41,관측체계 내 확정집계
2024-03-01,M10703,경영 컨설팅업,970,970,관측체계 내 확정집계
2024-03-01,M10901,건축 설계 및 관련 서비스업,498,498,관측체계 내 확정집계
2024-03-01,M10902,도시 계획 및 조경 설계 서비스업,39,39,관측체계 내 확정집계
2024-03-01,M10903,건물 및 토목 엔지니어링 서비스업,149,149,관측체계 내 확정집계
2024-03-01,M10904,환경 관련 엔지니어링 서비스업,65,65,관측체계 내 확정집계
2024-03-01,M10999,기타 엔지니어링 서비스업,274,274,관측체계 내 확정집계
2024-03-01,M11101,동물병원,104,104,관측체계 내 확정집계
2024-03-01,M11201,인테리어 디자인업,699,699,관측체계 내 확정집계
2024-03-01,M11202,제품 디자인업,79,79,관측체계 내 확정집계
2024-03-01,M11203,시각 디자인업,296,296,관측체계 내 확정집계
2024-03-01,M11204,패션/섬유/기타 전문 디자인업,27,27,관측체계 내 확정집계
2024-03-01,M11301,사진촬영업,482,482,관측체계 내 확정집계
2024-03-01,M11401,명함/간판/광고물 제작,626,626,관측체계 내 확정집계
2024-03-01,M11502,번역/통역 서비스업,23,23,관측체계 내 확정집계
2024-03-01,M11504,사업/무형 재산권 중개업,62,62,관측체계 내 확정집계
2024-03-01,N10101,사업시설 유지·관리 서비스업,170,170,관측체계 내 확정집계
2024-03-01,N10201,건축물 일반 청소업,606,606,관측체계 내 확정집계
2024-03-01,N10202,"산업설비, 운송장비 및 공공장소 청소업",96,96,관측체계 내 확정집계
2024-03-01,N10203,"소독, 구충 및 방제 서비스업",127,127,관측체계 내 확정집계
2024-03-01,N10301,조경 유지·관리 서비스업,37,37,관측체계 내 확정집계
2024-03-01,N10401,고용 알선업,168,168,관측체계 내 확정집계
2024-03-01,N10402,임시/일용 인력 공급업,139,139,관측체계 내 확정집계
2024-03-01,N10403,상용 인력 공급 및 인사관리 서비스업,70,70,관측체계 내 확정집계
2024-03-01,N10501,여행사,290,290,관측체계 내 확정집계
2024-03-01,N10599,기타 여행 보조/예약 서비스업,25,25,관측체계 내 확정집계
2024-03-01,N10703,복사업,112,112,관측체계 내 확정집계
2024-03-01,N10799,기타 사무 지원 서비스업,29,29,관측체계 내 확정집계
2024-03-01,N10802,전시/컨벤션/행사 대행 서비스업,323,323,관측체계 내 확정집계
2024-03-01,N10805,포장/충전업,27,27,관측체계 내 확정집계
2024-03-01,N10901,자동차 대여업,86,86,관측체계 내 확정집계
2024-03-01,N10999,기타 운송장비 대여업,18,18,관측체계 내 확정집계
2024-03-01,N11001,스포츠/레크리에이션 용품 대여업,37,37,관측체계 내 확정집계
2024-03-01,N11002,음반/비디오물 대여업,3,3,관측체계 내 확정집계
2024-03-01,N11003,만화방,17,17,관측체계 내 확정집계
2024-03-01,N11004,의류 대여업,72,72,관측체계 내 확정집계
2024-03-01,N11099,기타 개인/가정용품 대여업,126,126,관측체계 내 확정집계
2024-03-01,N11101,건설기계/장비 대여업,56,56,관측체계 내 확정집계
2024-03-01,N11102,컴퓨터/사무기기 대여업,56,56,관측체계 내 확정집계
2024-03-01,N11199,기타 산업용 기계/장비 대여업,73,73,관측체계 내 확정집계
2024-03-01,P10501,입시·교과학원,894,894,관측체계 내 확정집계
2024-03-01,P10601,태권도/무술학원,215,215,관측체계 내 확정집계
2024-03-01,P10603,요가/필라테스 학원,485,485,관측체계 내 확정집계
2024-03-01,P10605,레크리에이션 교육기관,115,115,관측체계 내 확정집계
2024-03-01,P10607,청소년 수련시설,11,11,관측체계 내 확정집계
2024-03-01,P10609,음악학원,184,184,관측체계 내 확정집계
2024-03-01,P10611,미술학원,114,114,관측체계 내 확정집계
2024-03-01,P10613,기타 예술/스포츠 교육기관,122,122,관측체계 내 확정집계
2024-03-01,P10615,외국어학원,80,80,관측체계 내 확정집계
2024-03-01,P10617,전문자격/고시학원,22,22,관측체계 내 확정집계
2024-03-01,P10619,사회교육시설,25,25,관측체계 내 확정집계
2024-03-01,P10621,직원 훈련기관,68,68,관측체계 내 확정집계
2024-03-01,P10623,운전학원,15,15,관측체계 내 확정집계
2024-03-01,P10625,기타 기술/직업 훈련학원,356,356,관측체계 내 확정집계
2024-03-01,P10627,컴퓨터 학원,21,21,관측체계 내 확정집계
2024-03-01,P10629,그 외 기타 교육기관,195,195,관측체계 내 확정집계
2024-03-01,P10701,교육컨설팅업,115,115,관측체계 내 확정집계
2024-03-01,P10799,기타 교육지원 서비스업,163,163,관측체계 내 확정집계
2024-03-01,Q10101,종합병원,10,10,관측체계 내 확정집계
2024-03-01,Q10102,일반병원,23,23,관측체계 내 확정집계
2024-03-01,Q10103,치과병원,6,6,관측체계 내 확정집계
2024-03-01,Q10104,한방병원,15,15,관측체계 내 확정집계
2024-03-01,Q10105,요양병원,37,37,관측체계 내 확정집계
2024-03-01,Q10201,내과/소아과 의원,66,66,관측체계 내 확정집계
2024-03-01,Q10202,외과 의원,21,21,관측체계 내 확정집계
2024-03-01,Q10203,신경/정신과 의원,11,11,관측체계 내 확정집계
2024-03-01,Q10204,피부/비뇨기과 의원,118,118,관측체계 내 확정집계
2024-03-01,Q10205,안과 의원,17,17,관측체계 내 확정집계
2024-03-01,Q10206,이비인후과 의원,9,9,관측체계 내 확정집계
2024-03-01,Q10207,산부인과 의원,22,22,관측체계 내 확정집계
2024-03-01,Q10208,성형외과 의원,41,41,관측체계 내 확정집계
2024-03-01,Q10209,기타 의원,39,39,관측체계 내 확정집계
2024-03-01,Q10210,치과의원,155,155,관측체계 내 확정집계
2024-03-01,Q10211,한의원,80,80,관측체계 내 확정집계
2024-03-01,Q10212,방사선 진단/병리 검사 의원,10,10,관측체계 내 확정집계
2024-03-01,Q10402,유사 의료업,76,76,관측체계 내 확정집계
2024-03-01,R10202,독서실/스터디 카페,330,330,관측체계 내 확정집계
2024-03-01,R10306,종합 스포츠시설,28,28,관측체계 내 확정집계
2024-03-01,R10307,헬스장,399,399,관측체계 내 확정집계
2024-03-01,R10308,수영장,14,14,관측체계 내 확정집계
2024-03-01,R10309,볼링장,41,41,관측체계 내 확정집계
2024-03-01,R10310,당구장,326,326,관측체계 내 확정집계
2024-03-01,R10311,골프 연습장,318,318,관측체계 내 확정집계
2024-03-01,R10312,테니스장,80,80,관측체계 내 확정집계
2024-03-01,R10313,탁구장,45,45,관측체계 내 확정집계
2024-03-01,R10314,기타 스포츠시설 운영업,61,61,관측체계 내 확정집계
2024-03-01,R10316,스쿼시/라켓볼장,7,7,관측체계 내 확정집계
2024-03-01,R10402,비디오방,3,3,관측체계 내 확정집계
2024-03-01,R10404,전자 게임장,57,57,관측체계 내 확정집계
2024-03-01,R10405,기타 오락장,173,173,관측체계 내 확정집계
2024-03-01,R10406,PC방,245,245,관측체계 내 확정집계
2024-03-01,R10407,노래방,1135,1135,관측체계 내 확정집계
2024-03-01,R10408,낚시터 운영업,6,6,관측체계 내 확정집계
2024-03-01,R10409,수상/해양 레저업,5,5,관측체계 내 확정집계
2024-03-01,R10410,복권 발행/판매업,152,152,관측체계 내 확정집계
2024-03-01,R10414,바둑/장기/체스 경기 운영업,13,13,관측체계 내 확정집계
2024-03-01,R10499,기타 오락관련 서비스업,57,57,관측체계 내 확정집계
2024-03-01,S20101,컴퓨터/노트북/프린터 수리업,277,277,관측체계 내 확정집계
2024-03-01,S20201,핸드폰/통신장비 수리업,45,45,관측체계 내 확정집계
2024-03-01,S20301,자동차 정비소,1248,1248,관측체계 내 확정집계
2024-03-01,S20302,자동차 세차장,448,448,관측체계 내 확정집계
2024-03-01,S20401,모터사이클 수리업,82,82,관측체계 내 확정집계
2024-03-01,S20501,가전제품 수리업,397,397,관측체계 내 확정집계
2024-03-01,S20601,의류/이불 수선업,251,251,관측체계 내 확정집계
2024-03-01,S20602,가죽/가방/신발 수선업,17,17,관측체계 내 확정집계
2024-03-01,S20603,시계/귀금속/악기 수리업,8,8,관측체계 내 확정집계
2024-03-01,S20699,그 외 기타 개인/가정용품 수리업,221,221,관측체계 내 확정집계
2024-03-01,S20701,미용실,3591,3591,관측체계 내 확정집계
2024-03-01,S20702,피부 관리실,1043,1043,관측체계 내 확정집계
2024-03-01,S20703,네일숍,767,767,관측체계 내 확정집계
2024-03-01,S20801,목욕탕/사우나,95,95,관측체계 내 확정집계
2024-03-01,S20802,마사지/안마,164,164,관측체계 내 확정집계
2024-03-01,S20803,체형/비만 관리,67,67,관측체계 내 확정집계
2024-03-01,S20901,세탁소,580,580,관측체계 내 확정집계
2024-03-01,S20902,셀프 빨래방,192,192,관측체계 내 확정집계
2024-03-01,S21001,장례식장,110,110,관측체계 내 확정집계
2024-03-01,S21002,화장터/묘지/납골당,32,32,관측체계 내 확정집계
2024-03-01,S21101,예식장업,24,24,관측체계 내 확정집계
2024-03-01,S21105,결혼 상담 서비스업,72,72,관측체계 내 확정집계
2024-06-01,G20201,타이어 소매업,42,42,관측체계 내 확정집계
2024-06-01,G20202,자동차 부품 소매업,257,257,관측체계 내 확정집계
2024-06-01,G20301,모터사이클 및 부품 소매업,66,66,관측체계 내 확정집계
2024-06-01,G20404,슈퍼마켓,1540,1540,관측체계 내 확정집계
2024-06-01,G20405,편의점,1459,1459,관측체계 내 확정집계
2024-06-01,G20499,그 외 기타 종합 소매업,164,164,관측체계 내 확정집계
2024-06-01,G20501,곡물/곡분 소매업,34,34,관측체계 내 확정집계
2024-06-01,G20502,가축 사료 소매업,8,8,관측체계 내 확정집계
2024-06-01,G20503,정육점,412,412,관측체계 내 확정집계
2024-06-01,G20504,건어물/젓갈 소매업,78,78,관측체계 내 확정집계
2024-06-01,G20505,수산물 소매업,95,95,관측체계 내 확정집계
2024-06-01,G20506,채소/과일 소매업,281,281,관측체계 내 확정집계
2024-06-01,G20507,아이스크림 할인점,8,8,관측체계 내 확정집계
2024-06-01,G20508,건강보조식품 소매업,659,659,관측체계 내 확정집계
2024-06-01,G20509,반찬/식료품 소매업,355,355,관측체계 내 확정집계
2024-06-01,G20601,얼음 소매업,3,3,관측체계 내 확정집계
2024-06-01,G20602,주류 소매업,17,17,관측체계 내 확정집계
2024-06-01,G20603,생수/음료 소매업,29,29,관측체계 내 확정집계
2024-06-01,G20604,우유 소매업,18,18,관측체계 내 확정집계
2024-06-01,G20701,담배/전자담배 소매업,101,101,관측체계 내 확정집계
2024-06-01,G20801,컴퓨터/소프트웨어 소매업,238,238,관측체계 내 확정집계
2024-06-01,G20802,핸드폰 소매업,728,728,관측체계 내 확정집계
2024-06-01,G20803,가전제품 소매업,307,307,관측체계 내 확정집계
2024-06-01,G20901,남성 의류 소매업,280,280,관측체계 내 확정집계
2024-06-01,G20902,여성 의류 소매업,1099,1099,관측체계 내 확정집계
2024-06-01,G20903,유아용 의류 소매업,150,150,관측체계 내 확정집계
2024-06-01,G20904,한복 소매업,21,21,관측체계 내 확정집계
2024-06-01,G20905,기타 의류 소매업,2103,2103,관측체계 내 확정집계
2024-06-01,G20906,침구류/커튼 소매업,339,339,관측체계 내 확정집계
2024-06-01,G20907,액세서리/잡화 소매업,251,251,관측체계 내 확정집계
2024-06-01,G20908,가발 소매업,17,17,관측체계 내 확정집계
2024-06-01,G20909,실/섬유제품 소매업,97,97,관측체계 내 확정집계
2024-06-01,G20910,신발 소매업,283,283,관측체계 내 확정집계
2024-06-01,G20911,가방 소매업,138,138,관측체계 내 확정집계
2024-06-01,G21001,철물/공구 소매업,427,427,관측체계 내 확정집계
2024-06-01,G21002,벽지/장판/마루 소매업,171,171,관측체계 내 확정집계
2024-06-01,G21003,건설/건축자재 소매업,28,28,관측체계 내 확정집계
2024-06-01,G21099,기타 건설/건축자재 소매업,46,46,관측체계 내 확정집계
2024-06-01,G21101,가구 소매업,309,309,관측체계 내 확정집계
2024-06-01,G21201,전기용품/조명장치 소매업,197,197,관측체계 내 확정집계
2024-06-01,G21202,주방/가정용품 소매업,319,319,관측체계 내 확정집계
2024-06-01,G21203,악기 소매업,54,54,관측체계 내 확정집계
2024-06-01,G21301,서점,153,153,관측체계 내 확정집계
2024-06-01,G21302,문구/회화용품 소매업,292,292,관측체계 내 확정집계
2024-06-01,G21303,음반/비디오물 소매업,9,9,관측체계 내 확정집계
2024-06-01,G21304,운동용품 소매업,275,275,관측체계 내 확정집계
2024-06-01,G21305,자전거 소매업,104,104,관측체계 내 확정집계
2024-06-01,G21306,장난감 소매업,100,100,관측체계 내 확정집계
2024-06-01,G21401,주유소,253,253,관측체계 내 확정집계
2024-06-01,G21402,가스 충전소,45,45,관측체계 내 확정집계
2024-06-01,G21403,가정용 연료 소매업,103,103,관측체계 내 확정집계
2024-06-01,G21501,약국,722,722,관측체계 내 확정집계
2024-06-01,G21502,의료기기 소매업,221,221,관측체계 내 확정집계
2024-06-01,G21503,화장품 소매업,956,956,관측체계 내 확정집계
2024-06-01,G21601,사무기기 소매업,66,66,관측체계 내 확정집계
2024-06-01,G21602,안경렌즈 소매업,303,303,관측체계 내 확정집계
2024-06-01,G21603,사진기/기타 광학기기 소매업,19,19,관측체계 내 확정집계
2024-06-01,G21701,시계/귀금속 소매업,331,331,관측체계 내 확정집계
2024-06-01,G21801,예술품 소매업,121,121,관측체계 내 확정집계
2024-06-01,G21802,기념품점,153,153,관측체계 내 확정집계
2024-06-01,G21901,꽃집,326,326,관측체계 내 확정집계
2024-06-01,G22001,애완동물/애완용품 소매업,311,311,관측체계 내 확정집계
2024-06-01,G22199,그 외 기타 상품 전문 소매업,257,257,관측체계 내 확정집계
2024-06-01,G22201,중고 상품 소매업,368,368,관측체계 내 확정집계
2024-06-01,I10101,호텔/리조트,34,34,관측체계 내 확정집계
2024-06-01,I10102,여관/모텔,503,503,관측체계 내 확정집계
2024-06-01,I10103,펜션,67,67,관측체계 내 확정집계
2024-06-01,I10104,캠핑/글램핑,4,4,관측체계 내 확정집계
2024-06-01,I10201,기숙사/고시원,43,43,관측체계 내 확정집계
2024-06-01,I10299,그 외 기타 숙박업,5,5,관측체계 내 확정집계
2024-06-01,I20101,백반/한정식,4705,4705,관측체계 내 확정집계
2024-06-01,I20102,국/탕/찌개류,861,861,관측체계 내 확정집계
2024-06-01,I20103,족발/보쌈,220,220,관측체계 내 확정집계
2024-06-01,I20104,전/부침개,25,25,관측체계 내 확정집계
2024-06-01,I20105,국수/칼국수,722,722,관측체계 내 확정집계
2024-06-01,I20106,냉면/밀면,88,88,관측체계 내 확정집계
2024-06-01,I20107,돼지고기 구이/찜,1631,1631,관측체계 내 확정집계
2024-06-01,I20108,소고기 구이/찜,191,191,관측체계 내 확정집계
2024-06-01,I20109,곱창 전골/구이,184,184,관측체계 내 확정집계
2024-06-01,I20110,닭/오리고기 구이/찜,233,233,관측체계 내 확정집계
2024-06-01,I20111,횟집,389,389,관측체계 내 확정집계
2024-06-01,I20112,해산물 구이/찜,332,332,관측체계 내 확정집계
2024-06-01,I20113,복 요리 전문,14,14,관측체계 내 확정집계
2024-06-01,I20199,기타 한식 음식점,58,58,관측체계 내 확정집계
2024-06-01,I20201,중국집,670,670,관측체계 내 확정집계
2024-06-01,I20202,마라탕/훠궈,122,122,관측체계 내 확정집계
2024-06-01,I20301,일식 회/초밥,532,532,관측체계 내 확정집계
2024-06-01,I20302,일식 카레/돈가스/덮밥,74,74,관측체계 내 확정집계
2024-06-01,I20303,일식 면 요리,76,76,관측체계 내 확정집계
2024-06-01,I20399,기타 일식 음식점,1,1,관측체계 내 확정집계
2024-06-01,I20401,경양식,513,513,관측체계 내 확정집계
2024-06-01,I20402,파스타/스테이크,76,76,관측체계 내 확정집계
2024-06-01,I20403,패밀리레스토랑,15,15,관측체계 내 확정집계
2024-06-01,I20499,기타 서양식 음식점,35,35,관측체계 내 확정집계
2024-06-01,I20501,베트남식 전문,115,115,관측체계 내 확정집계
2024-06-01,I20599,기타 동남아식 전문,9,9,관측체계 내 확정집계
2024-06-01,I20601,분류 안된 외국식 음식점,0,0,관측체계 내 확정집계
2024-06-01,I20701,구내식당,168,168,관측체계 내 확정집계
2024-06-01,I20702,뷔페,43,43,관측체계 내 확정집계
2024-06-01,I21001,빵/도넛,803,803,관측체계 내 확정집계
2024-06-01,I21002,떡/한과,288,288,관측체계 내 확정집계
2024-06-01,I21003,피자,573,573,관측체계 내 확정집계
2024-06-01,I21004,버거,174,174,관측체계 내 확정집계
2024-06-01,I21005,토스트/샌드위치/샐러드,103,103,관측체계 내 확정집계
2024-06-01,I21006,치킨,1193,1193,관측체계 내 확정집계
2024-06-01,I21007,김밥/만두/분식,1381,1381,관측체계 내 확정집계
2024-06-01,I21008,아이스크림/빙수,67,67,관측체계 내 확정집계
2024-06-01,I21099,그 외 기타 간이 음식점,177,177,관측체계 내 확정집계
2024-06-01,I21101,일반 유흥 주점,339,339,관측체계 내 확정집계
2024-06-01,I21102,무도 유흥 주점,18,18,관측체계 내 확정집계
2024-06-01,I21103,생맥주 전문,485,485,관측체계 내 확정집계
2024-06-01,I21104,요리 주점,1403,1403,관측체계 내 확정집계
2024-06-01,I21201,카페,3767,3767,관측체계 내 확정집계
2024-06-01,L10203,부동산 중개/대리업,2487,2487,관측체계 내 확정집계
2024-06-01,M10301,변호사,257,257,관측체계 내 확정집계
2024-06-01,M10302,변리사,106,106,관측체계 내 확정집계
2024-06-01,M10303,법무사,179,179,관측체계 내 확정집계
2024-06-01,M10306,행정사,84,84,관측체계 내 확정집계
2024-06-01,M10307,공인노무사,33,33,관측체계 내 확정집계
2024-06-01,M10399,기타 법무관련 서비스업,5,5,관측체계 내 확정집계
2024-06-01,M10401,공인회계사,33,33,관측체계 내 확정집계
2024-06-01,M10402,세무사,303,303,관측체계 내 확정집계
2024-06-01,M10499,기타 회계 관련 서비스업,1,1,관측체계 내 확정집계
2024-06-01,M10501,광고 대행업,559,559,관측체계 내 확정집계
2024-06-01,M10502,옥외/전시 광고 대행업,49,49,관측체계 내 확정집계
2024-06-01,M10503,광고 매체 판매업,21,21,관측체계 내 확정집계
2024-06-01,M10504,광고물 설계/제작업,298,298,관측체계 내 확정집계
2024-06-01,M10599,기타 광고 관련 서비스업,45,45,관측체계 내 확정집계
2024-06-01,M10601,시장 조사 및 여론 조사업,42,42,관측체계 내 확정집계
2024-06-01,M10703,경영 컨설팅업,965,965,관측체계 내 확정집계
2024-06-01,M10901,건축 설계 및 관련 서비스업,499,499,관측체계 내 확정집계
2024-06-01,M10902,도시 계획 및 조경 설계 서비스업,39,39,관측체계 내 확정집계
2024-06-01,M10903,건물 및 토목 엔지니어링 서비스업,148,148,관측체계 내 확정집계
2024-06-01,M10904,환경 관련 엔지니어링 서비스업,66,66,관측체계 내 확정집계
2024-06-01,M10999,기타 엔지니어링 서비스업,277,277,관측체계 내 확정집계
2024-06-01,M11101,동물병원,103,103,관측체계 내 확정집계
2024-06-01,M11201,인테리어 디자인업,685,685,관측체계 내 확정집계
2024-06-01,M11202,제품 디자인업,81,81,관측체계 내 확정집계
2024-06-01,M11203,시각 디자인업,292,292,관측체계 내 확정집계
2024-06-01,M11204,패션/섬유/기타 전문 디자인업,24,24,관측체계 내 확정집계
2024-06-01,M11301,사진촬영업,478,478,관측체계 내 확정집계
2024-06-01,M11401,명함/간판/광고물 제작,619,619,관측체계 내 확정집계
2024-06-01,M11502,번역/통역 서비스업,24,24,관측체계 내 확정집계
2024-06-01,M11504,사업/무형 재산권 중개업,58,58,관측체계 내 확정집계
2024-06-01,N10101,사업시설 유지·관리 서비스업,174,174,관측체계 내 확정집계
2024-06-01,N10201,건축물 일반 청소업,626,626,관측체계 내 확정집계
2024-06-01,N10202,"산업설비, 운송장비 및 공공장소 청소업",93,93,관측체계 내 확정집계
2024-06-01,N10203,"소독, 구충 및 방제 서비스업",124,124,관측체계 내 확정집계
2024-06-01,N10301,조경 유지·관리 서비스업,37,37,관측체계 내 확정집계
2024-06-01,N10401,고용 알선업,162,162,관측체계 내 확정집계
2024-06-01,N10402,임시/일용 인력 공급업,138,138,관측체계 내 확정집계
2024-06-01,N10403,상용 인력 공급 및 인사관리 서비스업,70,70,관측체계 내 확정집계
2024-06-01,N10501,여행사,291,291,관측체계 내 확정집계
2024-06-01,N10599,기타 여행 보조/예약 서비스업,24,24,관측체계 내 확정집계
2024-06-01,N10703,복사업,112,112,관측체계 내 확정집계
2024-06-01,N10799,기타 사무 지원 서비스업,28,28,관측체계 내 확정집계
2024-06-01,N10802,전시/컨벤션/행사 대행 서비스업,323,323,관측체계 내 확정집계
2024-06-01,N10805,포장/충전업,27,27,관측체계 내 확정집계
2024-06-01,N10901,자동차 대여업,86,86,관측체계 내 확정집계
2024-06-01,N10999,기타 운송장비 대여업,18,18,관측체계 내 확정집계
2024-06-01,N11001,스포츠/레크리에이션 용품 대여업,36,36,관측체계 내 확정집계
2024-06-01,N11002,음반/비디오물 대여업,3,3,관측체계 내 확정집계
2024-06-01,N11003,만화방,17,17,관측체계 내 확정집계
2024-06-01,N11004,의류 대여업,72,72,관측체계 내 확정집계
2024-06-01,N11099,기타 개인/가정용품 대여업,124,124,관측체계 내 확정집계
2024-06-01,N11101,건설기계/장비 대여업,55,55,관측체계 내 확정집계
2024-06-01,N11102,컴퓨터/사무기기 대여업,55,55,관측체계 내 확정집계
2024-06-01,N11199,기타 산업용 기계/장비 대여업,73,73,관측체계 내 확정집계
2024-06-01,P10501,입시·교과학원,872,872,관측체계 내 확정집계
2024-06-01,P10601,태권도/무술학원,208,208,관측체계 내 확정집계
2024-06-01,P10603,요가/필라테스 학원,481,481,관측체계 내 확정집계
2024-06-01,P10605,레크리에이션 교육기관,111,111,관측체계 내 확정집계
2024-06-01,P10607,청소년 수련시설,11,11,관측체계 내 확정집계
2024-06-01,P10609,음악학원,180,180,관측체계 내 확정집계
2024-06-01,P10611,미술학원,113,113,관측체계 내 확정집계
2024-06-01,P10613,기타 예술/스포츠 교육기관,120,120,관측체계 내 확정집계
2024-06-01,P10615,외국어학원,77,77,관측체계 내 확정집계
2024-06-01,P10617,전문자격/고시학원,22,22,관측체계 내 확정집계
2024-06-01,P10619,사회교육시설,25,25,관측체계 내 확정집계
2024-06-01,P10621,직원 훈련기관,67,67,관측체계 내 확정집계
2024-06-01,P10623,운전학원,14,14,관측체계 내 확정집계
2024-06-01,P10625,기타 기술/직업 훈련학원,356,356,관측체계 내 확정집계
2024-06-01,P10627,컴퓨터 학원,20,20,관측체계 내 확정집계
2024-06-01,P10629,그 외 기타 교육기관,195,195,관측체계 내 확정집계
2024-06-01,P10701,교육컨설팅업,115,115,관측체계 내 확정집계
2024-06-01,P10799,기타 교육지원 서비스업,167,167,관측체계 내 확정집계
2024-06-01,Q10101,종합병원,10,10,관측체계 내 확정집계
2024-06-01,Q10102,일반병원,23,23,관측체계 내 확정집계
2024-06-01,Q10103,치과병원,6,6,관측체계 내 확정집계
2024-06-01,Q10104,한방병원,14,14,관측체계 내 확정집계
2024-06-01,Q10105,요양병원,37,37,관측체계 내 확정집계
2024-06-01,Q10201,내과/소아과 의원,65,65,관측체계 내 확정집계
2024-06-01,Q10202,외과 의원,20,20,관측체계 내 확정집계
2024-06-01,Q10203,신경/정신과 의원,11,11,관측체계 내 확정집계
2024-06-01,Q10204,피부/비뇨기과 의원,120,120,관측체계 내 확정집계
2024-06-01,Q10205,안과 의원,17,17,관측체계 내 확정집계
2024-06-01,Q10206,이비인후과 의원,10,10,관측체계 내 확정집계
2024-06-01,Q10207,산부인과 의원,22,22,관측체계 내 확정집계
2024-06-01,Q10208,성형외과 의원,41,41,관측체계 내 확정집계
2024-06-01,Q10209,기타 의원,39,39,관측체계 내 확정집계
2024-06-01,Q10210,치과의원,156,156,관측체계 내 확정집계
2024-06-01,Q10211,한의원,78,78,관측체계 내 확정집계
2024-06-01,Q10212,방사선 진단/병리 검사 의원,10,10,관측체계 내 확정집계
2024-06-01,Q10402,유사 의료업,73,73,관측체계 내 확정집계
2024-06-01,R10202,독서실/스터디 카페,316,316,관측체계 내 확정집계
2024-06-01,R10306,종합 스포츠시설,28,28,관측체계 내 확정집계
2024-06-01,R10307,헬스장,390,390,관측체계 내 확정집계
2024-06-01,R10308,수영장,14,14,관측체계 내 확정집계
2024-06-01,R10309,볼링장,41,41,관측체계 내 확정집계
2024-06-01,R10310,당구장,311,311,관측체계 내 확정집계
2024-06-01,R10311,골프 연습장,315,315,관측체계 내 확정집계
2024-06-01,R10312,테니스장,80,80,관측체계 내 확정집계
2024-06-01,R10313,탁구장,46,46,관측체계 내 확정집계
2024-06-01,R10314,기타 스포츠시설 운영업,59,59,관측체계 내 확정집계
2024-06-01,R10316,스쿼시/라켓볼장,7,7,관측체계 내 확정집계
2024-06-01,R10402,비디오방,3,3,관측체계 내 확정집계
2024-06-01,R10404,전자 게임장,55,55,관측체계 내 확정집계
2024-06-01,R10405,기타 오락장,169,169,관측체계 내 확정집계
2024-06-01,R10406,PC방,229,229,관측체계 내 확정집계
2024-06-01,R10407,노래방,1094,1094,관측체계 내 확정집계
2024-06-01,R10408,낚시터 운영업,6,6,관측체계 내 확정집계
2024-06-01,R10409,수상/해양 레저업,5,5,관측체계 내 확정집계
2024-06-01,R10410,복권 발행/판매업,151,151,관측체계 내 확정집계
2024-06-01,R10414,바둑/장기/체스 경기 운영업,12,12,관측체계 내 확정집계
2024-06-01,R10499,기타 오락관련 서비스업,57,57,관측체계 내 확정집계
2024-06-01,S20101,컴퓨터/노트북/프린터 수리업,255,255,관측체계 내 확정집계
2024-06-01,S20201,핸드폰/통신장비 수리업,45,45,관측체계 내 확정집계
2024-06-01,S20301,자동차 정비소,1235,1235,관측체계 내 확정집계
2024-06-01,S20302,자동차 세차장,443,443,관측체계 내 확정집계
2024-06-01,S20401,모터사이클 수리업,83,83,관측체계 내 확정집계
2024-06-01,S20501,가전제품 수리업,391,391,관측체계 내 확정집계
2024-06-01,S20601,의류/이불 수선업,250,250,관측체계 내 확정집계
2024-06-01,S20602,가죽/가방/신발 수선업,16,16,관측체계 내 확정집계
2024-06-01,S20603,시계/귀금속/악기 수리업,9,9,관측체계 내 확정집계
2024-06-01,S20699,그 외 기타 개인/가정용품 수리업,219,219,관측체계 내 확정집계
2024-06-01,S20701,미용실,3591,3591,관측체계 내 확정집계
2024-06-01,S20702,피부 관리실,1041,1041,관측체계 내 확정집계
2024-06-01,S20703,네일숍,773,773,관측체계 내 확정집계
2024-06-01,S20801,목욕탕/사우나,91,91,관측체계 내 확정집계
2024-06-01,S20802,마사지/안마,159,159,관측체계 내 확정집계
2024-06-01,S20803,체형/비만 관리,68,68,관측체계 내 확정집계
2024-06-01,S20901,세탁소,574,574,관측체계 내 확정집계
2024-06-01,S20902,셀프 빨래방,187,187,관측체계 내 확정집계
2024-06-01,S21001,장례식장,106,106,관측체계 내 확정집계
2024-06-01,S21002,화장터/묘지/납골당,32,32,관측체계 내 확정집계
2024-06-01,S21101,예식장업,24,24,관측체계 내 확정집계
2024-06-01,S21105,결혼 상담 서비스업,73,73,관측체계 내 확정집계
2024-09-01,G20201,타이어 소매업,42,42,관측체계 내 확정집계
2024-09-01,G20202,자동차 부품 소매업,256,256,관측체계 내 확정집계
2024-09-01,G20301,모터사이클 및 부품 소매업,65,65,관측체계 내 확정집계
2024-09-01,G20404,슈퍼마켓,1500,1500,관측체계 내 확정집계
2024-09-01,G20405,편의점,1396,1396,관측체계 내 확정집계
2024-09-01,G20499,그 외 기타 종합 소매업,158,158,관측체계 내 확정집계
2024-09-01,G20501,곡물/곡분 소매업,33,33,관측체계 내 확정집계
2024-09-01,G20502,가축 사료 소매업,7,7,관측체계 내 확정집계
2024-09-01,G20503,정육점,393,393,관측체계 내 확정집계
2024-09-01,G20504,건어물/젓갈 소매업,77,77,관측체계 내 확정집계
2024-09-01,G20505,수산물 소매업,93,93,관측체계 내 확정집계
2024-09-01,G20506,채소/과일 소매업,278,278,관측체계 내 확정집계
2024-09-01,G20507,아이스크림 할인점,8,8,관측체계 내 확정집계
2024-09-01,G20508,건강보조식품 소매업,648,648,관측체계 내 확정집계
2024-09-01,G20509,반찬/식료품 소매업,342,342,관측체계 내 확정집계
2024-09-01,G20601,얼음 소매업,3,3,관측체계 내 확정집계
2024-09-01,G20602,주류 소매업,17,17,관측체계 내 확정집계
2024-09-01,G20603,생수/음료 소매업,28,28,관측체계 내 확정집계
2024-09-01,G20604,우유 소매업,18,18,관측체계 내 확정집계
2024-09-01,G20701,담배/전자담배 소매업,100,100,관측체계 내 확정집계
2024-09-01,G20801,컴퓨터/소프트웨어 소매업,235,235,관측체계 내 확정집계
2024-09-01,G20802,핸드폰 소매업,706,706,관측체계 내 확정집계
2024-09-01,G20803,가전제품 소매업,305,305,관측체계 내 확정집계
2024-09-01,G20901,남성 의류 소매업,263,263,관측체계 내 확정집계
2024-09-01,G20902,여성 의류 소매업,1043,1043,관측체계 내 확정집계
2024-09-01,G20903,유아용 의류 소매업,146,146,관측체계 내 확정집계
2024-09-01,G20904,한복 소매업,21,21,관측체계 내 확정집계
2024-09-01,G20905,기타 의류 소매업,2020,2020,관측체계 내 확정집계
2024-09-01,G20906,침구류/커튼 소매업,335,335,관측체계 내 확정집계
2024-09-01,G20907,액세서리/잡화 소매업,238,238,관측체계 내 확정집계
2024-09-01,G20908,가발 소매업,16,16,관측체계 내 확정집계
2024-09-01,G20909,실/섬유제품 소매업,97,97,관측체계 내 확정집계
2024-09-01,G20910,신발 소매업,270,270,관측체계 내 확정집계
2024-09-01,G20911,가방 소매업,133,133,관측체계 내 확정집계
2024-09-01,G21001,철물/공구 소매업,426,426,관측체계 내 확정집계
2024-09-01,G21002,벽지/장판/마루 소매업,170,170,관측체계 내 확정집계
2024-09-01,G21003,건설/건축자재 소매업,26,26,관측체계 내 확정집계
2024-09-01,G21099,기타 건설/건축자재 소매업,46,46,관측체계 내 확정집계
2024-09-01,G21101,가구 소매업,305,305,관측체계 내 확정집계
2024-09-01,G21201,전기용품/조명장치 소매업,195,195,관측체계 내 확정집계
2024-09-01,G21202,주방/가정용품 소매업,318,318,관측체계 내 확정집계
2024-09-01,G21203,악기 소매업,51,51,관측체계 내 확정집계
2024-09-01,G21301,서점,152,152,관측체계 내 확정집계
2024-09-01,G21302,문구/회화용품 소매업,287,287,관측체계 내 확정집계
2024-09-01,G21303,음반/비디오물 소매업,9,9,관측체계 내 확정집계
2024-09-01,G21304,운동용품 소매업,271,271,관측체계 내 확정집계
2024-09-01,G21305,자전거 소매업,100,100,관측체계 내 확정집계
2024-09-01,G21306,장난감 소매업,97,97,관측체계 내 확정집계
2024-09-01,G21401,주유소,251,251,관측체계 내 확정집계
2024-09-01,G21402,가스 충전소,45,45,관측체계 내 확정집계
2024-09-01,G21403,가정용 연료 소매업,103,103,관측체계 내 확정집계
2024-09-01,G21501,약국,712,712,관측체계 내 확정집계
2024-09-01,G21502,의료기기 소매업,213,213,관측체계 내 확정집계
2024-09-01,G21503,화장품 소매업,910,910,관측체계 내 확정집계
2024-09-01,G21601,사무기기 소매업,66,66,관측체계 내 확정집계
2024-09-01,G21602,안경렌즈 소매업,303,303,관측체계 내 확정집계
2024-09-01,G21603,사진기/기타 광학기기 소매업,19,19,관측체계 내 확정집계
2024-09-01,G21701,시계/귀금속 소매업,325,325,관측체계 내 확정집계
2024-09-01,G21801,예술품 소매업,115,115,관측체계 내 확정집계
2024-09-01,G21802,기념품점,148,148,관측체계 내 확정집계
2024-09-01,G21901,꽃집,318,318,관측체계 내 확정집계
2024-09-01,G22001,애완동물/애완용품 소매업,301,301,관측체계 내 확정집계
2024-09-01,G22199,그 외 기타 상품 전문 소매업,249,249,관측체계 내 확정집계
2024-09-01,G22201,중고 상품 소매업,358,358,관측체계 내 확정집계
2024-09-01,I10101,호텔/리조트,34,34,관측체계 내 확정집계
2024-09-01,I10102,여관/모텔,495,495,관측체계 내 확정집계
2024-09-01,I10103,펜션,67,67,관측체계 내 확정집계
2024-09-01,I10104,캠핑/글램핑,4,4,관측체계 내 확정집계
2024-09-01,I10201,기숙사/고시원,42,42,관측체계 내 확정집계
2024-09-01,I10299,그 외 기타 숙박업,5,5,관측체계 내 확정집계
2024-09-01,I20101,백반/한정식,4499,4499,관측체계 내 확정집계
2024-09-01,I20102,국/탕/찌개류,831,831,관측체계 내 확정집계
2024-09-01,I20103,족발/보쌈,205,205,관측체계 내 확정집계
2024-09-01,I20104,전/부침개,24,24,관측체계 내 확정집계
2024-09-01,I20105,국수/칼국수,707,707,관측체계 내 확정집계
2024-09-01,I20106,냉면/밀면,84,84,관측체계 내 확정집계
2024-09-01,I20107,돼지고기 구이/찜,1574,1574,관측체계 내 확정집계
2024-09-01,I20108,소고기 구이/찜,184,184,관측체계 내 확정집계
2024-09-01,I20109,곱창 전골/구이,179,179,관측체계 내 확정집계
2024-09-01,I20110,닭/오리고기 구이/찜,226,226,관측체계 내 확정집계
2024-09-01,I20111,횟집,375,375,관측체계 내 확정집계
2024-09-01,I20112,해산물 구이/찜,322,322,관측체계 내 확정집계
2024-09-01,I20113,복 요리 전문,14,14,관측체계 내 확정집계
2024-09-01,I20199,기타 한식 음식점,55,55,관측체계 내 확정집계
2024-09-01,I20201,중국집,637,637,관측체계 내 확정집계
2024-09-01,I20202,마라탕/훠궈,115,115,관측체계 내 확정집계
2024-09-01,I20301,일식 회/초밥,509,509,관측체계 내 확정집계
2024-09-01,I20302,일식 카레/돈가스/덮밥,71,71,관측체계 내 확정집계
2024-09-01,I20303,일식 면 요리,72,72,관측체계 내 확정집계
2024-09-01,I20399,기타 일식 음식점,2,2,관측체계 내 확정집계
2024-09-01,I20401,경양식,494,494,관측체계 내 확정집계
2024-09-01,I20402,파스타/스테이크,71,71,관측체계 내 확정집계
2024-09-01,I20403,패밀리레스토랑,15,15,관측체계 내 확정집계
2024-09-01,I20499,기타 서양식 음식점,34,34,관측체계 내 확정집계
2024-09-01,I20501,베트남식 전문,113,113,관측체계 내 확정집계
2024-09-01,I20599,기타 동남아식 전문,8,8,관측체계 내 확정집계
2024-09-01,I20601,분류 안된 외국식 음식점,0,0,관측체계 내 확정집계
2024-09-01,I20701,구내식당,166,166,관측체계 내 확정집계
2024-09-01,I20702,뷔페,42,42,관측체계 내 확정집계
2024-09-01,I21001,빵/도넛,773,773,관측체계 내 확정집계
2024-09-01,I21002,떡/한과,286,286,관측체계 내 확정집계
2024-09-01,I21003,피자,543,543,관측체계 내 확정집계
2024-09-01,I21004,버거,171,171,관측체계 내 확정집계
2024-09-01,I21005,토스트/샌드위치/샐러드,100,100,관측체계 내 확정집계
2024-09-01,I21006,치킨,1152,1152,관측체계 내 확정집계
2024-09-01,I21007,김밥/만두/분식,1328,1328,관측체계 내 확정집계
2024-09-01,I21008,아이스크림/빙수,66,66,관측체계 내 확정집계
2024-09-01,I21099,그 외 기타 간이 음식점,169,169,관측체계 내 확정집계
2024-09-01,I21101,일반 유흥 주점,315,315,관측체계 내 확정집계
2024-09-01,I21102,무도 유흥 주점,17,17,관측체계 내 확정집계
2024-09-01,I21103,생맥주 전문,459,459,관측체계 내 확정집계
2024-09-01,I21104,요리 주점,1334,1334,관측체계 내 확정집계
2024-09-01,I21201,카페,3605,3605,관측체계 내 확정집계
2024-09-01,L10203,부동산 중개/대리업,2435,2435,관측체계 내 확정집계
2024-09-01,M10301,변호사,255,255,관측체계 내 확정집계
2024-09-01,M10302,변리사,106,106,관측체계 내 확정집계
2024-09-01,M10303,법무사,179,179,관측체계 내 확정집계
2024-09-01,M10306,행정사,83,83,관측체계 내 확정집계
2024-09-01,M10307,공인노무사,32,32,관측체계 내 확정집계
2024-09-01,M10399,기타 법무관련 서비스업,5,5,관측체계 내 확정집계
2024-09-01,M10401,공인회계사,33,33,관측체계 내 확정집계
2024-09-01,M10402,세무사,303,303,관측체계 내 확정집계
2024-09-01,M10499,기타 회계 관련 서비스업,1,1,관측체계 내 확정집계
2024-09-01,M10501,광고 대행업,544,544,관측체계 내 확정집계
2024-09-01,M10502,옥외/전시 광고 대행업,49,49,관측체계 내 확정집계
2024-09-01,M10503,광고 매체 판매업,21,21,관측체계 내 확정집계
2024-09-01,M10504,광고물 설계/제작업,294,294,관측체계 내 확정집계
2024-09-01,M10599,기타 광고 관련 서비스업,45,45,관측체계 내 확정집계
2024-09-01,M10601,시장 조사 및 여론 조사업,42,42,관측체계 내 확정집계
2024-09-01,M10703,경영 컨설팅업,958,958,관측체계 내 확정집계
2024-09-01,M10901,건축 설계 및 관련 서비스업,495,495,관측체계 내 확정집계
2024-09-01,M10902,도시 계획 및 조경 설계 서비스업,39,39,관측체계 내 확정집계
2024-09-01,M10903,건물 및 토목 엔지니어링 서비스업,147,147,관측체계 내 확정집계
2024-09-01,M10904,환경 관련 엔지니어링 서비스업,64,64,관측체계 내 확정집계
2024-09-01,M10999,기타 엔지니어링 서비스업,272,272,관측체계 내 확정집계
2024-09-01,M11101,동물병원,103,103,관측체계 내 확정집계
2024-09-01,M11201,인테리어 디자인업,668,668,관측체계 내 확정집계
2024-09-01,M11202,제품 디자인업,76,76,관측체계 내 확정집계
2024-09-01,M11203,시각 디자인업,281,281,관측체계 내 확정집계
2024-09-01,M11204,패션/섬유/기타 전문 디자인업,24,24,관측체계 내 확정집계
2024-09-01,M11301,사진촬영업,471,471,관측체계 내 확정집계
2024-09-01,M11401,명함/간판/광고물 제작,613,613,관측체계 내 확정집계
2024-09-01,M11502,번역/통역 서비스업,24,24,관측체계 내 확정집계
2024-09-01,M11504,사업/무형 재산권 중개업,58,58,관측체계 내 확정집계
2024-09-01,N10101,사업시설 유지·관리 서비스업,172,172,관측체계 내 확정집계
2024-09-01,N10201,건축물 일반 청소업,619,619,관측체계 내 확정집계
2024-09-01,N10202,"산업설비, 운송장비 및 공공장소 청소업",92,92,관측체계 내 확정집계
2024-09-01,N10203,"소독, 구충 및 방제 서비스업",123,123,관측체계 내 확정집계
2024-09-01,N10301,조경 유지·관리 서비스업,37,37,관측체계 내 확정집계
2024-09-01,N10401,고용 알선업,159,159,관측체계 내 확정집계
2024-09-01,N10402,임시/일용 인력 공급업,134,134,관측체계 내 확정집계
2024-09-01,N10403,상용 인력 공급 및 인사관리 서비스업,68,68,관측체계 내 확정집계
2024-09-01,N10501,여행사,288,288,관측체계 내 확정집계
2024-09-01,N10599,기타 여행 보조/예약 서비스업,24,24,관측체계 내 확정집계
2024-09-01,N10703,복사업,112,112,관측체계 내 확정집계
2024-09-01,N10799,기타 사무 지원 서비스업,26,26,관측체계 내 확정집계
2024-09-01,N10802,전시/컨벤션/행사 대행 서비스업,318,318,관측체계 내 확정집계
2024-09-01,N10805,포장/충전업,27,27,관측체계 내 확정집계
2024-09-01,N10901,자동차 대여업,84,84,관측체계 내 확정집계
2024-09-01,N10999,기타 운송장비 대여업,18,18,관측체계 내 확정집계
2024-09-01,N11001,스포츠/레크리에이션 용품 대여업,35,35,관측체계 내 확정집계
2024-09-01,N11002,음반/비디오물 대여업,3,3,관측체계 내 확정집계
2024-09-01,N11003,만화방,17,17,관측체계 내 확정집계
2024-09-01,N11004,의류 대여업,71,71,관측체계 내 확정집계
2024-09-01,N11099,기타 개인/가정용품 대여업,122,122,관측체계 내 확정집계
2024-09-01,N11101,건설기계/장비 대여업,53,53,관측체계 내 확정집계
2024-09-01,N11102,컴퓨터/사무기기 대여업,55,55,관측체계 내 확정집계
2024-09-01,N11199,기타 산업용 기계/장비 대여업,73,73,관측체계 내 확정집계
2024-09-01,P10501,입시·교과학원,857,857,관측체계 내 확정집계
2024-09-01,P10601,태권도/무술학원,208,208,관측체계 내 확정집계
2024-09-01,P10603,요가/필라테스 학원,470,470,관측체계 내 확정집계
2024-09-01,P10605,레크리에이션 교육기관,107,107,관측체계 내 확정집계
2024-09-01,P10607,청소년 수련시설,11,11,관측체계 내 확정집계
2024-09-01,P10609,음악학원,177,177,관측체계 내 확정집계
2024-09-01,P10611,미술학원,111,111,관측체계 내 확정집계
2024-09-01,P10613,기타 예술/스포츠 교육기관,120,120,관측체계 내 확정집계
2024-09-01,P10615,외국어학원,77,77,관측체계 내 확정집계
2024-09-01,P10617,전문자격/고시학원,22,22,관측체계 내 확정집계
2024-09-01,P10619,사회교육시설,25,25,관측체계 내 확정집계
2024-09-01,P10621,직원 훈련기관,67,67,관측체계 내 확정집계
2024-09-01,P10623,운전학원,14,14,관측체계 내 확정집계
2024-09-01,P10625,기타 기술/직업 훈련학원,349,349,관측체계 내 확정집계
2024-09-01,P10627,컴퓨터 학원,20,20,관측체계 내 확정집계
2024-09-01,P10629,그 외 기타 교육기관,191,191,관측체계 내 확정집계
2024-09-01,P10701,교육컨설팅업,114,114,관측체계 내 확정집계
2024-09-01,P10799,기타 교육지원 서비스업,164,164,관측체계 내 확정집계
2024-09-01,Q10101,종합병원,10,10,관측체계 내 확정집계
2024-09-01,Q10102,일반병원,22,22,관측체계 내 확정집계
2024-09-01,Q10103,치과병원,6,6,관측체계 내 확정집계
2024-09-01,Q10104,한방병원,14,14,관측체계 내 확정집계
2024-09-01,Q10105,요양병원,37,37,관측체계 내 확정집계
2024-09-01,Q10201,내과/소아과 의원,64,64,관측체계 내 확정집계
2024-09-01,Q10202,외과 의원,19,19,관측체계 내 확정집계
2024-09-01,Q10203,신경/정신과 의원,11,11,관측체계 내 확정집계
2024-09-01,Q10204,피부/비뇨기과 의원,120,120,관측체계 내 확정집계
2024-09-01,Q10205,안과 의원,17,17,관측체계 내 확정집계
2024-09-01,Q10206,이비인후과 의원,10,10,관측체계 내 확정집계
2024-09-01,Q10207,산부인과 의원,23,23,관측체계 내 확정집계
2024-09-01,Q10208,성형외과 의원,40,40,관측체계 내 확정집계
2024-09-01,Q10209,기타 의원,38,38,관측체계 내 확정집계
2024-09-01,Q10210,치과의원,155,155,관측체계 내 확정집계
2024-09-01,Q10211,한의원,77,77,관측체계 내 확정집계
2024-09-01,Q10212,방사선 진단/병리 검사 의원,10,10,관측체계 내 확정집계
2024-09-01,Q10402,유사 의료업,71,71,관측체계 내 확정집계
2024-09-01,R10202,독서실/스터디 카페,305,305,관측체계 내 확정집계
2024-09-01,R10306,종합 스포츠시설,28,28,관측체계 내 확정집계
2024-09-01,R10307,헬스장,384,384,관측체계 내 확정집계
2024-09-01,R10308,수영장,14,14,관측체계 내 확정집계
2024-09-01,R10309,볼링장,41,41,관측체계 내 확정집계
2024-09-01,R10310,당구장,295,295,관측체계 내 확정집계
2024-09-01,R10311,골프 연습장,294,294,관측체계 내 확정집계
2024-09-01,R10312,테니스장,79,79,관측체계 내 확정집계
2024-09-01,R10313,탁구장,47,47,관측체계 내 확정집계
2024-09-01,R10314,기타 스포츠시설 운영업,58,58,관측체계 내 확정집계
2024-09-01,R10316,스쿼시/라켓볼장,7,7,관측체계 내 확정집계
2024-09-01,R10402,비디오방,3,3,관측체계 내 확정집계
2024-09-01,R10404,전자 게임장,54,54,관측체계 내 확정집계
2024-09-01,R10405,기타 오락장,161,161,관측체계 내 확정집계
2024-09-01,R10406,PC방,219,219,관측체계 내 확정집계
2024-09-01,R10407,노래방,1073,1073,관측체계 내 확정집계
2024-09-01,R10408,낚시터 운영업,6,6,관측체계 내 확정집계
2024-09-01,R10409,수상/해양 레저업,4,4,관측체계 내 확정집계
2024-09-01,R10410,복권 발행/판매업,151,151,관측체계 내 확정집계
2024-09-01,R10414,바둑/장기/체스 경기 운영업,13,13,관측체계 내 확정집계
2024-09-01,R10499,기타 오락관련 서비스업,57,57,관측체계 내 확정집계
2024-09-01,S20101,컴퓨터/노트북/프린터 수리업,254,254,관측체계 내 확정집계
2024-09-01,S20201,핸드폰/통신장비 수리업,43,43,관측체계 내 확정집계
2024-09-01,S20301,자동차 정비소,1219,1219,관측체계 내 확정집계
2024-09-01,S20302,자동차 세차장,432,432,관측체계 내 확정집계
2024-09-01,S20401,모터사이클 수리업,83,83,관측체계 내 확정집계
2024-09-01,S20501,가전제품 수리업,385,385,관측체계 내 확정집계
2024-09-01,S20601,의류/이불 수선업,246,246,관측체계 내 확정집계
2024-09-01,S20602,가죽/가방/신발 수선업,14,14,관측체계 내 확정집계
2024-09-01,S20603,시계/귀금속/악기 수리업,9,9,관측체계 내 확정집계
2024-09-01,S20699,그 외 기타 개인/가정용품 수리업,215,215,관측체계 내 확정집계
2024-09-01,S20701,미용실,3548,3548,관측체계 내 확정집계
2024-09-01,S20702,피부 관리실,1013,1013,관측체계 내 확정집계
2024-09-01,S20703,네일숍,758,758,관측체계 내 확정집계
2024-09-01,S20801,목욕탕/사우나,88,88,관측체계 내 확정집계
2024-09-01,S20802,마사지/안마,154,154,관측체계 내 확정집계
2024-09-01,S20803,체형/비만 관리,63,63,관측체계 내 확정집계
2024-09-01,S20901,세탁소,561,561,관측체계 내 확정집계
2024-09-01,S20902,셀프 빨래방,185,185,관측체계 내 확정집계
2024-09-01,S21001,장례식장,106,106,관측체계 내 확정집계
2024-09-01,S21002,화장터/묘지/납골당,32,32,관측체계 내 확정집계
2024-09-01,S21101,예식장업,23,23,관측체계 내 확정집계
2024-09-01,S21105,결혼 상담 서비스업,73,73,관측체계 내 확정집계
2024-12-01,G20201,타이어 소매업,36,36,관측체계 내 확정집계
2024-12-01,G20202,자동차 부품 소매업,295,295,관측체계 내 확정집계
2024-12-01,G20301,모터사이클 및 부품 소매업,67,67,관측체계 내 확정집계
2024-12-01,G20404,슈퍼마켓,1583,1583,관측체계 내 확정집계
2024-12-01,G20405,편의점,1456,1456,관측체계 내 확정집계
2024-12-01,G20499,그 외 기타 종합 소매업,160,160,관측체계 내 확정집계
2024-12-01,G20501,곡물/곡분 소매업,74,74,관측체계 내 확정집계
2024-12-01,G20502,가축 사료 소매업,52,52,관측체계 내 확정집계
2024-12-01,G20503,정육점,670,670,관측체계 내 확정집계
2024-12-01,G20504,건어물/젓갈 소매업,135,135,관측체계 내 확정집계
2024-12-01,G20505,수산물 소매업,173,173,관측체계 내 확정집계
2024-12-01,G20506,채소/과일 소매업,506,506,관측체계 내 확정집계
2024-12-01,G20507,아이스크림 할인점,6,6,관측체계 내 확정집계
2024-12-01,G20508,건강보조식품 소매업,679,679,관측체계 내 확정집계
2024-12-01,G20509,반찬/식료품 소매업,379,379,관측체계 내 확정집계
2024-12-01,G20601,얼음 소매업,4,4,관측체계 내 확정집계
2024-12-01,G20602,주류 소매업,19,19,관측체계 내 확정집계
2024-12-01,G20603,생수/음료 소매업,25,25,관측체계 내 확정집계
2024-12-01,G20604,우유 소매업,19,19,관측체계 내 확정집계
2024-12-01,G20701,담배/전자담배 소매업,98,98,관측체계 내 확정집계
2024-12-01,G20801,컴퓨터/소프트웨어 소매업,229,229,관측체계 내 확정집계
2024-12-01,G20802,핸드폰 소매업,751,751,관측체계 내 확정집계
2024-12-01,G20803,가전제품 소매업,267,267,관측체계 내 확정집계
2024-12-01,G20901,남성 의류 소매업,318,318,관측체계 내 확정집계
2024-12-01,G20902,여성 의류 소매업,1173,1173,관측체계 내 확정집계
2024-12-01,G20903,유아용 의류 소매업,173,173,관측체계 내 확정집계
2024-12-01,G20904,한복 소매업,17,17,관측체계 내 확정집계
2024-12-01,G20905,기타 의류 소매업,2312,2312,관측체계 내 확정집계
2024-12-01,G20906,침구류/커튼 소매업,361,361,관측체계 내 확정집계
2024-12-01,G20907,액세서리/잡화 소매업,250,250,관측체계 내 확정집계
2024-12-01,G20908,가발 소매업,34,34,관측체계 내 확정집계
2024-12-01,G20909,실/섬유제품 소매업,93,93,관측체계 내 확정집계
2024-12-01,G20910,신발 소매업,297,297,관측체계 내 확정집계
2024-12-01,G20911,가방 소매업,146,146,관측체계 내 확정집계
2024-12-01,G21001,철물/공구 소매업,430,430,관측체계 내 확정집계
2024-12-01,G21002,벽지/장판/마루 소매업,159,159,관측체계 내 확정집계
2024-12-01,G21003,건설/건축자재 소매업,24,24,관측체계 내 확정집계
2024-12-01,G21099,기타 건설/건축자재 소매업,49,49,관측체계 내 확정집계
2024-12-01,G21101,가구 소매업,354,354,관측체계 내 확정집계
2024-12-01,G21201,전기용품/조명장치 소매업,213,213,관측체계 내 확정집계
2024-12-01,G21202,주방/가정용품 소매업,366,366,관측체계 내 확정집계
2024-12-01,G21203,악기 소매업,58,58,관측체계 내 확정집계
2024-12-01,G21301,서점,246,246,관측체계 내 확정집계
2024-12-01,G21302,문구/회화용품 소매업,315,315,관측체계 내 확정집계
2024-12-01,G21303,음반/비디오물 소매업,9,9,관측체계 내 확정집계
2024-12-01,G21304,운동용품 소매업,292,292,관측체계 내 확정집계
2024-12-01,G21305,자전거 소매업,100,100,관측체계 내 확정집계
2024-12-01,G21306,장난감 소매업,110,110,관측체계 내 확정집계
2024-12-01,G21401,주유소,255,255,관측체계 내 확정집계
2024-12-01,G21402,가스 충전소,46,46,관측체계 내 확정집계
2024-12-01,G21403,가정용 연료 소매업,125,125,관측체계 내 확정집계
2024-12-01,G21501,약국,740,740,관측체계 내 확정집계
2024-12-01,G21502,의료기기 소매업,252,252,관측체계 내 확정집계
2024-12-01,G21503,화장품 소매업,988,988,관측체계 내 확정집계
2024-12-01,G21601,사무기기 소매업,74,74,관측체계 내 확정집계
2024-12-01,G21602,안경렌즈 소매업,314,314,관측체계 내 확정집계
2024-12-01,G21603,사진기/기타 광학기기 소매업,23,23,관측체계 내 확정집계
2024-12-01,G21701,시계/귀금속 소매업,344,344,관측체계 내 확정집계
2024-12-01,G21801,예술품 소매업,135,135,관측체계 내 확정집계
2024-12-01,G21802,기념품점,155,155,관측체계 내 확정집계
2024-12-01,G21901,꽃집,626,626,관측체계 내 확정집계
2024-12-01,G22001,애완동물/애완용품 소매업,360,360,관측체계 내 확정집계
2024-12-01,G22199,그 외 기타 상품 전문 소매업,451,451,관측체계 내 확정집계
2024-12-01,G22201,중고 상품 소매업,387,387,관측체계 내 확정집계
2024-12-01,I10101,호텔/리조트,30,30,관측체계 내 확정집계
2024-12-01,I10102,여관/모텔,535,535,관측체계 내 확정집계
2024-12-01,I10103,펜션,93,93,관측체계 내 확정집계
2024-12-01,I10104,캠핑/글램핑,7,7,관측체계 내 확정집계
2024-12-01,I10201,기숙사/고시원,51,51,관측체계 내 확정집계
2024-12-01,I10299,그 외 기타 숙박업,5,5,관측체계 내 확정집계
2024-12-01,I20101,백반/한정식,5112,5112,관측체계 내 확정집계
2024-12-01,I20102,국/탕/찌개류,948,948,관측체계 내 확정집계
2024-12-01,I20103,족발/보쌈,237,237,관측체계 내 확정집계
2024-12-01,I20104,전/부침개,24,24,관측체계 내 확정집계
2024-12-01,I20105,국수/칼국수,775,775,관측체계 내 확정집계
2024-12-01,I20106,냉면/밀면,97,97,관측체계 내 확정집계
2024-12-01,I20107,돼지고기 구이/찜,1881,1881,관측체계 내 확정집계
2024-12-01,I20108,소고기 구이/찜,215,215,관측체계 내 확정집계
2024-12-01,I20109,곱창 전골/구이,202,202,관측체계 내 확정집계
2024-12-01,I20110,닭/오리고기 구이/찜,254,254,관측체계 내 확정집계
2024-12-01,I20111,횟집,435,435,관측체계 내 확정집계
2024-12-01,I20112,해산물 구이/찜,370,370,관측체계 내 확정집계
2024-12-01,I20113,복 요리 전문,17,17,관측체계 내 확정집계
2024-12-01,I20199,기타 한식 음식점,66,66,관측체계 내 확정집계
2024-12-01,I20201,중국집,739,739,관측체계 내 확정집계
2024-12-01,I20202,마라탕/훠궈,133,133,관측체계 내 확정집계
2024-12-01,I20301,일식 회/초밥,580,580,관측체계 내 확정집계
2024-12-01,I20302,일식 카레/돈가스/덮밥,78,78,관측체계 내 확정집계
2024-12-01,I20303,일식 면 요리,85,85,관측체계 내 확정집계
2024-12-01,I20399,기타 일식 음식점,9,9,관측체계 내 확정집계
2024-12-01,I20401,경양식,536,536,관측체계 내 확정집계
2024-12-01,I20402,파스타/스테이크,76,76,관측체계 내 확정집계
2024-12-01,I20403,패밀리레스토랑,14,14,관측체계 내 확정집계
2024-12-01,I20499,기타 서양식 음식점,38,38,관측체계 내 확정집계
2024-12-01,I20501,베트남식 전문,145,145,관측체계 내 확정집계
2024-12-01,I20599,기타 동남아식 전문,11,11,관측체계 내 확정집계
2024-12-01,I20601,분류 안된 외국식 음식점,0,0,관측체계 내 확정집계
2024-12-01,I20701,구내식당,153,153,관측체계 내 확정집계
2024-12-01,I20702,뷔페,54,54,관측체계 내 확정집계
2024-12-01,I21001,빵/도넛,879,879,관측체계 내 확정집계
2024-12-01,I21002,떡/한과,293,293,관측체계 내 확정집계
2024-12-01,I21003,피자,599,599,관측체계 내 확정집계
2024-12-01,I21004,버거,175,175,관측체계 내 확정집계
2024-12-01,I21005,토스트/샌드위치/샐러드,120,120,관측체계 내 확정집계
2024-12-01,I21006,치킨,1259,1259,관측체계 내 확정집계
2024-12-01,I21007,김밥/만두/분식,1449,1449,관측체계 내 확정집계
2024-12-01,I21008,아이스크림/빙수,77,77,관측체계 내 확정집계
2024-12-01,I21099,그 외 기타 간이 음식점,210,210,관측체계 내 확정집계
2024-12-01,I21101,일반 유흥 주점,279,279,관측체계 내 확정집계
2024-12-01,I21102,무도 유흥 주점,20,20,관측체계 내 확정집계
2024-12-01,I21103,생맥주 전문,487,487,관측체계 내 확정집계
2024-12-01,I21104,요리 주점,1642,1642,관측체계 내 확정집계
2024-12-01,I21201,카페,4065,4065,관측체계 내 확정집계
2024-12-01,L10203,부동산 중개/대리업,2557,2557,관측체계 내 확정집계
2024-12-01,M10301,변호사,291,291,관측체계 내 확정집계
2024-12-01,M10302,변리사,119,119,관측체계 내 확정집계
2024-12-01,M10303,법무사,188,188,관측체계 내 확정집계
2024-12-01,M10306,행정사,96,96,관측체계 내 확정집계
2024-12-01,M10307,공인노무사,39,39,관측체계 내 확정집계
2024-12-01,M10399,기타 법무관련 서비스업,4,4,관측체계 내 확정집계
2024-12-01,M10401,공인회계사,45,45,관측체계 내 확정집계
2024-12-01,M10402,세무사,311,311,관측체계 내 확정집계
2024-12-01,M10499,기타 회계 관련 서비스업,2,2,관측체계 내 확정집계
2024-12-01,M10501,광고 대행업,677,677,관측체계 내 확정집계
2024-12-01,M10502,옥외/전시 광고 대행업,49,49,관측체계 내 확정집계
2024-12-01,M10503,광고 매체 판매업,18,18,관측체계 내 확정집계
2024-12-01,M10504,광고물 설계/제작업,281,281,관측체계 내 확정집계
2024-12-01,M10599,기타 광고 관련 서비스업,54,54,관측체계 내 확정집계
2024-12-01,M10601,시장 조사 및 여론 조사업,44,44,관측체계 내 확정집계
2024-12-01,M10703,경영 컨설팅업,1000,1000,관측체계 내 확정집계
2024-12-01,M10901,건축 설계 및 관련 서비스업,508,508,관측체계 내 확정집계
2024-12-01,M10902,도시 계획 및 조경 설계 서비스업,45,45,관측체계 내 확정집계
2024-12-01,M10903,건물 및 토목 엔지니어링 서비스업,157,157,관측체계 내 확정집계
2024-12-01,M10904,환경 관련 엔지니어링 서비스업,67,67,관측체계 내 확정집계
2024-12-01,M10999,기타 엔지니어링 서비스업,281,281,관측체계 내 확정집계
2024-12-01,M11101,동물병원,113,113,관측체계 내 확정집계
2024-12-01,M11201,인테리어 디자인업,737,737,관측체계 내 확정집계
2024-12-01,M11202,제품 디자인업,94,94,관측체계 내 확정집계
2024-12-01,M11203,시각 디자인업,305,305,관측체계 내 확정집계
2024-12-01,M11204,패션/섬유/기타 전문 디자인업,23,23,관측체계 내 확정집계
2024-12-01,M11301,사진촬영업,546,546,관측체계 내 확정집계
2024-12-01,M11401,명함/간판/광고물 제작,648,648,관측체계 내 확정집계
2024-12-01,M11502,번역/통역 서비스업,68,68,관측체계 내 확정집계
2024-12-01,M11504,사업/무형 재산권 중개업,68,68,관측체계 내 확정집계
2024-12-01,N10101,사업시설 유지·관리 서비스업,188,188,관측체계 내 확정집계
2024-12-01,N10201,건축물 일반 청소업,733,733,관측체계 내 확정집계
2024-12-01,N10202,"산업설비, 운송장비 및 공공장소 청소업",127,127,관측체계 내 확정집계
2024-12-01,N10203,"소독, 구충 및 방제 서비스업",151,151,관측체계 내 확정집계
2024-12-01,N10301,조경 유지·관리 서비스업,37,37,관측체계 내 확정집계
2024-12-01,N10401,고용 알선업,278,278,관측체계 내 확정집계
2024-12-01,N10402,임시/일용 인력 공급업,148,148,관측체계 내 확정집계
2024-12-01,N10403,상용 인력 공급 및 인사관리 서비스업,72,72,관측체계 내 확정집계
2024-12-01,N10501,여행사,307,307,관측체계 내 확정집계
2024-12-01,N10599,기타 여행 보조/예약 서비스업,29,29,관측체계 내 확정집계
2024-12-01,N10703,복사업,110,110,관측체계 내 확정집계
2024-12-01,N10799,기타 사무 지원 서비스업,30,30,관측체계 내 확정집계
2024-12-01,N10802,전시/컨벤션/행사 대행 서비스업,353,353,관측체계 내 확정집계
2024-12-01,N10805,포장/충전업,30,30,관측체계 내 확정집계
2024-12-01,N10901,자동차 대여업,102,102,관측체계 내 확정집계
2024-12-01,N10999,기타 운송장비 대여업,20,20,관측체계 내 확정집계
2024-12-01,N11001,스포츠/레크리에이션 용품 대여업,36,36,관측체계 내 확정집계
2024-12-01,N11002,음반/비디오물 대여업,3,3,관측체계 내 확정집계
2024-12-01,N11003,만화방,23,23,관측체계 내 확정집계
2024-12-01,N11004,의류 대여업,76,76,관측체계 내 확정집계
2024-12-01,N11099,기타 개인/가정용품 대여업,145,145,관측체계 내 확정집계
2024-12-01,N11101,건설기계/장비 대여업,62,62,관측체계 내 확정집계
2024-12-01,N11102,컴퓨터/사무기기 대여업,60,60,관측체계 내 확정집계
2024-12-01,N11199,기타 산업용 기계/장비 대여업,88,88,관측체계 내 확정집계
2024-12-01,P10501,입시·교과학원,1801,1801,관측체계 내 확정집계
2024-12-01,P10601,태권도/무술학원,396,396,관측체계 내 확정집계
2024-12-01,P10603,요가/필라테스 학원,538,538,관측체계 내 확정집계
2024-12-01,P10605,레크리에이션 교육기관,147,147,관측체계 내 확정집계
2024-12-01,P10607,청소년 수련시설,11,11,관측체계 내 확정집계
2024-12-01,P10609,음악학원,458,458,관측체계 내 확정집계
2024-12-01,P10611,미술학원,252,252,관측체계 내 확정집계
2024-12-01,P10613,기타 예술/스포츠 교육기관,149,149,관측체계 내 확정집계
2024-12-01,P10615,외국어학원,154,154,관측체계 내 확정집계
2024-12-01,P10617,전문자격/고시학원,22,22,관측체계 내 확정집계
2024-12-01,P10619,사회교육시설,25,25,관측체계 내 확정집계
2024-12-01,P10621,직원 훈련기관,88,88,관측체계 내 확정집계
2024-12-01,P10623,운전학원,17,17,관측체계 내 확정집계
2024-12-01,P10625,기타 기술/직업 훈련학원,552,552,관측체계 내 확정집계
2024-12-01,P10627,컴퓨터 학원,47,47,관측체계 내 확정집계
2024-12-01,P10629,그 외 기타 교육기관,233,233,관측체계 내 확정집계
2024-12-01,P10701,교육컨설팅업,142,142,관측체계 내 확정집계
2024-12-01,P10799,기타 교육지원 서비스업,177,177,관측체계 내 확정집계
2024-12-01,Q10101,종합병원,11,11,관측체계 내 확정집계
2024-12-01,Q10102,일반병원,36,36,관측체계 내 확정집계
2024-12-01,Q10103,치과병원,10,10,관측체계 내 확정집계
2024-12-01,Q10104,한방병원,15,15,관측체계 내 확정집계
2024-12-01,Q10105,요양병원,48,48,관측체계 내 확정집계
2024-12-01,Q10201,내과/소아과 의원,267,267,관측체계 내 확정집계
2024-12-01,Q10202,외과 의원,110,110,관측체계 내 확정집계
2024-12-01,Q10203,신경/정신과 의원,66,66,관측체계 내 확정집계
2024-12-01,Q10204,피부/비뇨기과 의원,141,141,관측체계 내 확정집계
2024-12-01,Q10205,안과 의원,36,36,관측체계 내 확정집계
2024-12-01,Q10206,이비인후과 의원,54,54,관측체계 내 확정집계
2024-12-01,Q10207,산부인과 의원,41,41,관측체계 내 확정집계
2024-12-01,Q10208,성형외과 의원,44,44,관측체계 내 확정집계
2024-12-01,Q10209,기타 의원,104,104,관측체계 내 확정집계
2024-12-01,Q10210,치과의원,410,410,관측체계 내 확정집계
2024-12-01,Q10211,한의원,372,372,관측체계 내 확정집계
2024-12-01,Q10212,방사선 진단/병리 검사 의원,22,22,관측체계 내 확정집계
2024-12-01,Q10402,유사 의료업,143,143,관측체계 내 확정집계
2024-12-01,R10202,독서실/스터디 카페,352,352,관측체계 내 확정집계
2024-12-01,R10306,종합 스포츠시설,24,24,관측체계 내 확정집계
2024-12-01,R10307,헬스장,479,479,관측체계 내 확정집계
2024-12-01,R10308,수영장,15,15,관측체계 내 확정집계
2024-12-01,R10309,볼링장,42,42,관측체계 내 확정집계
2024-12-01,R10310,당구장,330,330,관측체계 내 확정집계
2024-12-01,R10311,골프 연습장,354,354,관측체계 내 확정집계
2024-12-01,R10312,테니스장,77,77,관측체계 내 확정집계
2024-12-01,R10313,탁구장,46,46,관측체계 내 확정집계
2024-12-01,R10314,기타 스포츠시설 운영업,55,55,관측체계 내 확정집계
2024-12-01,R10316,스쿼시/라켓볼장,5,5,관측체계 내 확정집계
2024-12-01,R10402,비디오방,3,3,관측체계 내 확정집계
2024-12-01,R10404,전자 게임장,59,59,관측체계 내 확정집계
2024-12-01,R10405,기타 오락장,178,178,관측체계 내 확정집계
2024-12-01,R10406,PC방,245,245,관측체계 내 확정집계
2024-12-01,R10407,노래방,1150,1150,관측체계 내 확정집계
2024-12-01,R10408,낚시터 운영업,5,5,관측체계 내 확정집계
2024-12-01,R10409,수상/해양 레저업,7,7,관측체계 내 확정집계
2024-12-01,R10410,복권 발행/판매업,178,178,관측체계 내 확정집계
2024-12-01,R10414,바둑/장기/체스 경기 운영업,11,11,관측체계 내 확정집계
2024-12-01,R10499,기타 오락관련 서비스업,86,86,관측체계 내 확정집계
2024-12-01,S20101,컴퓨터/노트북/프린터 수리업,249,249,관측체계 내 확정집계
2024-12-01,S20201,핸드폰/통신장비 수리업,52,52,관측체계 내 확정집계
2024-12-01,S20301,자동차 정비소,1257,1257,관측체계 내 확정집계
2024-12-01,S20302,자동차 세차장,530,530,관측체계 내 확정집계
2024-12-01,S20401,모터사이클 수리업,91,91,관측체계 내 확정집계
2024-12-01,S20501,가전제품 수리업,409,409,관측체계 내 확정집계
2024-12-01,S20601,의류/이불 수선업,247,247,관측체계 내 확정집계
2024-12-01,S20602,가죽/가방/신발 수선업,21,21,관측체계 내 확정집계
2024-12-01,S20603,시계/귀금속/악기 수리업,9,9,관측체계 내 확정집계
2024-12-01,S20699,그 외 기타 개인/가정용품 수리업,276,276,관측체계 내 확정집계
2024-12-01,S20701,미용실,3965,3965,관측체계 내 확정집계
2024-12-01,S20702,피부 관리실,1207,1207,관측체계 내 확정집계
2024-12-01,S20703,네일숍,839,839,관측체계 내 확정집계
2024-12-01,S20801,목욕탕/사우나,94,94,관측체계 내 확정집계
2024-12-01,S20802,마사지/안마,223,223,관측체계 내 확정집계
2024-12-01,S20803,체형/비만 관리,82,82,관측체계 내 확정집계
2024-12-01,S20901,세탁소,594,594,관측체계 내 확정집계
2024-12-01,S20902,셀프 빨래방,197,197,관측체계 내 확정집계
2024-12-01,S21001,장례식장,184,184,관측체계 내 확정집계
2024-12-01,S21002,화장터/묘지/납골당,44,44,관측체계 내 확정집계
2024-12-01,S21101,예식장업,26,26,관측체계 내 확정집계
2024-12-01,S21105,결혼 상담 서비스업,94,94,관측체계 내 확정집계
2025-03-01,G20201,타이어 소매업,39,39,관측체계 내 확정집계
2025-03-01,G20202,자동차 부품 소매업,256,256,관측체계 내 확정집계
2025-03-01,G20301,모터사이클 및 부품 소매업,68,68,관측체계 내 확정집계
2025-03-01,G20404,슈퍼마켓,1545,1545,관측체계 내 확정집계
2025-03-01,G20405,편의점,1459,1459,관측체계 내 확정집계
2025-03-01,G20499,그 외 기타 종합 소매업,164,164,관측체계 내 확정집계
2025-03-01,G20501,곡물/곡분 소매업,72,72,관측체계 내 확정집계
2025-03-01,G20502,가축 사료 소매업,13,13,관측체계 내 확정집계
2025-03-01,G20503,정육점,645,645,관측체계 내 확정집계
2025-03-01,G20504,건어물/젓갈 소매업,132,132,관측체계 내 확정집계
2025-03-01,G20505,수산물 소매업,165,165,관측체계 내 확정집계
2025-03-01,G20506,채소/과일 소매업,508,508,관측체계 내 확정집계
2025-03-01,G20507,아이스크림 할인점,7,7,관측체계 내 확정집계
2025-03-01,G20508,건강보조식품 소매업,647,647,관측체계 내 확정집계
2025-03-01,G20509,반찬/식료품 소매업,375,375,관측체계 내 확정집계
2025-03-01,G20601,얼음 소매업,4,4,관측체계 내 확정집계
2025-03-01,G20602,주류 소매업,18,18,관측체계 내 확정집계
2025-03-01,G20603,생수/음료 소매업,22,22,관측체계 내 확정집계
2025-03-01,G20604,우유 소매업,18,18,관측체계 내 확정집계
2025-03-01,G20701,담배/전자담배 소매업,94,94,관측체계 내 확정집계
2025-03-01,G20801,컴퓨터/소프트웨어 소매업,225,225,관측체계 내 확정집계
2025-03-01,G20802,핸드폰 소매업,744,744,관측체계 내 확정집계
2025-03-01,G20803,가전제품 소매업,267,267,관측체계 내 확정집계
2025-03-01,G20901,남성 의류 소매업,315,315,관측체계 내 확정집계
2025-03-01,G20902,여성 의류 소매업,1156,1156,관측체계 내 확정집계
2025-03-01,G20903,유아용 의류 소매업,164,164,관측체계 내 확정집계
2025-03-01,G20904,한복 소매업,17,17,관측체계 내 확정집계
2025-03-01,G20905,기타 의류 소매업,2106,2106,관측체계 내 확정집계
2025-03-01,G20906,침구류/커튼 소매업,344,344,관측체계 내 확정집계
2025-03-01,G20907,액세서리/잡화 소매업,245,245,관측체계 내 확정집계
2025-03-01,G20908,가발 소매업,20,20,관측체계 내 확정집계
2025-03-01,G20909,실/섬유제품 소매업,90,90,관측체계 내 확정집계
2025-03-01,G20910,신발 소매업,280,280,관측체계 내 확정집계
2025-03-01,G20911,가방 소매업,141,141,관측체계 내 확정집계
2025-03-01,G21001,철물/공구 소매업,428,428,관측체계 내 확정집계
2025-03-01,G21002,벽지/장판/마루 소매업,158,158,관측체계 내 확정집계
2025-03-01,G21003,건설/건축자재 소매업,27,27,관측체계 내 확정집계
2025-03-01,G21099,기타 건설/건축자재 소매업,48,48,관측체계 내 확정집계
2025-03-01,G21101,가구 소매업,316,316,관측체계 내 확정집계
2025-03-01,G21201,전기용품/조명장치 소매업,182,182,관측체계 내 확정집계
2025-03-01,G21202,주방/가정용품 소매업,330,330,관측체계 내 확정집계
2025-03-01,G21203,악기 소매업,53,53,관측체계 내 확정집계
2025-03-01,G21301,서점,251,251,관측체계 내 확정집계
2025-03-01,G21302,문구/회화용품 소매업,294,294,관측체계 내 확정집계
2025-03-01,G21303,음반/비디오물 소매업,9,9,관측체계 내 확정집계
2025-03-01,G21304,운동용품 소매업,283,283,관측체계 내 확정집계
2025-03-01,G21305,자전거 소매업,97,97,관측체계 내 확정집계
2025-03-01,G21306,장난감 소매업,104,104,관측체계 내 확정집계
2025-03-01,G21401,주유소,255,255,관측체계 내 확정집계
2025-03-01,G21402,가스 충전소,44,44,관측체계 내 확정집계
2025-03-01,G21403,가정용 연료 소매업,126,126,관측체계 내 확정집계
2025-03-01,G21501,약국,745,745,관측체계 내 확정집계
2025-03-01,G21502,의료기기 소매업,226,226,관측체계 내 확정집계
2025-03-01,G21503,화장품 소매업,881,881,관측체계 내 확정집계
2025-03-01,G21601,사무기기 소매업,66,66,관측체계 내 확정집계
2025-03-01,G21602,안경렌즈 소매업,309,309,관측체계 내 확정집계
2025-03-01,G21603,사진기/기타 광학기기 소매업,23,23,관측체계 내 확정집계
2025-03-01,G21701,시계/귀금속 소매업,341,341,관측체계 내 확정집계
2025-03-01,G21801,예술품 소매업,134,134,관측체계 내 확정집계
2025-03-01,G21802,기념품점,153,153,관측체계 내 확정집계
2025-03-01,G21901,꽃집,602,602,관측체계 내 확정집계
2025-03-01,G22001,애완동물/애완용품 소매업,333,333,관측체계 내 확정집계
2025-03-01,G22199,그 외 기타 상품 전문 소매업,306,306,관측체계 내 확정집계
2025-03-01,G22201,중고 상품 소매업,364,364,관측체계 내 확정집계
2025-03-01,I10101,호텔/리조트,32,32,관측체계 내 확정집계
2025-03-01,I10102,여관/모텔,519,519,관측체계 내 확정집계
2025-03-01,I10103,펜션,111,111,관측체계 내 확정집계
2025-03-01,I10104,캠핑/글램핑,7,7,관측체계 내 확정집계
2025-03-01,I10201,기숙사/고시원,49,49,관측체계 내 확정집계
2025-03-01,I10299,그 외 기타 숙박업,5,5,관측체계 내 확정집계
2025-03-01,I20101,백반/한정식,4781,4781,관측체계 내 확정집계
2025-03-01,I20102,국/탕/찌개류,897,897,관측체계 내 확정집계
2025-03-01,I20103,족발/보쌈,216,216,관측체계 내 확정집계
2025-03-01,I20104,전/부침개,23,23,관측체계 내 확정집계
2025-03-01,I20105,국수/칼국수,754,754,관측체계 내 확정집계
2025-03-01,I20106,냉면/밀면,94,94,관측체계 내 확정집계
2025-03-01,I20107,돼지고기 구이/찜,1781,1781,관측체계 내 확정집계
2025-03-01,I20108,소고기 구이/찜,209,209,관측체계 내 확정집계
2025-03-01,I20109,곱창 전골/구이,196,196,관측체계 내 확정집계
2025-03-01,I20110,닭/오리고기 구이/찜,235,235,관측체계 내 확정집계
2025-03-01,I20111,횟집,417,417,관측체계 내 확정집계
2025-03-01,I20112,해산물 구이/찜,355,355,관측체계 내 확정집계
2025-03-01,I20113,복 요리 전문,18,18,관측체계 내 확정집계
2025-03-01,I20199,기타 한식 음식점,70,70,관측체계 내 확정집계
2025-03-01,I20201,중국집,707,707,관측체계 내 확정집계
2025-03-01,I20202,마라탕/훠궈,124,124,관측체계 내 확정집계
2025-03-01,I20301,일식 회/초밥,554,554,관측체계 내 확정집계
2025-03-01,I20302,일식 카레/돈가스/덮밥,79,79,관측체계 내 확정집계
2025-03-01,I20303,일식 면 요리,78,78,관측체계 내 확정집계
2025-03-01,I20399,기타 일식 음식점,7,7,관측체계 내 확정집계
2025-03-01,I20401,경양식,507,507,관측체계 내 확정집계
2025-03-01,I20402,파스타/스테이크,72,72,관측체계 내 확정집계
2025-03-01,I20403,패밀리레스토랑,15,15,관측체계 내 확정집계
2025-03-01,I20499,기타 서양식 음식점,35,35,관측체계 내 확정집계
2025-03-01,I20501,베트남식 전문,138,138,관측체계 내 확정집계
2025-03-01,I20599,기타 동남아식 전문,11,11,관측체계 내 확정집계
2025-03-01,I20601,분류 안된 외국식 음식점,0,0,관측체계 내 확정집계
2025-03-01,I20701,구내식당,157,157,관측체계 내 확정집계
2025-03-01,I20702,뷔페,49,49,관측체계 내 확정집계
2025-03-01,I21001,빵/도넛,855,855,관측체계 내 확정집계
2025-03-01,I21002,떡/한과,284,284,관측체계 내 확정집계
2025-03-01,I21003,피자,578,578,관측체계 내 확정집계
2025-03-01,I21004,버거,190,190,관측체계 내 확정집계
2025-03-01,I21005,토스트/샌드위치/샐러드,111,111,관측체계 내 확정집계
2025-03-01,I21006,치킨,1180,1180,관측체계 내 확정집계
2025-03-01,I21007,김밥/만두/분식,1376,1376,관측체계 내 확정집계
2025-03-01,I21008,아이스크림/빙수,72,72,관측체계 내 확정집계
2025-03-01,I21099,그 외 기타 간이 음식점,196,196,관측체계 내 확정집계
2025-03-01,I21101,일반 유흥 주점,259,259,관측체계 내 확정집계
2025-03-01,I21102,무도 유흥 주점,21,21,관측체계 내 확정집계
2025-03-01,I21103,생맥주 전문,459,459,관측체계 내 확정집계
2025-03-01,I21104,요리 주점,1569,1569,관측체계 내 확정집계
2025-03-01,I21201,카페,3932,3932,관측체계 내 확정집계
2025-03-01,L10203,부동산 중개/대리업,2547,2547,관측체계 내 확정집계
2025-03-01,M10301,변호사,290,290,관측체계 내 확정집계
2025-03-01,M10302,변리사,116,116,관측체계 내 확정집계
2025-03-01,M10303,법무사,190,190,관측체계 내 확정집계
2025-03-01,M10306,행정사,103,103,관측체계 내 확정집계
2025-03-01,M10307,공인노무사,39,39,관측체계 내 확정집계
2025-03-01,M10399,기타 법무관련 서비스업,5,5,관측체계 내 확정집계
2025-03-01,M10401,공인회계사,34,34,관측체계 내 확정집계
2025-03-01,M10402,세무사,312,312,관측체계 내 확정집계
2025-03-01,M10499,기타 회계 관련 서비스업,2,2,관측체계 내 확정집계
2025-03-01,M10501,광고 대행업,650,650,관측체계 내 확정집계
2025-03-01,M10502,옥외/전시 광고 대행업,51,51,관측체계 내 확정집계
2025-03-01,M10503,광고 매체 판매업,18,18,관측체계 내 확정집계
2025-03-01,M10504,광고물 설계/제작업,282,282,관측체계 내 확정집계
2025-03-01,M10599,기타 광고 관련 서비스업,52,52,관측체계 내 확정집계
2025-03-01,M10601,시장 조사 및 여론 조사업,48,48,관측체계 내 확정집계
2025-03-01,M10703,경영 컨설팅업,1029,1029,관측체계 내 확정집계
2025-03-01,M10901,건축 설계 및 관련 서비스업,504,504,관측체계 내 확정집계
2025-03-01,M10902,도시 계획 및 조경 설계 서비스업,44,44,관측체계 내 확정집계
2025-03-01,M10903,건물 및 토목 엔지니어링 서비스업,162,162,관측체계 내 확정집계
2025-03-01,M10904,환경 관련 엔지니어링 서비스업,67,67,관측체계 내 확정집계
2025-03-01,M10999,기타 엔지니어링 서비스업,286,286,관측체계 내 확정집계
2025-03-01,M11101,동물병원,108,108,관측체계 내 확정집계
2025-03-01,M11201,인테리어 디자인업,732,732,관측체계 내 확정집계
2025-03-01,M11202,제품 디자인업,94,94,관측체계 내 확정집계
2025-03-01,M11203,시각 디자인업,301,301,관측체계 내 확정집계
2025-03-01,M11204,패션/섬유/기타 전문 디자인업,22,22,관측체계 내 확정집계
2025-03-01,M11301,사진촬영업,532,532,관측체계 내 확정집계
2025-03-01,M11401,명함/간판/광고물 제작,647,647,관측체계 내 확정집계
2025-03-01,M11502,번역/통역 서비스업,52,52,관측체계 내 확정집계
2025-03-01,M11504,사업/무형 재산권 중개업,67,67,관측체계 내 확정집계
2025-03-01,N10101,사업시설 유지·관리 서비스업,201,201,관측체계 내 확정집계
2025-03-01,N10201,건축물 일반 청소업,725,725,관측체계 내 확정집계
2025-03-01,N10202,"산업설비, 운송장비 및 공공장소 청소업",129,129,관측체계 내 확정집계
2025-03-01,N10203,"소독, 구충 및 방제 서비스업",151,151,관측체계 내 확정집계
2025-03-01,N10301,조경 유지·관리 서비스업,37,37,관측체계 내 확정집계
2025-03-01,N10401,고용 알선업,286,286,관측체계 내 확정집계
2025-03-01,N10402,임시/일용 인력 공급업,148,148,관측체계 내 확정집계
2025-03-01,N10403,상용 인력 공급 및 인사관리 서비스업,70,70,관측체계 내 확정집계
2025-03-01,N10501,여행사,301,301,관측체계 내 확정집계
2025-03-01,N10599,기타 여행 보조/예약 서비스업,29,29,관측체계 내 확정집계
2025-03-01,N10703,복사업,107,107,관측체계 내 확정집계
2025-03-01,N10799,기타 사무 지원 서비스업,31,31,관측체계 내 확정집계
2025-03-01,N10802,전시/컨벤션/행사 대행 서비스업,348,348,관측체계 내 확정집계
2025-03-01,N10805,포장/충전업,30,30,관측체계 내 확정집계
2025-03-01,N10901,자동차 대여업,102,102,관측체계 내 확정집계
2025-03-01,N10999,기타 운송장비 대여업,21,21,관측체계 내 확정집계
2025-03-01,N11001,스포츠/레크리에이션 용품 대여업,35,35,관측체계 내 확정집계
2025-03-01,N11002,음반/비디오물 대여업,3,3,관측체계 내 확정집계
2025-03-01,N11003,만화방,22,22,관측체계 내 확정집계
2025-03-01,N11004,의류 대여업,75,75,관측체계 내 확정집계
2025-03-01,N11099,기타 개인/가정용품 대여업,148,148,관측체계 내 확정집계
2025-03-01,N11101,건설기계/장비 대여업,62,62,관측체계 내 확정집계
2025-03-01,N11102,컴퓨터/사무기기 대여업,61,61,관측체계 내 확정집계
2025-03-01,N11199,기타 산업용 기계/장비 대여업,81,81,관측체계 내 확정집계
2025-03-01,P10501,입시·교과학원,1836,1836,관측체계 내 확정집계
2025-03-01,P10601,태권도/무술학원,399,399,관측체계 내 확정집계
2025-03-01,P10603,요가/필라테스 학원,536,536,관측체계 내 확정집계
2025-03-01,P10605,레크리에이션 교육기관,145,145,관측체계 내 확정집계
2025-03-01,P10607,청소년 수련시설,12,12,관측체계 내 확정집계
2025-03-01,P10609,음악학원,468,468,관측체계 내 확정집계
2025-03-01,P10611,미술학원,259,259,관측체계 내 확정집계
2025-03-01,P10613,기타 예술/스포츠 교육기관,153,153,관측체계 내 확정집계
2025-03-01,P10615,외국어학원,157,157,관측체계 내 확정집계
2025-03-01,P10617,전문자격/고시학원,21,21,관측체계 내 확정집계
2025-03-01,P10619,사회교육시설,24,24,관측체계 내 확정집계
2025-03-01,P10621,직원 훈련기관,89,89,관측체계 내 확정집계
2025-03-01,P10623,운전학원,15,15,관측체계 내 확정집계
2025-03-01,P10625,기타 기술/직업 훈련학원,541,541,관측체계 내 확정집계
2025-03-01,P10627,컴퓨터 학원,50,50,관측체계 내 확정집계
2025-03-01,P10629,그 외 기타 교육기관,232,232,관측체계 내 확정집계
2025-03-01,P10701,교육컨설팅업,151,151,관측체계 내 확정집계
2025-03-01,P10799,기타 교육지원 서비스업,186,186,관측체계 내 확정집계
2025-03-01,Q10101,종합병원,13,13,관측체계 내 확정집계
2025-03-01,Q10102,일반병원,37,37,관측체계 내 확정집계
2025-03-01,Q10103,치과병원,6,6,관측체계 내 확정집계
2025-03-01,Q10104,한방병원,15,15,관측체계 내 확정집계
2025-03-01,Q10105,요양병원,50,50,관측체계 내 확정집계
2025-03-01,Q10201,내과/소아과 의원,254,254,관측체계 내 확정집계
2025-03-01,Q10202,외과 의원,110,110,관측체계 내 확정집계
2025-03-01,Q10203,신경/정신과 의원,69,69,관측체계 내 확정집계
2025-03-01,Q10204,피부/비뇨기과 의원,144,144,관측체계 내 확정집계
2025-03-01,Q10205,안과 의원,36,36,관측체계 내 확정집계
2025-03-01,Q10206,이비인후과 의원,54,54,관측체계 내 확정집계
2025-03-01,Q10207,산부인과 의원,43,43,관측체계 내 확정집계
2025-03-01,Q10208,성형외과 의원,45,45,관측체계 내 확정집계
2025-03-01,Q10209,기타 의원,108,108,관측체계 내 확정집계
2025-03-01,Q10210,치과의원,416,416,관측체계 내 확정집계
2025-03-01,Q10211,한의원,371,371,관측체계 내 확정집계
2025-03-01,Q10212,방사선 진단/병리 검사 의원,22,22,관측체계 내 확정집계
2025-03-01,Q10402,유사 의료업,144,144,관측체계 내 확정집계
2025-03-01,R10202,독서실/스터디 카페,345,345,관측체계 내 확정집계
2025-03-01,R10306,종합 스포츠시설,23,23,관측체계 내 확정집계
2025-03-01,R10307,헬스장,451,451,관측체계 내 확정집계
2025-03-01,R10308,수영장,15,15,관측체계 내 확정집계
2025-03-01,R10309,볼링장,42,42,관측체계 내 확정집계
2025-03-01,R10310,당구장,323,323,관측체계 내 확정집계
2025-03-01,R10311,골프 연습장,350,350,관측체계 내 확정집계
2025-03-01,R10312,테니스장,78,78,관측체계 내 확정집계
2025-03-01,R10313,탁구장,46,46,관측체계 내 확정집계
2025-03-01,R10314,기타 스포츠시설 운영업,54,54,관측체계 내 확정집계
2025-03-01,R10316,스쿼시/라켓볼장,5,5,관측체계 내 확정집계
2025-03-01,R10402,비디오방,3,3,관측체계 내 확정집계
2025-03-01,R10404,전자 게임장,68,68,관측체계 내 확정집계
2025-03-01,R10405,기타 오락장,171,171,관측체계 내 확정집계
2025-03-01,R10406,PC방,237,237,관측체계 내 확정집계
2025-03-01,R10407,노래방,1129,1129,관측체계 내 확정집계
2025-03-01,R10408,낚시터 운영업,5,5,관측체계 내 확정집계
2025-03-01,R10409,수상/해양 레저업,6,6,관측체계 내 확정집계
2025-03-01,R10410,복권 발행/판매업,173,173,관측체계 내 확정집계
2025-03-01,R10414,바둑/장기/체스 경기 운영업,11,11,관측체계 내 확정집계
2025-03-01,R10499,기타 오락관련 서비스업,68,68,관측체계 내 확정집계
2025-03-01,S20101,컴퓨터/노트북/프린터 수리업,255,255,관측체계 내 확정집계
2025-03-01,S20201,핸드폰/통신장비 수리업,55,55,관측체계 내 확정집계
2025-03-01,S20301,자동차 정비소,1252,1252,관측체계 내 확정집계
2025-03-01,S20302,자동차 세차장,474,474,관측체계 내 확정집계
2025-03-01,S20401,모터사이클 수리업,90,90,관측체계 내 확정집계
2025-03-01,S20501,가전제품 수리업,413,413,관측체계 내 확정집계
2025-03-01,S20601,의류/이불 수선업,244,244,관측체계 내 확정집계
2025-03-01,S20602,가죽/가방/신발 수선업,22,22,관측체계 내 확정집계
2025-03-01,S20603,시계/귀금속/악기 수리업,9,9,관측체계 내 확정집계
2025-03-01,S20699,그 외 기타 개인/가정용품 수리업,241,241,관측체계 내 확정집계
2025-03-01,S20701,미용실,3714,3714,관측체계 내 확정집계
2025-03-01,S20702,피부 관리실,1152,1152,관측체계 내 확정집계
2025-03-01,S20703,네일숍,835,835,관측체계 내 확정집계
2025-03-01,S20801,목욕탕/사우나,87,87,관측체계 내 확정집계
2025-03-01,S20802,마사지/안마,209,209,관측체계 내 확정집계
2025-03-01,S20803,체형/비만 관리,85,85,관측체계 내 확정집계
2025-03-01,S20901,세탁소,581,581,관측체계 내 확정집계
2025-03-01,S20902,셀프 빨래방,197,197,관측체계 내 확정집계
2025-03-01,S21001,장례식장,189,189,관측체계 내 확정집계
2025-03-01,S21002,화장터/묘지/납골당,46,46,관측체계 내 확정집계
2025-03-01,S21101,예식장업,26,26,관측체계 내 확정집계
2025-03-01,S21105,결혼 상담 서비스업,88,88,관측체계 내 확정집계
2025-06-01,G20201,타이어 소매업,39,39,관측체계 내 확정집계
2025-06-01,G20202,자동차 부품 소매업,255,255,관측체계 내 확정집계
2025-06-01,G20301,모터사이클 및 부품 소매업,67,67,관측체계 내 확정집계
2025-06-01,G20404,슈퍼마켓,1519,1519,관측체계 내 확정집계
2025-06-01,G20405,편의점,1432,1432,관측체계 내 확정집계
2025-06-01,G20499,그 외 기타 종합 소매업,168,168,관측체계 내 확정집계
2025-06-01,G20501,곡물/곡분 소매업,71,71,관측체계 내 확정집계
2025-06-01,G20502,가축 사료 소매업,12,12,관측체계 내 확정집계
2025-06-01,G20503,정육점,644,644,관측체계 내 확정집계
2025-06-01,G20504,건어물/젓갈 소매업,133,133,관측체계 내 확정집계
2025-06-01,G20505,수산물 소매업,163,163,관측체계 내 확정집계
2025-06-01,G20506,채소/과일 소매업,515,515,관측체계 내 확정집계
2025-06-01,G20507,아이스크림 할인점,6,6,관측체계 내 확정집계
2025-06-01,G20508,건강보조식품 소매업,642,642,관측체계 내 확정집계
2025-06-01,G20509,반찬/식료품 소매업,373,373,관측체계 내 확정집계
2025-06-01,G20601,얼음 소매업,4,4,관측체계 내 확정집계
2025-06-01,G20602,주류 소매업,19,19,관측체계 내 확정집계
2025-06-01,G20603,생수/음료 소매업,21,21,관측체계 내 확정집계
2025-06-01,G20604,우유 소매업,18,18,관측체계 내 확정집계
2025-06-01,G20701,담배/전자담배 소매업,97,97,관측체계 내 확정집계
2025-06-01,G20801,컴퓨터/소프트웨어 소매업,231,231,관측체계 내 확정집계
2025-06-01,G20802,핸드폰 소매업,750,750,관측체계 내 확정집계
2025-06-01,G20803,가전제품 소매업,265,265,관측체계 내 확정집계
2025-06-01,G20901,남성 의류 소매업,303,303,관측체계 내 확정집계
2025-06-01,G20902,여성 의류 소매업,1143,1143,관측체계 내 확정집계
2025-06-01,G20903,유아용 의류 소매업,159,159,관측체계 내 확정집계
2025-06-01,G20904,한복 소매업,16,16,관측체계 내 확정집계
2025-06-01,G20905,기타 의류 소매업,2060,2060,관측체계 내 확정집계
2025-06-01,G20906,침구류/커튼 소매업,337,337,관측체계 내 확정집계
2025-06-01,G20907,액세서리/잡화 소매업,245,245,관측체계 내 확정집계
2025-06-01,G20908,가발 소매업,20,20,관측체계 내 확정집계
2025-06-01,G20909,실/섬유제품 소매업,87,87,관측체계 내 확정집계
2025-06-01,G20910,신발 소매업,279,279,관측체계 내 확정집계
2025-06-01,G20911,가방 소매업,139,139,관측체계 내 확정집계
2025-06-01,G21001,철물/공구 소매업,425,425,관측체계 내 확정집계
2025-06-01,G21002,벽지/장판/마루 소매업,157,157,관측체계 내 확정집계
2025-06-01,G21003,건설/건축자재 소매업,28,28,관측체계 내 확정집계
2025-06-01,G21099,기타 건설/건축자재 소매업,48,48,관측체계 내 확정집계
2025-06-01,G21101,가구 소매업,312,312,관측체계 내 확정집계
2025-06-01,G21201,전기용품/조명장치 소매업,185,185,관측체계 내 확정집계
2025-06-01,G21202,주방/가정용품 소매업,331,331,관측체계 내 확정집계
2025-06-01,G21203,악기 소매업,53,53,관측체계 내 확정집계
2025-06-01,G21301,서점,253,253,관측체계 내 확정집계
2025-06-01,G21302,문구/회화용품 소매업,291,291,관측체계 내 확정집계
2025-06-01,G21303,음반/비디오물 소매업,9,9,관측체계 내 확정집계
2025-06-01,G21304,운동용품 소매업,279,279,관측체계 내 확정집계
2025-06-01,G21305,자전거 소매업,97,97,관측체계 내 확정집계
2025-06-01,G21306,장난감 소매업,107,107,관측체계 내 확정집계
2025-06-01,G21401,주유소,251,251,관측체계 내 확정집계
2025-06-01,G21402,가스 충전소,42,42,관측체계 내 확정집계
2025-06-01,G21403,가정용 연료 소매업,122,122,관측체계 내 확정집계
2025-06-01,G21501,약국,751,751,관측체계 내 확정집계
2025-06-01,G21502,의료기기 소매업,229,229,관측체계 내 확정집계
2025-06-01,G21503,화장품 소매업,886,886,관측체계 내 확정집계
2025-06-01,G21601,사무기기 소매업,65,65,관측체계 내 확정집계
2025-06-01,G21602,안경렌즈 소매업,313,313,관측체계 내 확정집계
2025-06-01,G21603,사진기/기타 광학기기 소매업,22,22,관측체계 내 확정집계
2025-06-01,G21701,시계/귀금속 소매업,339,339,관측체계 내 확정집계
2025-06-01,G21801,예술품 소매업,133,133,관측체계 내 확정집계
2025-06-01,G21802,기념품점,153,153,관측체계 내 확정집계
2025-06-01,G21901,꽃집,602,602,관측체계 내 확정집계
2025-06-01,G22001,애완동물/애완용품 소매업,336,336,관측체계 내 확정집계
2025-06-01,G22199,그 외 기타 상품 전문 소매업,300,300,관측체계 내 확정집계
2025-06-01,G22201,중고 상품 소매업,356,356,관측체계 내 확정집계
2025-06-01,I10101,호텔/리조트,36,36,관측체계 내 확정집계
2025-06-01,I10102,여관/모텔,510,510,관측체계 내 확정집계
2025-06-01,I10103,펜션,129,129,관측체계 내 확정집계
2025-06-01,I10104,캠핑/글램핑,7,7,관측체계 내 확정집계
2025-06-01,I10201,기숙사/고시원,48,48,관측체계 내 확정집계
2025-06-01,I10299,그 외 기타 숙박업,5,5,관측체계 내 확정집계
2025-06-01,I20101,백반/한정식,4739,4739,관측체계 내 확정집계
2025-06-01,I20102,국/탕/찌개류,884,884,관측체계 내 확정집계
2025-06-01,I20103,족발/보쌈,214,214,관측체계 내 확정집계
2025-06-01,I20104,전/부침개,22,22,관측체계 내 확정집계
2025-06-01,I20105,국수/칼국수,748,748,관측체계 내 확정집계
2025-06-01,I20106,냉면/밀면,97,97,관측체계 내 확정집계
2025-06-01,I20107,돼지고기 구이/찜,1732,1732,관측체계 내 확정집계
2025-06-01,I20108,소고기 구이/찜,214,214,관측체계 내 확정집계
2025-06-01,I20109,곱창 전골/구이,201,201,관측체계 내 확정집계
2025-06-01,I20110,닭/오리고기 구이/찜,228,228,관측체계 내 확정집계
2025-06-01,I20111,횟집,412,412,관측체계 내 확정집계
2025-06-01,I20112,해산물 구이/찜,355,355,관측체계 내 확정집계
2025-06-01,I20113,복 요리 전문,18,18,관측체계 내 확정집계
2025-06-01,I20199,기타 한식 음식점,66,66,관측체계 내 확정집계
2025-06-01,I20201,중국집,700,700,관측체계 내 확정집계
2025-06-01,I20202,마라탕/훠궈,121,121,관측체계 내 확정집계
2025-06-01,I20301,일식 회/초밥,560,560,관측체계 내 확정집계
2025-06-01,I20302,일식 카레/돈가스/덮밥,75,75,관측체계 내 확정집계
2025-06-01,I20303,일식 면 요리,73,73,관측체계 내 확정집계
2025-06-01,I20399,기타 일식 음식점,8,8,관측체계 내 확정집계
2025-06-01,I20401,경양식,515,515,관측체계 내 확정집계
2025-06-01,I20402,파스타/스테이크,67,67,관측체계 내 확정집계
2025-06-01,I20403,패밀리레스토랑,11,11,관측체계 내 확정집계
2025-06-01,I20499,기타 서양식 음식점,36,36,관측체계 내 확정집계
2025-06-01,I20501,베트남식 전문,135,135,관측체계 내 확정집계
2025-06-01,I20599,기타 동남아식 전문,12,12,관측체계 내 확정집계
2025-06-01,I20601,분류 안된 외국식 음식점,0,0,관측체계 내 확정집계
2025-06-01,I20701,구내식당,158,158,관측체계 내 확정집계
2025-06-01,I20702,뷔페,53,53,관측체계 내 확정집계
2025-06-01,I21001,빵/도넛,844,844,관측체계 내 확정집계
2025-06-01,I21002,떡/한과,281,281,관측체계 내 확정집계
2025-06-01,I21003,피자,558,558,관측체계 내 확정집계
2025-06-01,I21004,버거,193,193,관측체계 내 확정집계
2025-06-01,I21005,토스트/샌드위치/샐러드,109,109,관측체계 내 확정집계
2025-06-01,I21006,치킨,1179,1179,관측체계 내 확정집계
2025-06-01,I21007,김밥/만두/분식,1368,1368,관측체계 내 확정집계
2025-06-01,I21008,아이스크림/빙수,75,75,관측체계 내 확정집계
2025-06-01,I21099,그 외 기타 간이 음식점,191,191,관측체계 내 확정집계
2025-06-01,I21101,일반 유흥 주점,252,252,관측체계 내 확정집계
2025-06-01,I21102,무도 유흥 주점,20,20,관측체계 내 확정집계
2025-06-01,I21103,생맥주 전문,453,453,관측체계 내 확정집계
2025-06-01,I21104,요리 주점,1505,1505,관측체계 내 확정집계
2025-06-01,I21201,카페,3829,3829,관측체계 내 확정집계
2025-06-01,L10203,부동산 중개/대리업,2528,2528,관측체계 내 확정집계
2025-06-01,M10301,변호사,291,291,관측체계 내 확정집계
2025-06-01,M10302,변리사,117,117,관측체계 내 확정집계
2025-06-01,M10303,법무사,192,192,관측체계 내 확정집계
2025-06-01,M10306,행정사,106,106,관측체계 내 확정집계
2025-06-01,M10307,공인노무사,40,40,관측체계 내 확정집계
2025-06-01,M10399,기타 법무관련 서비스업,4,4,관측체계 내 확정집계
2025-06-01,M10401,공인회계사,34,34,관측체계 내 확정집계
2025-06-01,M10402,세무사,313,313,관측체계 내 확정집계
2025-06-01,M10499,기타 회계 관련 서비스업,2,2,관측체계 내 확정집계
2025-06-01,M10501,광고 대행업,674,674,관측체계 내 확정집계
2025-06-01,M10502,옥외/전시 광고 대행업,47,47,관측체계 내 확정집계
2025-06-01,M10503,광고 매체 판매업,20,20,관측체계 내 확정집계
2025-06-01,M10504,광고물 설계/제작업,277,277,관측체계 내 확정집계
2025-06-01,M10599,기타 광고 관련 서비스업,51,51,관측체계 내 확정집계
2025-06-01,M10601,시장 조사 및 여론 조사업,48,48,관측체계 내 확정집계
2025-06-01,M10703,경영 컨설팅업,1069,1069,관측체계 내 확정집계
2025-06-01,M10901,건축 설계 및 관련 서비스업,509,509,관측체계 내 확정집계
2025-06-01,M10902,도시 계획 및 조경 설계 서비스업,46,46,관측체계 내 확정집계
2025-06-01,M10903,건물 및 토목 엔지니어링 서비스업,160,160,관측체계 내 확정집계
2025-06-01,M10904,환경 관련 엔지니어링 서비스업,70,70,관측체계 내 확정집계
2025-06-01,M10999,기타 엔지니어링 서비스업,285,285,관측체계 내 확정집계
2025-06-01,M11101,동물병원,109,109,관측체계 내 확정집계
2025-06-01,M11201,인테리어 디자인업,741,741,관측체계 내 확정집계
2025-06-01,M11202,제품 디자인업,94,94,관측체계 내 확정집계
2025-06-01,M11203,시각 디자인업,317,317,관측체계 내 확정집계
2025-06-01,M11204,패션/섬유/기타 전문 디자인업,22,22,관측체계 내 확정집계
2025-06-01,M11301,사진촬영업,530,530,관측체계 내 확정집계
2025-06-01,M11401,명함/간판/광고물 제작,646,646,관측체계 내 확정집계
2025-06-01,M11502,번역/통역 서비스업,48,48,관측체계 내 확정집계
2025-06-01,M11504,사업/무형 재산권 중개업,69,69,관측체계 내 확정집계
2025-06-01,N10101,사업시설 유지·관리 서비스업,209,209,관측체계 내 확정집계
2025-06-01,N10201,건축물 일반 청소업,759,759,관측체계 내 확정집계
2025-06-01,N10202,"산업설비, 운송장비 및 공공장소 청소업",129,129,관측체계 내 확정집계
2025-06-01,N10203,"소독, 구충 및 방제 서비스업",155,155,관측체계 내 확정집계
2025-06-01,N10301,조경 유지·관리 서비스업,37,37,관측체계 내 확정집계
2025-06-01,N10401,고용 알선업,292,292,관측체계 내 확정집계
2025-06-01,N10402,임시/일용 인력 공급업,149,149,관측체계 내 확정집계
2025-06-01,N10403,상용 인력 공급 및 인사관리 서비스업,70,70,관측체계 내 확정집계
2025-06-01,N10501,여행사,303,303,관측체계 내 확정집계
2025-06-01,N10599,기타 여행 보조/예약 서비스업,30,30,관측체계 내 확정집계
2025-06-01,N10703,복사업,106,106,관측체계 내 확정집계
2025-06-01,N10799,기타 사무 지원 서비스업,30,30,관측체계 내 확정집계
2025-06-01,N10802,전시/컨벤션/행사 대행 서비스업,358,358,관측체계 내 확정집계
2025-06-01,N10805,포장/충전업,30,30,관측체계 내 확정집계
2025-06-01,N10901,자동차 대여업,105,105,관측체계 내 확정집계
2025-06-01,N10999,기타 운송장비 대여업,23,23,관측체계 내 확정집계
2025-06-01,N11001,스포츠/레크리에이션 용품 대여업,34,34,관측체계 내 확정집계
2025-06-01,N11002,음반/비디오물 대여업,3,3,관측체계 내 확정집계
2025-06-01,N11003,만화방,23,23,관측체계 내 확정집계
2025-06-01,N11004,의류 대여업,76,76,관측체계 내 확정집계
2025-06-01,N11099,기타 개인/가정용품 대여업,147,147,관측체계 내 확정집계
2025-06-01,N11101,건설기계/장비 대여업,62,62,관측체계 내 확정집계
2025-06-01,N11102,컴퓨터/사무기기 대여업,61,61,관측체계 내 확정집계
2025-06-01,N11199,기타 산업용 기계/장비 대여업,81,81,관측체계 내 확정집계
2025-06-01,P10501,입시·교과학원,1830,1830,관측체계 내 확정집계
2025-06-01,P10601,태권도/무술학원,402,402,관측체계 내 확정집계
2025-06-01,P10603,요가/필라테스 학원,536,536,관측체계 내 확정집계
2025-06-01,P10605,레크리에이션 교육기관,142,142,관측체계 내 확정집계
2025-06-01,P10607,청소년 수련시설,12,12,관측체계 내 확정집계
2025-06-01,P10609,음악학원,471,471,관측체계 내 확정집계
2025-06-01,P10611,미술학원,260,260,관측체계 내 확정집계
2025-06-01,P10613,기타 예술/스포츠 교육기관,147,147,관측체계 내 확정집계
2025-06-01,P10615,외국어학원,156,156,관측체계 내 확정집계
2025-06-01,P10617,전문자격/고시학원,22,22,관측체계 내 확정집계
2025-06-01,P10619,사회교육시설,24,24,관측체계 내 확정집계
2025-06-01,P10621,직원 훈련기관,88,88,관측체계 내 확정집계
2025-06-01,P10623,운전학원,15,15,관측체계 내 확정집계
2025-06-01,P10625,기타 기술/직업 훈련학원,540,540,관측체계 내 확정집계
2025-06-01,P10627,컴퓨터 학원,50,50,관측체계 내 확정집계
2025-06-01,P10629,그 외 기타 교육기관,233,233,관측체계 내 확정집계
2025-06-01,P10701,교육컨설팅업,151,151,관측체계 내 확정집계
2025-06-01,P10799,기타 교육지원 서비스업,201,201,관측체계 내 확정집계
2025-06-01,Q10101,종합병원,12,12,관측체계 내 확정집계
2025-06-01,Q10102,일반병원,37,37,관측체계 내 확정집계
2025-06-01,Q10103,치과병원,6,6,관측체계 내 확정집계
2025-06-01,Q10104,한방병원,15,15,관측체계 내 확정집계
2025-06-01,Q10105,요양병원,49,49,관측체계 내 확정집계
2025-06-01,Q10201,내과/소아과 의원,250,250,관측체계 내 확정집계
2025-06-01,Q10202,외과 의원,113,113,관측체계 내 확정집계
2025-06-01,Q10203,신경/정신과 의원,69,69,관측체계 내 확정집계
2025-06-01,Q10204,피부/비뇨기과 의원,144,144,관측체계 내 확정집계
2025-06-01,Q10205,안과 의원,36,36,관측체계 내 확정집계
2025-06-01,Q10206,이비인후과 의원,54,54,관측체계 내 확정집계
2025-06-01,Q10207,산부인과 의원,42,42,관측체계 내 확정집계
2025-06-01,Q10208,성형외과 의원,43,43,관측체계 내 확정집계
2025-06-01,Q10209,기타 의원,110,110,관측체계 내 확정집계
2025-06-01,Q10210,치과의원,421,421,관측체계 내 확정집계
2025-06-01,Q10211,한의원,372,372,관측체계 내 확정집계
2025-06-01,Q10212,방사선 진단/병리 검사 의원,22,22,관측체계 내 확정집계
2025-06-01,Q10402,유사 의료업,141,141,관측체계 내 확정집계
2025-06-01,R10202,독서실/스터디 카페,351,351,관측체계 내 확정집계
2025-06-01,R10306,종합 스포츠시설,24,24,관측체계 내 확정집계
2025-06-01,R10307,헬스장,450,450,관측체계 내 확정집계
2025-06-01,R10308,수영장,15,15,관측체계 내 확정집계
2025-06-01,R10309,볼링장,40,40,관측체계 내 확정집계
2025-06-01,R10310,당구장,312,312,관측체계 내 확정집계
2025-06-01,R10311,골프 연습장,344,344,관측체계 내 확정집계
2025-06-01,R10312,테니스장,78,78,관측체계 내 확정집계
2025-06-01,R10313,탁구장,46,46,관측체계 내 확정집계
2025-06-01,R10314,기타 스포츠시설 운영업,59,59,관측체계 내 확정집계
2025-06-01,R10316,스쿼시/라켓볼장,4,4,관측체계 내 확정집계
2025-06-01,R10402,비디오방,3,3,관측체계 내 확정집계
2025-06-01,R10404,전자 게임장,71,71,관측체계 내 확정집계
2025-06-01,R10405,기타 오락장,172,172,관측체계 내 확정집계
2025-06-01,R10406,PC방,225,225,관측체계 내 확정집계
2025-06-01,R10407,노래방,1118,1118,관측체계 내 확정집계
2025-06-01,R10408,낚시터 운영업,5,5,관측체계 내 확정집계
2025-06-01,R10409,수상/해양 레저업,6,6,관측체계 내 확정집계
2025-06-01,R10410,복권 발행/판매업,175,175,관측체계 내 확정집계
2025-06-01,R10414,바둑/장기/체스 경기 운영업,12,12,관측체계 내 확정집계
2025-06-01,R10499,기타 오락관련 서비스업,66,66,관측체계 내 확정집계
2025-06-01,S20101,컴퓨터/노트북/프린터 수리업,257,257,관측체계 내 확정집계
2025-06-01,S20201,핸드폰/통신장비 수리업,58,58,관측체계 내 확정집계
2025-06-01,S20301,자동차 정비소,1245,1245,관측체계 내 확정집계
2025-06-01,S20302,자동차 세차장,469,469,관측체계 내 확정집계
2025-06-01,S20401,모터사이클 수리업,91,91,관측체계 내 확정집계
2025-06-01,S20501,가전제품 수리업,424,424,관측체계 내 확정집계
2025-06-01,S20601,의류/이불 수선업,250,250,관측체계 내 확정집계
2025-06-01,S20602,가죽/가방/신발 수선업,23,23,관측체계 내 확정집계
2025-06-01,S20603,시계/귀금속/악기 수리업,8,8,관측체계 내 확정집계
2025-06-01,S20699,그 외 기타 개인/가정용품 수리업,248,248,관측체계 내 확정집계
2025-06-01,S20701,미용실,3720,3720,관측체계 내 확정집계
2025-06-01,S20702,피부 관리실,1166,1166,관측체계 내 확정집계
2025-06-01,S20703,네일숍,848,848,관측체계 내 확정집계
2025-06-01,S20801,목욕탕/사우나,86,86,관측체계 내 확정집계
2025-06-01,S20802,마사지/안마,206,206,관측체계 내 확정집계
2025-06-01,S20803,체형/비만 관리,90,90,관측체계 내 확정집계
2025-06-01,S20901,세탁소,585,585,관측체계 내 확정집계
2025-06-01,S20902,셀프 빨래방,199,199,관측체계 내 확정집계
2025-06-01,S21001,장례식장,190,190,관측체계 내 확정집계
2025-06-01,S21002,화장터/묘지/납골당,48,48,관측체계 내 확정집계
2025-06-01,S21101,예식장업,26,26,관측체계 내 확정집계
2025-06-01,S21105,결혼 상담 서비스업,92,92,관측체계 내 확정집계
2025-10-01,G20201,타이어 소매업,37,37,관측체계 내 확정집계
2025-10-01,G20202,자동차 부품 소매업,268,268,관측체계 내 확정집계
2025-10-01,G20301,모터사이클 및 부품 소매업,65,65,관측체계 내 확정집계
2025-10-01,G20404,슈퍼마켓,1615,1615,관측체계 내 확정집계
2025-10-01,G20405,편의점,1487,1487,관측체계 내 확정집계
2025-10-01,G20499,그 외 기타 종합 소매업,167,167,관측체계 내 확정집계
2025-10-01,G20501,곡물/곡분 소매업,72,72,관측체계 내 확정집계
2025-10-01,G20502,가축 사료 소매업,50,50,관측체계 내 확정집계
2025-10-01,G20503,정육점,681,681,관측체계 내 확정집계
2025-10-01,G20504,건어물/젓갈 소매업,133,133,관측체계 내 확정집계
2025-10-01,G20505,수산물 소매업,161,161,관측체계 내 확정집계
2025-10-01,G20506,채소/과일 소매업,517,517,관측체계 내 확정집계
2025-10-01,G20507,아이스크림 할인점,6,6,관측체계 내 확정집계
2025-10-01,G20508,건강보조식품 소매업,645,645,관측체계 내 확정집계
2025-10-01,G20509,반찬/식료품 소매업,366,366,관측체계 내 확정집계
2025-10-01,G20601,얼음 소매업,3,3,관측체계 내 확정집계
2025-10-01,G20602,주류 소매업,19,19,관측체계 내 확정집계
2025-10-01,G20603,생수/음료 소매업,22,22,관측체계 내 확정집계
2025-10-01,G20604,우유 소매업,18,18,관측체계 내 확정집계
2025-10-01,G20701,담배/전자담배 소매업,95,95,관측체계 내 확정집계
2025-10-01,G20801,컴퓨터/소프트웨어 소매업,231,231,관측체계 내 확정집계
2025-10-01,G20802,핸드폰 소매업,756,756,관측체계 내 확정집계
2025-10-01,G20803,가전제품 소매업,259,259,관측체계 내 확정집계
2025-10-01,G20901,남성 의류 소매업,293,293,관측체계 내 확정집계
2025-10-01,G20902,여성 의류 소매업,1130,1130,관측체계 내 확정집계
2025-10-01,G20903,유아용 의류 소매업,156,156,관측체계 내 확정집계
2025-10-01,G20904,한복 소매업,16,16,관측체계 내 확정집계
2025-10-01,G20905,기타 의류 소매업,2072,2072,관측체계 내 확정집계
2025-10-01,G20906,침구류/커튼 소매업,343,343,관측체계 내 확정집계
2025-10-01,G20907,액세서리/잡화 소매업,238,238,관측체계 내 확정집계
2025-10-01,G20908,가발 소매업,32,32,관측체계 내 확정집계
2025-10-01,G20909,실/섬유제품 소매업,86,86,관측체계 내 확정집계
2025-10-01,G20910,신발 소매업,276,276,관측체계 내 확정집계
2025-10-01,G20911,가방 소매업,138,138,관측체계 내 확정집계
2025-10-01,G21001,철물/공구 소매업,426,426,관측체계 내 확정집계
2025-10-01,G21002,벽지/장판/마루 소매업,160,160,관측체계 내 확정집계
2025-10-01,G21003,건설/건축자재 소매업,27,27,관측체계 내 확정집계
2025-10-01,G21099,기타 건설/건축자재 소매업,47,47,관측체계 내 확정집계
2025-10-01,G21101,가구 소매업,312,312,관측체계 내 확정집계
2025-10-01,G21201,전기용품/조명장치 소매업,189,189,관측체계 내 확정집계
2025-10-01,G21202,주방/가정용품 소매업,334,334,관측체계 내 확정집계
2025-10-01,G21203,악기 소매업,54,54,관측체계 내 확정집계
2025-10-01,G21301,서점,253,253,관측체계 내 확정집계
2025-10-01,G21302,문구/회화용품 소매업,299,299,관측체계 내 확정집계
2025-10-01,G21303,음반/비디오물 소매업,8,8,관측체계 내 확정집계
2025-10-01,G21304,운동용품 소매업,301,301,관측체계 내 확정집계
2025-10-01,G21305,자전거 소매업,94,94,관측체계 내 확정집계
2025-10-01,G21306,장난감 소매업,112,112,관측체계 내 확정집계
2025-10-01,G21401,주유소,263,263,관측체계 내 확정집계
2025-10-01,G21402,가스 충전소,41,41,관측체계 내 확정집계
2025-10-01,G21403,가정용 연료 소매업,122,122,관측체계 내 확정집계
2025-10-01,G21501,약국,759,759,관측체계 내 확정집계
2025-10-01,G21502,의료기기 소매업,231,231,관측체계 내 확정집계
2025-10-01,G21503,화장품 소매업,875,875,관측체계 내 확정집계
2025-10-01,G21601,사무기기 소매업,65,65,관측체계 내 확정집계
2025-10-01,G21602,안경렌즈 소매업,315,315,관측체계 내 확정집계
2025-10-01,G21603,사진기/기타 광학기기 소매업,23,23,관측체계 내 확정집계
2025-10-01,G21701,시계/귀금속 소매업,338,338,관측체계 내 확정집계
2025-10-01,G21801,예술품 소매업,129,129,관측체계 내 확정집계
2025-10-01,G21802,기념품점,147,147,관측체계 내 확정집계
2025-10-01,G21901,꽃집,608,608,관측체계 내 확정집계
2025-10-01,G22001,애완동물/애완용품 소매업,333,333,관측체계 내 확정집계
2025-10-01,G22199,그 외 기타 상품 전문 소매업,393,393,관측체계 내 확정집계
2025-10-01,G22201,중고 상품 소매업,345,345,관측체계 내 확정집계
2025-10-01,I10101,호텔/리조트,37,37,관측체계 내 확정집계
2025-10-01,I10102,여관/모텔,505,505,관측체계 내 확정집계
2025-10-01,I10103,펜션,126,126,관측체계 내 확정집계
2025-10-01,I10104,캠핑/글램핑,7,7,관측체계 내 확정집계
2025-10-01,I10201,기숙사/고시원,48,48,관측체계 내 확정집계
2025-10-01,I10299,그 외 기타 숙박업,5,5,관측체계 내 확정집계
2025-10-01,I20101,백반/한정식,4777,4777,관측체계 내 확정집계
2025-10-01,I20102,국/탕/찌개류,860,860,관측체계 내 확정집계
2025-10-01,I20103,족발/보쌈,207,207,관측체계 내 확정집계
2025-10-01,I20104,전/부침개,23,23,관측체계 내 확정집계
2025-10-01,I20105,국수/칼국수,722,722,관측체계 내 확정집계
2025-10-01,I20106,냉면/밀면,93,93,관측체계 내 확정집계
2025-10-01,I20107,돼지고기 구이/찜,1674,1674,관측체계 내 확정집계
2025-10-01,I20108,소고기 구이/찜,209,209,관측체계 내 확정집계
2025-10-01,I20109,곱창 전골/구이,199,199,관측체계 내 확정집계
2025-10-01,I20110,닭/오리고기 구이/찜,224,224,관측체계 내 확정집계
2025-10-01,I20111,횟집,402,402,관측체계 내 확정집계
2025-10-01,I20112,해산물 구이/찜,353,353,관측체계 내 확정집계
2025-10-01,I20113,복 요리 전문,16,16,관측체계 내 확정집계
2025-10-01,I20199,기타 한식 음식점,67,67,관측체계 내 확정집계
2025-10-01,I20201,중국집,686,686,관측체계 내 확정집계
2025-10-01,I20202,마라탕/훠궈,114,114,관측체계 내 확정집계
2025-10-01,I20301,일식 회/초밥,552,552,관측체계 내 확정집계
2025-10-01,I20302,일식 카레/돈가스/덮밥,72,72,관측체계 내 확정집계
2025-10-01,I20303,일식 면 요리,72,72,관측체계 내 확정집계
2025-10-01,I20399,기타 일식 음식점,8,8,관측체계 내 확정집계
2025-10-01,I20401,경양식,506,506,관측체계 내 확정집계
2025-10-01,I20402,파스타/스테이크,63,63,관측체계 내 확정집계
2025-10-01,I20403,패밀리레스토랑,11,11,관측체계 내 확정집계
2025-10-01,I20499,기타 서양식 음식점,34,34,관측체계 내 확정집계
2025-10-01,I20501,베트남식 전문,126,126,관측체계 내 확정집계
2025-10-01,I20599,기타 동남아식 전문,12,12,관측체계 내 확정집계
2025-10-01,I20601,분류 안된 외국식 음식점,0,0,관측체계 내 확정집계
2025-10-01,I20701,구내식당,157,157,관측체계 내 확정집계
2025-10-01,I20702,뷔페,46,46,관측체계 내 확정집계
2025-10-01,I21001,빵/도넛,823,823,관측체계 내 확정집계
2025-10-01,I21002,떡/한과,282,282,관측체계 내 확정집계
2025-10-01,I21003,피자,538,538,관측체계 내 확정집계
2025-10-01,I21004,버거,189,189,관측체계 내 확정집계
2025-10-01,I21005,토스트/샌드위치/샐러드,111,111,관측체계 내 확정집계
2025-10-01,I21006,치킨,1126,1126,관측체계 내 확정집계
2025-10-01,I21007,김밥/만두/분식,1331,1331,관측체계 내 확정집계
2025-10-01,I21008,아이스크림/빙수,73,73,관측체계 내 확정집계
2025-10-01,I21099,그 외 기타 간이 음식점,177,177,관측체계 내 확정집계
2025-10-01,I21101,일반 유흥 주점,235,235,관측체계 내 확정집계
2025-10-01,I21102,무도 유흥 주점,19,19,관측체계 내 확정집계
2025-10-01,I21103,생맥주 전문,424,424,관측체계 내 확정집계
2025-10-01,I21104,요리 주점,1444,1444,관측체계 내 확정집계
2025-10-01,I21201,카페,3782,3782,관측체계 내 확정집계
2025-10-01,L10203,부동산 중개/대리업,2950,2950,관측체계 내 확정집계
2025-10-01,M10301,변호사,293,293,관측체계 내 확정집계
2025-10-01,M10302,변리사,117,117,관측체계 내 확정집계
2025-10-01,M10303,법무사,190,190,관측체계 내 확정집계
2025-10-01,M10306,행정사,108,108,관측체계 내 확정집계
2025-10-01,M10307,공인노무사,38,38,관측체계 내 확정집계
2025-10-01,M10399,기타 법무관련 서비스업,3,3,관측체계 내 확정집계
2025-10-01,M10401,공인회계사,41,41,관측체계 내 확정집계
2025-10-01,M10402,세무사,312,312,관측체계 내 확정집계
2025-10-01,M10499,기타 회계 관련 서비스업,2,2,관측체계 내 확정집계
2025-10-01,M10501,광고 대행업,669,669,관측체계 내 확정집계
2025-10-01,M10502,옥외/전시 광고 대행업,47,47,관측체계 내 확정집계
2025-10-01,M10503,광고 매체 판매업,17,17,관측체계 내 확정집계
2025-10-01,M10504,광고물 설계/제작업,270,270,관측체계 내 확정집계
2025-10-01,M10599,기타 광고 관련 서비스업,51,51,관측체계 내 확정집계
2025-10-01,M10601,시장 조사 및 여론 조사업,48,48,관측체계 내 확정집계
2025-10-01,M10703,경영 컨설팅업,1047,1047,관측체계 내 확정집계
2025-10-01,M10901,건축 설계 및 관련 서비스업,507,507,관측체계 내 확정집계
2025-10-01,M10902,도시 계획 및 조경 설계 서비스업,46,46,관측체계 내 확정집계
2025-10-01,M10903,건물 및 토목 엔지니어링 서비스업,159,159,관측체계 내 확정집계
2025-10-01,M10904,환경 관련 엔지니어링 서비스업,71,71,관측체계 내 확정집계
2025-10-01,M10999,기타 엔지니어링 서비스업,284,284,관측체계 내 확정집계
2025-10-01,M11101,동물병원,109,109,관측체계 내 확정집계
2025-10-01,M11201,인테리어 디자인업,746,746,관측체계 내 확정집계
2025-10-01,M11202,제품 디자인업,92,92,관측체계 내 확정집계
2025-10-01,M11203,시각 디자인업,314,314,관측체계 내 확정집계
2025-10-01,M11204,패션/섬유/기타 전문 디자인업,22,22,관측체계 내 확정집계
2025-10-01,M11301,사진촬영업,528,528,관측체계 내 확정집계
2025-10-01,M11401,명함/간판/광고물 제작,639,639,관측체계 내 확정집계
2025-10-01,M11502,번역/통역 서비스업,104,104,관측체계 내 확정집계
2025-10-01,M11504,사업/무형 재산권 중개업,69,69,관측체계 내 확정집계
2025-10-01,N10101,사업시설 유지·관리 서비스업,208,208,관측체계 내 확정집계
2025-10-01,N10201,건축물 일반 청소업,749,749,관측체계 내 확정집계
2025-10-01,N10202,"산업설비, 운송장비 및 공공장소 청소업",124,124,관측체계 내 확정집계
2025-10-01,N10203,"소독, 구충 및 방제 서비스업",154,154,관측체계 내 확정집계
2025-10-01,N10301,조경 유지·관리 서비스업,38,38,관측체계 내 확정집계
2025-10-01,N10401,고용 알선업,292,292,관측체계 내 확정집계
2025-10-01,N10402,임시/일용 인력 공급업,142,142,관측체계 내 확정집계
2025-10-01,N10403,상용 인력 공급 및 인사관리 서비스업,67,67,관측체계 내 확정집계
2025-10-01,N10501,여행사,312,312,관측체계 내 확정집계
2025-10-01,N10599,기타 여행 보조/예약 서비스업,29,29,관측체계 내 확정집계
2025-10-01,N10703,복사업,105,105,관측체계 내 확정집계
2025-10-01,N10799,기타 사무 지원 서비스업,31,31,관측체계 내 확정집계
2025-10-01,N10802,전시/컨벤션/행사 대행 서비스업,354,354,관측체계 내 확정집계
2025-10-01,N10805,포장/충전업,30,30,관측체계 내 확정집계
2025-10-01,N10901,자동차 대여업,105,105,관측체계 내 확정집계
2025-10-01,N10999,기타 운송장비 대여업,21,21,관측체계 내 확정집계
2025-10-01,N11001,스포츠/레크리에이션 용품 대여업,33,33,관측체계 내 확정집계
2025-10-01,N11002,음반/비디오물 대여업,3,3,관측체계 내 확정집계
2025-10-01,N11003,만화방,23,23,관측체계 내 확정집계
2025-10-01,N11004,의류 대여업,75,75,관측체계 내 확정집계
2025-10-01,N11099,기타 개인/가정용품 대여업,144,144,관측체계 내 확정집계
2025-10-01,N11101,건설기계/장비 대여업,62,62,관측체계 내 확정집계
2025-10-01,N11102,컴퓨터/사무기기 대여업,63,63,관측체계 내 확정집계
2025-10-01,N11199,기타 산업용 기계/장비 대여업,83,83,관측체계 내 확정집계
2025-10-01,P10501,입시·교과학원,1998,1998,관측체계 내 확정집계
2025-10-01,P10601,태권도/무술학원,418,418,관측체계 내 확정집계
2025-10-01,P10603,요가/필라테스 학원,525,525,관측체계 내 확정집계
2025-10-01,P10605,레크리에이션 교육기관,139,139,관측체계 내 확정집계
2025-10-01,P10607,청소년 수련시설,12,12,관측체계 내 확정집계
2025-10-01,P10609,음악학원,570,570,관측체계 내 확정집계
2025-10-01,P10611,미술학원,298,298,관측체계 내 확정집계
2025-10-01,P10613,기타 예술/스포츠 교육기관,146,146,관측체계 내 확정집계
2025-10-01,P10615,외국어학원,163,163,관측체계 내 확정집계
2025-10-01,P10617,전문자격/고시학원,22,22,관측체계 내 확정집계
2025-10-01,P10619,사회교육시설,24,24,관측체계 내 확정집계
2025-10-01,P10621,직원 훈련기관,87,87,관측체계 내 확정집계
2025-10-01,P10623,운전학원,15,15,관측체계 내 확정집계
2025-10-01,P10625,기타 기술/직업 훈련학원,549,549,관측체계 내 확정집계
2025-10-01,P10627,컴퓨터 학원,49,49,관측체계 내 확정집계
2025-10-01,P10629,그 외 기타 교육기관,231,231,관측체계 내 확정집계
2025-10-01,P10701,교육컨설팅업,150,150,관측체계 내 확정집계
2025-10-01,P10799,기타 교육지원 서비스업,188,188,관측체계 내 확정집계
2025-10-01,Q10101,종합병원,12,12,관측체계 내 확정집계
2025-10-01,Q10102,일반병원,37,37,관측체계 내 확정집계
2025-10-01,Q10103,치과병원,7,7,관측체계 내 확정집계
2025-10-01,Q10104,한방병원,15,15,관측체계 내 확정집계
2025-10-01,Q10105,요양병원,48,48,관측체계 내 확정집계
2025-10-01,Q10201,내과/소아과 의원,261,261,관측체계 내 확정집계
2025-10-01,Q10202,외과 의원,114,114,관측체계 내 확정집계
2025-10-01,Q10203,신경/정신과 의원,68,68,관측체계 내 확정집계
2025-10-01,Q10204,피부/비뇨기과 의원,145,145,관측체계 내 확정집계
2025-10-01,Q10205,안과 의원,36,36,관측체계 내 확정집계
2025-10-01,Q10206,이비인후과 의원,55,55,관측체계 내 확정집계
2025-10-01,Q10207,산부인과 의원,42,42,관측체계 내 확정집계
2025-10-01,Q10208,성형외과 의원,42,42,관측체계 내 확정집계
2025-10-01,Q10209,기타 의원,110,110,관측체계 내 확정집계
2025-10-01,Q10210,치과의원,430,430,관측체계 내 확정집계
2025-10-01,Q10211,한의원,375,375,관측체계 내 확정집계
2025-10-01,Q10212,방사선 진단/병리 검사 의원,21,21,관측체계 내 확정집계
2025-10-01,Q10402,유사 의료업,137,137,관측체계 내 확정집계
2025-10-01,R10202,독서실/스터디 카페,339,339,관측체계 내 확정집계
2025-10-01,R10306,종합 스포츠시설,23,23,관측체계 내 확정집계
2025-10-01,R10307,헬스장,492,492,관측체계 내 확정집계
2025-10-01,R10308,수영장,18,18,관측체계 내 확정집계
2025-10-01,R10309,볼링장,38,38,관측체계 내 확정집계
2025-10-01,R10310,당구장,301,301,관측체계 내 확정집계
2025-10-01,R10311,골프 연습장,343,343,관측체계 내 확정집계
2025-10-01,R10312,테니스장,78,78,관측체계 내 확정집계
2025-10-01,R10313,탁구장,45,45,관측체계 내 확정집계
2025-10-01,R10314,기타 스포츠시설 운영업,54,54,관측체계 내 확정집계
2025-10-01,R10316,스쿼시/라켓볼장,4,4,관측체계 내 확정집계
2025-10-01,R10402,비디오방,3,3,관측체계 내 확정집계
2025-10-01,R10404,전자 게임장,69,69,관측체계 내 확정집계
2025-10-01,R10405,기타 오락장,165,165,관측체계 내 확정집계
2025-10-01,R10406,PC방,214,214,관측체계 내 확정집계
2025-10-01,R10407,노래방,1087,1087,관측체계 내 확정집계
2025-10-01,R10408,낚시터 운영업,5,5,관측체계 내 확정집계
2025-10-01,R10409,수상/해양 레저업,6,6,관측체계 내 확정집계
2025-10-01,R10410,복권 발행/판매업,180,180,관측체계 내 확정집계
2025-10-01,R10414,바둑/장기/체스 경기 운영업,13,13,관측체계 내 확정집계
2025-10-01,R10499,기타 오락관련 서비스업,63,63,관측체계 내 확정집계
2025-10-01,S20101,컴퓨터/노트북/프린터 수리업,263,263,관측체계 내 확정집계
2025-10-01,S20201,핸드폰/통신장비 수리업,52,52,관측체계 내 확정집계
2025-10-01,S20301,자동차 정비소,1237,1237,관측체계 내 확정집계
2025-10-01,S20302,자동차 세차장,476,476,관측체계 내 확정집계
2025-10-01,S20401,모터사이클 수리업,92,92,관측체계 내 확정집계
2025-10-01,S20501,가전제품 수리업,421,421,관측체계 내 확정집계
2025-10-01,S20601,의류/이불 수선업,268,268,관측체계 내 확정집계
2025-10-01,S20602,가죽/가방/신발 수선업,22,22,관측체계 내 확정집계
2025-10-01,S20603,시계/귀금속/악기 수리업,8,8,관측체계 내 확정집계
2025-10-01,S20699,그 외 기타 개인/가정용품 수리업,255,255,관측체계 내 확정집계
2025-10-01,S20701,미용실,3883,3883,관측체계 내 확정집계
2025-10-01,S20702,피부 관리실,1182,1182,관측체계 내 확정집계
2025-10-01,S20703,네일숍,844,844,관측체계 내 확정집계
2025-10-01,S20801,목욕탕/사우나,81,81,관측체계 내 확정집계
2025-10-01,S20802,마사지/안마,203,203,관측체계 내 확정집계
2025-10-01,S20803,체형/비만 관리,90,90,관측체계 내 확정집계
2025-10-01,S20901,세탁소,655,655,관측체계 내 확정집계
2025-10-01,S20902,셀프 빨래방,200,200,관측체계 내 확정집계
2025-10-01,S21001,장례식장,184,184,관측체계 내 확정집계
2025-10-01,S21002,화장터/묘지/납골당,40,40,관측체계 내 확정집계
2025-10-01,S21101,예식장업,28,28,관측체계 내 확정집계
2025-10-01,S21105,결혼 상담 서비스업,92,92,관측체계 내 확정집계
2025-12-01,G20201,타이어 소매업,36,36,관측체계 내 확정집계
2025-12-01,G20202,자동차 부품 소매업,282,282,관측체계 내 확정집계
2025-12-01,G20301,모터사이클 및 부품 소매업,64,64,관측체계 내 확정집계
2025-12-01,G20404,슈퍼마켓,1590,1590,관측체계 내 확정집계
2025-12-01,G20405,편의점,1469,1469,관측체계 내 확정집계
2025-12-01,G20499,그 외 기타 종합 소매업,163,163,관측체계 내 확정집계
2025-12-01,G20501,곡물/곡분 소매업,70,70,관측체계 내 확정집계
2025-12-01,G20502,가축 사료 소매업,100,100,관측체계 내 확정집계
2025-12-01,G20503,정육점,681,681,관측체계 내 확정집계
2025-12-01,G20504,건어물/젓갈 소매업,125,125,관측체계 내 확정집계
2025-12-01,G20505,수산물 소매업,158,158,관측체계 내 확정집계
2025-12-01,G20506,채소/과일 소매업,490,490,관측체계 내 확정집계
2025-12-01,G20507,아이스크림 할인점,6,6,관측체계 내 확정집계
2025-12-01,G20508,건강보조식품 소매업,637,637,관측체계 내 확정집계
2025-12-01,G20509,반찬/식료품 소매업,353,353,관측체계 내 확정집계
2025-12-01,G20601,얼음 소매업,3,3,관측체계 내 확정집계
2025-12-01,G20602,주류 소매업,18,18,관측체계 내 확정집계
2025-12-01,G20603,생수/음료 소매업,22,22,관측체계 내 확정집계
2025-12-01,G20604,우유 소매업,19,19,관측체계 내 확정집계
2025-12-01,G20701,담배/전자담배 소매업,93,93,관측체계 내 확정집계
2025-12-01,G20801,컴퓨터/소프트웨어 소매업,231,231,관측체계 내 확정집계
2025-12-01,G20802,핸드폰 소매업,747,747,관측체계 내 확정집계
2025-12-01,G20803,가전제품 소매업,259,259,관측체계 내 확정집계
2025-12-01,G20901,남성 의류 소매업,289,289,관측체계 내 확정집계
2025-12-01,G20902,여성 의류 소매업,1097,1097,관측체계 내 확정집계
2025-12-01,G20903,유아용 의류 소매업,152,152,관측체계 내 확정집계
2025-12-01,G20904,한복 소매업,16,16,관측체계 내 확정집계
2025-12-01,G20905,기타 의류 소매업,2089,2089,관측체계 내 확정집계
2025-12-01,G20906,침구류/커튼 소매업,335,335,관측체계 내 확정집계
2025-12-01,G20907,액세서리/잡화 소매업,238,238,관측체계 내 확정집계
2025-12-01,G20908,가발 소매업,38,38,관측체계 내 확정집계
2025-12-01,G20909,실/섬유제품 소매업,85,85,관측체계 내 확정집계
2025-12-01,G20910,신발 소매업,268,268,관측체계 내 확정집계
2025-12-01,G20911,가방 소매업,135,135,관측체계 내 확정집계
2025-12-01,G21001,철물/공구 소매업,421,421,관측체계 내 확정집계
2025-12-01,G21002,벽지/장판/마루 소매업,155,155,관측체계 내 확정집계
2025-12-01,G21003,건설/건축자재 소매업,26,26,관측체계 내 확정집계
2025-12-01,G21099,기타 건설/건축자재 소매업,44,44,관측체계 내 확정집계
2025-12-01,G21101,가구 소매업,316,316,관측체계 내 확정집계
2025-12-01,G21201,전기용품/조명장치 소매업,200,200,관측체계 내 확정집계
2025-12-01,G21202,주방/가정용품 소매업,332,332,관측체계 내 확정집계
2025-12-01,G21203,악기 소매업,54,54,관측체계 내 확정집계
2025-12-01,G21301,서점,257,257,관측체계 내 확정집계
2025-12-01,G21302,문구/회화용품 소매업,301,301,관측체계 내 확정집계
2025-12-01,G21303,음반/비디오물 소매업,8,8,관측체계 내 확정집계
2025-12-01,G21304,운동용품 소매업,318,318,관측체계 내 확정집계
2025-12-01,G21305,자전거 소매업,93,93,관측체계 내 확정집계
2025-12-01,G21306,장난감 소매업,112,112,관측체계 내 확정집계
2025-12-01,G21401,주유소,269,269,관측체계 내 확정집계
2025-12-01,G21402,가스 충전소,41,41,관측체계 내 확정집계
2025-12-01,G21403,가정용 연료 소매업,117,117,관측체계 내 확정집계
2025-12-01,G21501,약국,750,750,관측체계 내 확정집계
2025-12-01,G21502,의료기기 소매업,242,242,관측체계 내 확정집계
2025-12-01,G21503,화장품 소매업,874,874,관측체계 내 확정집계
2025-12-01,G21601,사무기기 소매업,66,66,관측체계 내 확정집계
2025-12-01,G21602,안경렌즈 소매업,313,313,관측체계 내 확정집계
2025-12-01,G21603,사진기/기타 광학기기 소매업,24,24,관측체계 내 확정집계
2025-12-01,G21701,시계/귀금속 소매업,332,332,관측체계 내 확정집계
2025-12-01,G21801,예술품 소매업,128,128,관측체계 내 확정집계
2025-12-01,G21802,기념품점,148,148,관측체계 내 확정집계
2025-12-01,G21901,꽃집,609,609,관측체계 내 확정집계
2025-12-01,G22001,애완동물/애완용품 소매업,352,352,관측체계 내 확정집계
2025-12-01,G22199,그 외 기타 상품 전문 소매업,502,502,관측체계 내 확정집계
2025-12-01,G22201,중고 상품 소매업,337,337,관측체계 내 확정집계
2025-12-01,I10101,호텔/리조트,37,37,관측체계 내 확정집계
2025-12-01,I10102,여관/모텔,503,503,관측체계 내 확정집계
2025-12-01,I10103,펜션,119,119,관측체계 내 확정집계
2025-12-01,I10104,캠핑/글램핑,7,7,관측체계 내 확정집계
2025-12-01,I10201,기숙사/고시원,48,48,관측체계 내 확정집계
2025-12-01,I10299,그 외 기타 숙박업,4,4,관측체계 내 확정집계
2025-12-01,I20101,백반/한정식,4982,4982,관측체계 내 확정집계
2025-12-01,I20102,국/탕/찌개류,857,857,관측체계 내 확정집계
2025-12-01,I20103,족발/보쌈,206,206,관측체계 내 확정집계
2025-12-01,I20104,전/부침개,22,22,관측체계 내 확정집계
2025-12-01,I20105,국수/칼국수,720,720,관측체계 내 확정집계
2025-12-01,I20106,냉면/밀면,90,90,관측체계 내 확정집계
2025-12-01,I20107,돼지고기 구이/찜,1645,1645,관측체계 내 확정집계
2025-12-01,I20108,소고기 구이/찜,211,211,관측체계 내 확정집계
2025-12-01,I20109,곱창 전골/구이,194,194,관측체계 내 확정집계
2025-12-01,I20110,닭/오리고기 구이/찜,220,220,관측체계 내 확정집계
2025-12-01,I20111,횟집,397,397,관측체계 내 확정집계
2025-12-01,I20112,해산물 구이/찜,348,348,관측체계 내 확정집계
2025-12-01,I20113,복 요리 전문,16,16,관측체계 내 확정집계
2025-12-01,I20199,기타 한식 음식점,68,68,관측체계 내 확정집계
2025-12-01,I20201,중국집,683,683,관측체계 내 확정집계
2025-12-01,I20202,마라탕/훠궈,121,121,관측체계 내 확정집계
2025-12-01,I20301,일식 회/초밥,567,567,관측체계 내 확정집계
2025-12-01,I20302,일식 카레/돈가스/덮밥,69,69,관측체계 내 확정집계
2025-12-01,I20303,일식 면 요리,71,71,관측체계 내 확정집계
2025-12-01,I20399,기타 일식 음식점,8,8,관측체계 내 확정집계
2025-12-01,I20401,경양식,505,505,관측체계 내 확정집계
2025-12-01,I20402,파스타/스테이크,62,62,관측체계 내 확정집계
2025-12-01,I20403,패밀리레스토랑,11,11,관측체계 내 확정집계
2025-12-01,I20499,기타 서양식 음식점,36,36,관측체계 내 확정집계
2025-12-01,I20501,베트남식 전문,118,118,관측체계 내 확정집계
2025-12-01,I20599,기타 동남아식 전문,12,12,관측체계 내 확정집계
2025-12-01,I20601,분류 안된 외국식 음식점,0,0,관측체계 내 확정집계
2025-12-01,I20701,구내식당,156,156,관측체계 내 확정집계
2025-12-01,I20702,뷔페,47,47,관측체계 내 확정집계
2025-12-01,I21001,빵/도넛,833,833,관측체계 내 확정집계
2025-12-01,I21002,떡/한과,281,281,관측체계 내 확정집계
2025-12-01,I21003,피자,523,523,관측체계 내 확정집계
2025-12-01,I21004,버거,189,189,관측체계 내 확정집계
2025-12-01,I21005,토스트/샌드위치/샐러드,107,107,관측체계 내 확정집계
2025-12-01,I21006,치킨,1112,1112,관측체계 내 확정집계
2025-12-01,I21007,김밥/만두/분식,1322,1322,관측체계 내 확정집계
2025-12-01,I21008,아이스크림/빙수,75,75,관측체계 내 확정집계
2025-12-01,I21099,그 외 기타 간이 음식점,169,169,관측체계 내 확정집계
2025-12-01,I21101,일반 유흥 주점,243,243,관측체계 내 확정집계
2025-12-01,I21102,무도 유흥 주점,18,18,관측체계 내 확정집계
2025-12-01,I21103,생맥주 전문,413,413,관측체계 내 확정집계
2025-12-01,I21104,요리 주점,1391,1391,관측체계 내 확정집계
2025-12-01,I21201,카페,3685,3685,관측체계 내 확정집계
2025-12-01,L10203,부동산 중개/대리업,2867,2867,관측체계 내 확정집계
2025-12-01,M10301,변호사,290,290,관측체계 내 확정집계
2025-12-01,M10302,변리사,115,115,관측체계 내 확정집계
2025-12-01,M10303,법무사,187,187,관측체계 내 확정집계
2025-12-01,M10306,행정사,104,104,관측체계 내 확정집계
2025-12-01,M10307,공인노무사,37,37,관측체계 내 확정집계
2025-12-01,M10399,기타 법무관련 서비스업,3,3,관측체계 내 확정집계
2025-12-01,M10401,공인회계사,43,43,관측체계 내 확정집계
2025-12-01,M10402,세무사,309,309,관측체계 내 확정집계
2025-12-01,M10499,기타 회계 관련 서비스업,2,2,관측체계 내 확정집계
2025-12-01,M10501,광고 대행업,666,666,관측체계 내 확정집계
2025-12-01,M10502,옥외/전시 광고 대행업,47,47,관측체계 내 확정집계
2025-12-01,M10503,광고 매체 판매업,15,15,관측체계 내 확정집계
2025-12-01,M10504,광고물 설계/제작업,266,266,관측체계 내 확정집계
2025-12-01,M10599,기타 광고 관련 서비스업,50,50,관측체계 내 확정집계
2025-12-01,M10601,시장 조사 및 여론 조사업,46,46,관측체계 내 확정집계
2025-12-01,M10703,경영 컨설팅업,1039,1039,관측체계 내 확정집계
2025-12-01,M10901,건축 설계 및 관련 서비스업,505,505,관측체계 내 확정집계
2025-12-01,M10902,도시 계획 및 조경 설계 서비스업,46,46,관측체계 내 확정집계
2025-12-01,M10903,건물 및 토목 엔지니어링 서비스업,159,159,관측체계 내 확정집계
2025-12-01,M10904,환경 관련 엔지니어링 서비스업,69,69,관측체계 내 확정집계
2025-12-01,M10999,기타 엔지니어링 서비스업,281,281,관측체계 내 확정집계
2025-12-01,M11101,동물병원,110,110,관측체계 내 확정집계
2025-12-01,M11201,인테리어 디자인업,731,731,관측체계 내 확정집계
2025-12-01,M11202,제품 디자인업,91,91,관측체계 내 확정집계
2025-12-01,M11203,시각 디자인업,307,307,관측체계 내 확정집계
2025-12-01,M11204,패션/섬유/기타 전문 디자인업,22,22,관측체계 내 확정집계
2025-12-01,M11301,사진촬영업,536,536,관측체계 내 확정집계
2025-12-01,M11401,명함/간판/광고물 제작,633,633,관측체계 내 확정집계
2025-12-01,M11502,번역/통역 서비스업,119,119,관측체계 내 확정집계
2025-12-01,M11504,사업/무형 재산권 중개업,68,68,관측체계 내 확정집계
2025-12-01,N10101,사업시설 유지·관리 서비스업,200,200,관측체계 내 확정집계
2025-12-01,N10201,건축물 일반 청소업,726,726,관측체계 내 확정집계
2025-12-01,N10202,"산업설비, 운송장비 및 공공장소 청소업",122,122,관측체계 내 확정집계
2025-12-01,N10203,"소독, 구충 및 방제 서비스업",153,153,관측체계 내 확정집계
2025-12-01,N10301,조경 유지·관리 서비스업,37,37,관측체계 내 확정집계
2025-12-01,N10401,고용 알선업,281,281,관측체계 내 확정집계
2025-12-01,N10402,임시/일용 인력 공급업,140,140,관측체계 내 확정집계
2025-12-01,N10403,상용 인력 공급 및 인사관리 서비스업,67,67,관측체계 내 확정집계
2025-12-01,N10501,여행사,313,313,관측체계 내 확정집계
2025-12-01,N10599,기타 여행 보조/예약 서비스업,29,29,관측체계 내 확정집계
2025-12-01,N10703,복사업,104,104,관측체계 내 확정집계
2025-12-01,N10799,기타 사무 지원 서비스업,30,30,관측체계 내 확정집계
2025-12-01,N10802,전시/컨벤션/행사 대행 서비스업,350,350,관측체계 내 확정집계
2025-12-01,N10805,포장/충전업,29,29,관측체계 내 확정집계
2025-12-01,N10901,자동차 대여업,106,106,관측체계 내 확정집계
2025-12-01,N10999,기타 운송장비 대여업,21,21,관측체계 내 확정집계
2025-12-01,N11001,스포츠/레크리에이션 용품 대여업,33,33,관측체계 내 확정집계
2025-12-01,N11002,음반/비디오물 대여업,3,3,관측체계 내 확정집계
2025-12-01,N11003,만화방,23,23,관측체계 내 확정집계
2025-12-01,N11004,의류 대여업,71,71,관측체계 내 확정집계
2025-12-01,N11099,기타 개인/가정용품 대여업,139,139,관측체계 내 확정집계
2025-12-01,N11101,건설기계/장비 대여업,60,60,관측체계 내 확정집계
2025-12-01,N11102,컴퓨터/사무기기 대여업,63,63,관측체계 내 확정집계
2025-12-01,N11199,기타 산업용 기계/장비 대여업,86,86,관측체계 내 확정집계
2025-12-01,P10501,입시·교과학원,2022,2022,관측체계 내 확정집계
2025-12-01,P10601,태권도/무술학원,418,418,관측체계 내 확정집계
2025-12-01,P10603,요가/필라테스 학원,519,519,관측체계 내 확정집계
2025-12-01,P10605,레크리에이션 교육기관,136,136,관측체계 내 확정집계
2025-12-01,P10607,청소년 수련시설,13,13,관측체계 내 확정집계
2025-12-01,P10609,음악학원,560,560,관측체계 내 확정집계
2025-12-01,P10611,미술학원,297,297,관측체계 내 확정집계
2025-12-01,P10613,기타 예술/스포츠 교육기관,140,140,관측체계 내 확정집계
2025-12-01,P10615,외국어학원,157,157,관측체계 내 확정집계
2025-12-01,P10617,전문자격/고시학원,21,21,관측체계 내 확정집계
2025-12-01,P10619,사회교육시설,24,24,관측체계 내 확정집계
2025-12-01,P10621,직원 훈련기관,85,85,관측체계 내 확정집계
2025-12-01,P10623,운전학원,15,15,관측체계 내 확정집계
2025-12-01,P10625,기타 기술/직업 훈련학원,538,538,관측체계 내 확정집계
2025-12-01,P10627,컴퓨터 학원,48,48,관측체계 내 확정집계
2025-12-01,P10629,그 외 기타 교육기관,226,226,관측체계 내 확정집계
2025-12-01,P10701,교육컨설팅업,146,146,관측체계 내 확정집계
2025-12-01,P10799,기타 교육지원 서비스업,186,186,관측체계 내 확정집계
2025-12-01,Q10101,종합병원,12,12,관측체계 내 확정집계
2025-12-01,Q10102,일반병원,38,38,관측체계 내 확정집계
2025-12-01,Q10103,치과병원,11,11,관측체계 내 확정집계
2025-12-01,Q10104,한방병원,15,15,관측체계 내 확정집계
2025-12-01,Q10105,요양병원,49,49,관측체계 내 확정집계
2025-12-01,Q10201,내과/소아과 의원,270,270,관측체계 내 확정집계
2025-12-01,Q10202,외과 의원,114,114,관측체계 내 확정집계
2025-12-01,Q10203,신경/정신과 의원,67,67,관측체계 내 확정집계
2025-12-01,Q10204,피부/비뇨기과 의원,144,144,관측체계 내 확정집계
2025-12-01,Q10205,안과 의원,36,36,관측체계 내 확정집계
2025-12-01,Q10206,이비인후과 의원,55,55,관측체계 내 확정집계
2025-12-01,Q10207,산부인과 의원,41,41,관측체계 내 확정집계
2025-12-01,Q10208,성형외과 의원,42,42,관측체계 내 확정집계
2025-12-01,Q10209,기타 의원,108,108,관측체계 내 확정집계
2025-12-01,Q10210,치과의원,427,427,관측체계 내 확정집계
2025-12-01,Q10211,한의원,376,376,관측체계 내 확정집계
2025-12-01,Q10212,방사선 진단/병리 검사 의원,21,21,관측체계 내 확정집계
2025-12-01,Q10402,유사 의료업,132,132,관측체계 내 확정집계
2025-12-01,R10202,독서실/스터디 카페,342,342,관측체계 내 확정집계
2025-12-01,R10306,종합 스포츠시설,22,22,관측체계 내 확정집계
2025-12-01,R10307,헬스장,531,531,관측체계 내 확정집계
2025-12-01,R10308,수영장,20,20,관측체계 내 확정집계
2025-12-01,R10309,볼링장,36,36,관측체계 내 확정집계
2025-12-01,R10310,당구장,312,312,관측체계 내 확정집계
2025-12-01,R10311,골프 연습장,338,338,관측체계 내 확정집계
2025-12-01,R10312,테니스장,80,80,관측체계 내 확정집계
2025-12-01,R10313,탁구장,44,44,관측체계 내 확정집계
2025-12-01,R10314,기타 스포츠시설 운영업,53,53,관측체계 내 확정집계
2025-12-01,R10316,스쿼시/라켓볼장,4,4,관측체계 내 확정집계
2025-12-01,R10402,비디오방,2,2,관측체계 내 확정집계
2025-12-01,R10404,전자 게임장,69,69,관측체계 내 확정집계
2025-12-01,R10405,기타 오락장,156,156,관측체계 내 확정집계
2025-12-01,R10406,PC방,202,202,관측체계 내 확정집계
2025-12-01,R10407,노래방,1072,1072,관측체계 내 확정집계
2025-12-01,R10408,낚시터 운영업,5,5,관측체계 내 확정집계
2025-12-01,R10409,수상/해양 레저업,6,6,관측체계 내 확정집계
2025-12-01,R10410,복권 발행/판매업,176,176,관측체계 내 확정집계
2025-12-01,R10414,바둑/장기/체스 경기 운영업,13,13,관측체계 내 확정집계
2025-12-01,R10499,기타 오락관련 서비스업,68,68,관측체계 내 확정집계
2025-12-01,S20101,컴퓨터/노트북/프린터 수리업,256,256,관측체계 내 확정집계
2025-12-01,S20201,핸드폰/통신장비 수리업,52,52,관측체계 내 확정집계
2025-12-01,S20301,자동차 정비소,1226,1226,관측체계 내 확정집계
2025-12-01,S20302,자동차 세차장,491,491,관측체계 내 확정집계
2025-12-01,S20401,모터사이클 수리업,89,89,관측체계 내 확정집계
2025-12-01,S20501,가전제품 수리업,414,414,관측체계 내 확정집계
2025-12-01,S20601,의류/이불 수선업,266,266,관측체계 내 확정집계
2025-12-01,S20602,가죽/가방/신발 수선업,22,22,관측체계 내 확정집계
2025-12-01,S20603,시계/귀금속/악기 수리업,8,8,관측체계 내 확정집계
2025-12-01,S20699,그 외 기타 개인/가정용품 수리업,271,271,관측체계 내 확정집계
2025-12-01,S20701,미용실,3948,3948,관측체계 내 확정집계
2025-12-01,S20702,피부 관리실,1172,1172,관측체계 내 확정집계
2025-12-01,S20703,네일숍,820,820,관측체계 내 확정집계
2025-12-01,S20801,목욕탕/사우나,83,83,관측체계 내 확정집계
2025-12-01,S20802,마사지/안마,205,205,관측체계 내 확정집계
2025-12-01,S20803,체형/비만 관리,98,98,관측체계 내 확정집계
2025-12-01,S20901,세탁소,647,647,관측체계 내 확정집계
2025-12-01,S20902,셀프 빨래방,203,203,관측체계 내 확정집계
2025-12-01,S21001,장례식장,183,183,관측체계 내 확정집계
2025-12-01,S21002,화장터/묘지/납골당,38,38,관측체계 내 확정집계
2025-12-01,S21101,예식장업,28,28,관측체계 내 확정집계
2025-12-01,S21105,결혼 상담 서비스업,97,97,관측체계 내 확정집계
2026-03-01,G20201,타이어 소매업,35,35,관측체계 내 확정집계
2026-03-01,G20202,자동차 부품 소매업,295,295,관측체계 내 확정집계
2026-03-01,G20301,모터사이클 및 부품 소매업,63,63,관측체계 내 확정집계
2026-03-01,G20404,슈퍼마켓,1572,1572,관측체계 내 확정집계
2026-03-01,G20405,편의점,1472,1472,관측체계 내 확정집계
2026-03-01,G20499,그 외 기타 종합 소매업,157,157,관측체계 내 확정집계
2026-03-01,G20501,곡물/곡분 소매업,68,68,관측체계 내 확정집계
2026-03-01,G20502,가축 사료 소매업,159,159,관측체계 내 확정집계
2026-03-01,G20503,정육점,693,693,관측체계 내 확정집계
2026-03-01,G20504,건어물/젓갈 소매업,122,122,관측체계 내 확정집계
2026-03-01,G20505,수산물 소매업,152,152,관측체계 내 확정집계
2026-03-01,G20506,채소/과일 소매업,475,475,관측체계 내 확정집계
2026-03-01,G20507,아이스크림 할인점,5,5,관측체계 내 확정집계
2026-03-01,G20508,건강보조식품 소매업,633,633,관측체계 내 확정집계
2026-03-01,G20509,반찬/식료품 소매업,335,335,관측체계 내 확정집계
2026-03-01,G20601,얼음 소매업,3,3,관측체계 내 확정집계
2026-03-01,G20602,주류 소매업,18,18,관측체계 내 확정집계
2026-03-01,G20603,생수/음료 소매업,22,22,관측체계 내 확정집계
2026-03-01,G20604,우유 소매업,20,20,관측체계 내 확정집계
2026-03-01,G20701,담배/전자담배 소매업,92,92,관측체계 내 확정집계
2026-03-01,G20801,컴퓨터/소프트웨어 소매업,233,233,관측체계 내 확정집계
2026-03-01,G20802,핸드폰 소매업,727,727,관측체계 내 확정집계
2026-03-01,G20803,가전제품 소매업,255,255,관측체계 내 확정집계
2026-03-01,G20901,남성 의류 소매업,274,274,관측체계 내 확정집계
2026-03-01,G20902,여성 의류 소매업,1052,1052,관측체계 내 확정집계
2026-03-01,G20903,유아용 의류 소매업,150,150,관측체계 내 확정집계
2026-03-01,G20904,한복 소매업,14,14,관측체계 내 확정집계
2026-03-01,G20905,기타 의류 소매업,2107,2107,관측체계 내 확정집계
2026-03-01,G20906,침구류/커튼 소매업,332,332,관측체계 내 확정집계
2026-03-01,G20907,액세서리/잡화 소매업,229,229,관측체계 내 확정집계
2026-03-01,G20908,가발 소매업,58,58,관측체계 내 확정집계
2026-03-01,G20909,실/섬유제품 소매업,85,85,관측체계 내 확정집계
2026-03-01,G20910,신발 소매업,263,263,관측체계 내 확정집계
2026-03-01,G20911,가방 소매업,136,136,관측체계 내 확정집계
2026-03-01,G21001,철물/공구 소매업,412,412,관측체계 내 확정집계
2026-03-01,G21002,벽지/장판/마루 소매업,151,151,관측체계 내 확정집계
2026-03-01,G21003,건설/건축자재 소매업,25,25,관측체계 내 확정집계
2026-03-01,G21099,기타 건설/건축자재 소매업,41,41,관측체계 내 확정집계
2026-03-01,G21101,가구 소매업,315,315,관측체계 내 확정집계
2026-03-01,G21201,전기용품/조명장치 소매업,199,199,관측체계 내 확정집계
2026-03-01,G21202,주방/가정용품 소매업,331,331,관측체계 내 확정집계
2026-03-01,G21203,악기 소매업,56,56,관측체계 내 확정집계
2026-03-01,G21301,서점,259,259,관측체계 내 확정집계
2026-03-01,G21302,문구/회화용품 소매업,293,293,관측체계 내 확정집계
2026-03-01,G21303,음반/비디오물 소매업,8,8,관측체계 내 확정집계
2026-03-01,G21304,운동용품 소매업,336,336,관측체계 내 확정집계
2026-03-01,G21305,자전거 소매업,93,93,관측체계 내 확정집계
2026-03-01,G21306,장난감 소매업,118,118,관측체계 내 확정집계
2026-03-01,G21401,주유소,271,271,관측체계 내 확정집계
2026-03-01,G21402,가스 충전소,41,41,관측체계 내 확정집계
2026-03-01,G21403,가정용 연료 소매업,117,117,관측체계 내 확정집계
2026-03-01,G21501,약국,745,745,관측체계 내 확정집계
2026-03-01,G21502,의료기기 소매업,262,262,관측체계 내 확정집계
2026-03-01,G21503,화장품 소매업,883,883,관측체계 내 확정집계
2026-03-01,G21601,사무기기 소매업,69,69,관측체계 내 확정집계
2026-03-01,G21602,안경렌즈 소매업,312,312,관측체계 내 확정집계
2026-03-01,G21603,사진기/기타 광학기기 소매업,23,23,관측체계 내 확정집계
2026-03-01,G21701,시계/귀금속 소매업,326,326,관측체계 내 확정집계
2026-03-01,G21801,예술품 소매업,127,127,관측체계 내 확정집계
2026-03-01,G21802,기념품점,147,147,관측체계 내 확정집계
2026-03-01,G21901,꽃집,613,613,관측체계 내 확정집계
2026-03-01,G22001,애완동물/애완용품 소매업,366,366,관측체계 내 확정집계
2026-03-01,G22199,그 외 기타 상품 전문 소매업,606,606,관측체계 내 확정집계
2026-03-01,G22201,중고 상품 소매업,333,333,관측체계 내 확정집계
2026-03-01,I10101,호텔/리조트,37,37,관측체계 내 확정집계
2026-03-01,I10102,여관/모텔,509,509,관측체계 내 확정집계
2026-03-01,I10103,펜션,115,115,관측체계 내 확정집계
2026-03-01,I10104,캠핑/글램핑,7,7,관측체계 내 확정집계
2026-03-01,I10201,기숙사/고시원,47,47,관측체계 내 확정집계
2026-03-01,I10299,그 외 기타 숙박업,4,4,관측체계 내 확정집계
2026-03-01,I20101,백반/한정식,5328,5328,관측체계 내 확정집계
2026-03-01,I20102,국/탕/찌개류,885,885,관측체계 내 확정집계
2026-03-01,I20103,족발/보쌈,203,203,관측체계 내 확정집계
2026-03-01,I20104,전/부침개,24,24,관측체계 내 확정집계
2026-03-01,I20105,국수/칼국수,724,724,관측체계 내 확정집계
2026-03-01,I20106,냉면/밀면,87,87,관측체계 내 확정집계
2026-03-01,I20107,돼지고기 구이/찜,1628,1628,관측체계 내 확정집계
2026-03-01,I20108,소고기 구이/찜,214,214,관측체계 내 확정집계
2026-03-01,I20109,곱창 전골/구이,194,194,관측체계 내 확정집계
2026-03-01,I20110,닭/오리고기 구이/찜,226,226,관측체계 내 확정집계
2026-03-01,I20111,횟집,388,388,관측체계 내 확정집계
2026-03-01,I20112,해산물 구이/찜,344,344,관측체계 내 확정집계
2026-03-01,I20113,복 요리 전문,16,16,관측체계 내 확정집계
2026-03-01,I20199,기타 한식 음식점,72,72,관측체계 내 확정집계
2026-03-01,I20201,중국집,707,707,관측체계 내 확정집계
2026-03-01,I20202,마라탕/훠궈,130,130,관측체계 내 확정집계
2026-03-01,I20301,일식 회/초밥,605,605,관측체계 내 확정집계
2026-03-01,I20302,일식 카레/돈가스/덮밥,69,69,관측체계 내 확정집계
2026-03-01,I20303,일식 면 요리,75,75,관측체계 내 확정집계
2026-03-01,I20399,기타 일식 음식점,8,8,관측체계 내 확정집계
2026-03-01,I20401,경양식,536,536,관측체계 내 확정집계
2026-03-01,I20402,파스타/스테이크,66,66,관측체계 내 확정집계
2026-03-01,I20403,패밀리레스토랑,11,11,관측체계 내 확정집계
2026-03-01,I20499,기타 서양식 음식점,39,39,관측체계 내 확정집계
2026-03-01,I20501,베트남식 전문,115,115,관측체계 내 확정집계
2026-03-01,I20599,기타 동남아식 전문,13,13,관측체계 내 확정집계
2026-03-01,I20601,분류 안된 외국식 음식점,0,0,관측체계 내 확정집계
2026-03-01,I20701,구내식당,149,149,관측체계 내 확정집계
2026-03-01,I20702,뷔페,54,54,관측체계 내 확정집계
2026-03-01,I21001,빵/도넛,835,835,관측체계 내 확정집계
2026-03-01,I21002,떡/한과,275,275,관측체계 내 확정집계
2026-03-01,I21003,피자,501,501,관측체계 내 확정집계
2026-03-01,I21004,버거,197,197,관측체계 내 확정집계
2026-03-01,I21005,토스트/샌드위치/샐러드,111,111,관측체계 내 확정집계
2026-03-01,I21006,치킨,1129,1129,관측체계 내 확정집계
2026-03-01,I21007,김밥/만두/분식,1316,1316,관측체계 내 확정집계
2026-03-01,I21008,아이스크림/빙수,76,76,관측체계 내 확정집계
2026-03-01,I21099,그 외 기타 간이 음식점,159,159,관측체계 내 확정집계
2026-03-01,I21101,일반 유흥 주점,239,239,관측체계 내 확정집계
2026-03-01,I21102,무도 유흥 주점,18,18,관측체계 내 확정집계
2026-03-01,I21103,생맥주 전문,405,405,관측체계 내 확정집계
2026-03-01,I21104,요리 주점,1347,1347,관측체계 내 확정집계
2026-03-01,I21201,카페,3637,3637,관측체계 내 확정집계
2026-03-01,L10203,부동산 중개/대리업,2797,2797,관측체계 내 확정집계
2026-03-01,M10301,변호사,292,292,관측체계 내 확정집계
2026-03-01,M10302,변리사,115,115,관측체계 내 확정집계
2026-03-01,M10303,법무사,186,186,관측체계 내 확정집계
2026-03-01,M10306,행정사,100,100,관측체계 내 확정집계
2026-03-01,M10307,공인노무사,36,36,관측체계 내 확정집계
2026-03-01,M10399,기타 법무관련 서비스업,2,2,관측체계 내 확정집계
2026-03-01,M10401,공인회계사,51,51,관측체계 내 확정집계
2026-03-01,M10402,세무사,307,307,관측체계 내 확정집계
2026-03-01,M10499,기타 회계 관련 서비스업,2,2,관측체계 내 확정집계
2026-03-01,M10501,광고 대행업,660,660,관측체계 내 확정집계
2026-03-01,M10502,옥외/전시 광고 대행업,47,47,관측체계 내 확정집계
2026-03-01,M10503,광고 매체 판매업,15,15,관측체계 내 확정집계
2026-03-01,M10504,광고물 설계/제작업,263,263,관측체계 내 확정집계
2026-03-01,M10599,기타 광고 관련 서비스업,49,49,관측체계 내 확정집계
2026-03-01,M10601,시장 조사 및 여론 조사업,45,45,관측체계 내 확정집계
2026-03-01,M10703,경영 컨설팅업,1018,1018,관측체계 내 확정집계
2026-03-01,M10901,건축 설계 및 관련 서비스업,504,504,관측체계 내 확정집계
2026-03-01,M10902,도시 계획 및 조경 설계 서비스업,45,45,관측체계 내 확정집계
2026-03-01,M10903,건물 및 토목 엔지니어링 서비스업,157,157,관측체계 내 확정집계
2026-03-01,M10904,환경 관련 엔지니어링 서비스업,68,68,관측체계 내 확정집계
2026-03-01,M10999,기타 엔지니어링 서비스업,281,281,관측체계 내 확정집계
2026-03-01,M11101,동물병원,111,111,관측체계 내 확정집계
2026-03-01,M11201,인테리어 디자인업,714,714,관측체계 내 확정집계
2026-03-01,M11202,제품 디자인업,89,89,관측체계 내 확정집계
2026-03-01,M11203,시각 디자인업,296,296,관측체계 내 확정집계
2026-03-01,M11204,패션/섬유/기타 전문 디자인업,21,21,관측체계 내 확정집계
2026-03-01,M11301,사진촬영업,534,534,관측체계 내 확정집계
2026-03-01,M11401,명함/간판/광고물 제작,628,628,관측체계 내 확정집계
2026-03-01,M11502,번역/통역 서비스업,141,141,관측체계 내 확정집계
2026-03-01,M11504,사업/무형 재산권 중개업,65,65,관측체계 내 확정집계
2026-03-01,N10101,사업시설 유지·관리 서비스업,195,195,관측체계 내 확정집계
2026-03-01,N10201,건축물 일반 청소업,704,704,관측체계 내 확정집계
2026-03-01,N10202,"산업설비, 운송장비 및 공공장소 청소업",119,119,관측체계 내 확정집계
2026-03-01,N10203,"소독, 구충 및 방제 서비스업",153,153,관측체계 내 확정집계
2026-03-01,N10301,조경 유지·관리 서비스업,36,36,관측체계 내 확정집계
2026-03-01,N10401,고용 알선업,272,272,관측체계 내 확정집계
2026-03-01,N10402,임시/일용 인력 공급업,136,136,관측체계 내 확정집계
2026-03-01,N10403,상용 인력 공급 및 인사관리 서비스업,65,65,관측체계 내 확정집계
2026-03-01,N10501,여행사,311,311,관측체계 내 확정집계
2026-03-01,N10599,기타 여행 보조/예약 서비스업,28,28,관측체계 내 확정집계
2026-03-01,N10703,복사업,103,103,관측체계 내 확정집계
2026-03-01,N10799,기타 사무 지원 서비스업,29,29,관측체계 내 확정집계
2026-03-01,N10802,전시/컨벤션/행사 대행 서비스업,342,342,관측체계 내 확정집계
2026-03-01,N10805,포장/충전업,29,29,관측체계 내 확정집계
2026-03-01,N10901,자동차 대여업,108,108,관측체계 내 확정집계
2026-03-01,N10999,기타 운송장비 대여업,22,22,관측체계 내 확정집계
2026-03-01,N11001,스포츠/레크리에이션 용품 대여업,31,31,관측체계 내 확정집계
2026-03-01,N11002,음반/비디오물 대여업,3,3,관측체계 내 확정집계
2026-03-01,N11003,만화방,22,22,관측체계 내 확정집계
2026-03-01,N11004,의류 대여업,68,68,관측체계 내 확정집계
2026-03-01,N11099,기타 개인/가정용품 대여업,135,135,관측체계 내 확정집계
2026-03-01,N11101,건설기계/장비 대여업,58,58,관측체계 내 확정집계
2026-03-01,N11102,컴퓨터/사무기기 대여업,63,63,관측체계 내 확정집계
2026-03-01,N11199,기타 산업용 기계/장비 대여업,87,87,관측체계 내 확정집계
2026-03-01,P10501,입시·교과학원,2065,2065,관측체계 내 확정집계
2026-03-01,P10601,태권도/무술학원,409,409,관측체계 내 확정집계
2026-03-01,P10603,요가/필라테스 학원,510,510,관측체계 내 확정집계
2026-03-01,P10605,레크리에이션 교육기관,134,134,관측체계 내 확정집계
2026-03-01,P10607,청소년 수련시설,13,13,관측체계 내 확정집계
2026-03-01,P10609,음악학원,565,565,관측체계 내 확정집계
2026-03-01,P10611,미술학원,291,291,관측체계 내 확정집계
2026-03-01,P10613,기타 예술/스포츠 교육기관,138,138,관측체계 내 확정집계
2026-03-01,P10615,외국어학원,156,156,관측체계 내 확정집계
2026-03-01,P10617,전문자격/고시학원,21,21,관측체계 내 확정집계
2026-03-01,P10619,사회교육시설,24,24,관측체계 내 확정집계
2026-03-01,P10621,직원 훈련기관,84,84,관측체계 내 확정집계
2026-03-01,P10623,운전학원,15,15,관측체계 내 확정집계
2026-03-01,P10625,기타 기술/직업 훈련학원,524,524,관측체계 내 확정집계
2026-03-01,P10627,컴퓨터 학원,47,47,관측체계 내 확정집계
2026-03-01,P10629,그 외 기타 교육기관,220,220,관측체계 내 확정집계
2026-03-01,P10701,교육컨설팅업,143,143,관측체계 내 확정집계
2026-03-01,P10799,기타 교육지원 서비스업,183,183,관측체계 내 확정집계
2026-03-01,Q10101,종합병원,12,12,관측체계 내 확정집계
2026-03-01,Q10102,일반병원,38,38,관측체계 내 확정집계
2026-03-01,Q10103,치과병원,19,19,관측체계 내 확정집계
2026-03-01,Q10104,한방병원,15,15,관측체계 내 확정집계
2026-03-01,Q10105,요양병원,49,49,관측체계 내 확정집계
2026-03-01,Q10201,내과/소아과 의원,275,275,관측체계 내 확정집계
2026-03-01,Q10202,외과 의원,114,114,관측체계 내 확정집계
2026-03-01,Q10203,신경/정신과 의원,66,66,관측체계 내 확정집계
2026-03-01,Q10204,피부/비뇨기과 의원,143,143,관측체계 내 확정집계
2026-03-01,Q10205,안과 의원,36,36,관측체계 내 확정집계
2026-03-01,Q10206,이비인후과 의원,55,55,관측체계 내 확정집계
2026-03-01,Q10207,산부인과 의원,41,41,관측체계 내 확정집계
2026-03-01,Q10208,성형외과 의원,42,42,관측체계 내 확정집계
2026-03-01,Q10209,기타 의원,108,108,관측체계 내 확정집계
2026-03-01,Q10210,치과의원,424,424,관측체계 내 확정집계
2026-03-01,Q10211,한의원,378,378,관측체계 내 확정집계
2026-03-01,Q10212,방사선 진단/병리 검사 의원,21,21,관측체계 내 확정집계
2026-03-01,Q10402,유사 의료업,131,131,관측체계 내 확정집계
2026-03-01,R10202,독서실/스터디 카페,345,345,관측체계 내 확정집계
2026-03-01,R10306,종합 스포츠시설,20,20,관측체계 내 확정집계
2026-03-01,R10307,헬스장,579,579,관측체계 내 확정집계
2026-03-01,R10308,수영장,23,23,관측체계 내 확정집계
2026-03-01,R10309,볼링장,35,35,관측체계 내 확정집계
2026-03-01,R10310,당구장,318,318,관측체계 내 확정집계
2026-03-01,R10311,골프 연습장,334,334,관측체계 내 확정집계
2026-03-01,R10312,테니스장,78,78,관측체계 내 확정집계
2026-03-01,R10313,탁구장,44,44,관측체계 내 확정집계
2026-03-01,R10314,기타 스포츠시설 운영업,49,49,관측체계 내 확정집계
2026-03-01,R10316,스쿼시/라켓볼장,4,4,관측체계 내 확정집계
2026-03-01,R10402,비디오방,2,2,관측체계 내 확정집계
2026-03-01,R10404,전자 게임장,69,69,관측체계 내 확정집계
2026-03-01,R10405,기타 오락장,150,150,관측체계 내 확정집계
2026-03-01,R10406,PC방,198,198,관측체계 내 확정집계
2026-03-01,R10407,노래방,1070,1070,관측체계 내 확정집계
2026-03-01,R10408,낚시터 운영업,5,5,관측체계 내 확정집계
2026-03-01,R10409,수상/해양 레저업,6,6,관측체계 내 확정집계
2026-03-01,R10410,복권 발행/판매업,175,175,관측체계 내 확정집계
2026-03-01,R10414,바둑/장기/체스 경기 운영업,12,12,관측체계 내 확정집계
2026-03-01,R10499,기타 오락관련 서비스업,75,75,관측체계 내 확정집계
2026-03-01,S20101,컴퓨터/노트북/프린터 수리업,252,252,관측체계 내 확정집계
2026-03-01,S20201,핸드폰/통신장비 수리업,52,52,관측체계 내 확정집계
2026-03-01,S20301,자동차 정비소,1219,1219,관측체계 내 확정집계
2026-03-01,S20302,자동차 세차장,513,513,관측체계 내 확정집계
2026-03-01,S20401,모터사이클 수리업,89,89,관측체계 내 확정집계
2026-03-01,S20501,가전제품 수리업,403,403,관측체계 내 확정집계
2026-03-01,S20601,의류/이불 수선업,262,262,관측체계 내 확정집계
2026-03-01,S20602,가죽/가방/신발 수선업,21,21,관측체계 내 확정집계
2026-03-01,S20603,시계/귀금속/악기 수리업,7,7,관측체계 내 확정집계
2026-03-01,S20699,그 외 기타 개인/가정용품 수리업,276,276,관측체계 내 확정집계
2026-03-01,S20701,미용실,4052,4052,관측체계 내 확정집계
2026-03-01,S20702,피부 관리실,1160,1160,관측체계 내 확정집계
2026-03-01,S20703,네일숍,799,799,관측체계 내 확정집계
2026-03-01,S20801,목욕탕/사우나,83,83,관측체계 내 확정집계
2026-03-01,S20802,마사지/안마,201,201,관측체계 내 확정집계
2026-03-01,S20803,체형/비만 관리,103,103,관측체계 내 확정집계
2026-03-01,S20901,세탁소,646,646,관측체계 내 확정집계
2026-03-01,S20902,셀프 빨래방,205,205,관측체계 내 확정집계
2026-03-01,S21001,장례식장,181,181,관측체계 내 확정집계
2026-03-01,S21002,화장터/묘지/납골당,38,38,관측체계 내 확정집계
2026-03-01,S21101,예식장업,28,28,관측체계 내 확정집계
2026-03-01,S21105,결혼 상담 서비스업,101,101,관측체계 내 확정집계
2026-06-01,G20201,타이어 소매업,39,39,관측체계 내 확정집계
2026-06-01,G20202,자동차 부품 소매업,282,282,관측체계 내 확정집계
2026-06-01,G20301,모터사이클 및 부품 소매업,65,65,관측체계 내 확정집계
2026-06-01,G20404,슈퍼마켓,1688,1688,관측체계 내 확정집계
2026-06-01,G20405,편의점,1465,1465,관측체계 내 확정집계
2026-06-01,G20499,그 외 기타 종합 소매업,204,204,관측체계 내 확정집계
2026-06-01,G20501,곡물/곡분 소매업,69,69,관측체계 내 확정집계
2026-06-01,G20502,가축 사료 소매업,19,19,관측체계 내 확정집계
2026-06-01,G20503,정육점,672,672,관측체계 내 확정집계
2026-06-01,G20504,건어물/젓갈 소매업,132,132,관측체계 내 확정집계
2026-06-01,G20505,수산물 소매업,152,152,관측체계 내 확정집계
2026-06-01,G20506,채소/과일 소매업,507,507,관측체계 내 확정집계
2026-06-01,G20507,아이스크림 할인점,5,5,관측체계 내 확정집계
2026-06-01,G20508,건강보조식품 소매업,623,623,관측체계 내 확정집계
2026-06-01,G20509,반찬/식료품 소매업,394,394,관측체계 내 확정집계
2026-06-01,G20601,얼음 소매업,3,3,관측체계 내 확정집계
2026-06-01,G20602,주류 소매업,18,18,관측체계 내 확정집계
2026-06-01,G20603,생수/음료 소매업,23,23,관측체계 내 확정집계
2026-06-01,G20604,우유 소매업,18,18,관측체계 내 확정집계
2026-06-01,G20701,담배/전자담배 소매업,103,103,관측체계 내 확정집계
2026-06-01,G20801,컴퓨터/소프트웨어 소매업,242,242,관측체계 내 확정집계
2026-06-01,G20802,핸드폰 소매업,790,790,관측체계 내 확정집계
2026-06-01,G20803,가전제품 소매업,268,268,관측체계 내 확정집계
2026-06-01,G20901,남성 의류 소매업,286,286,관측체계 내 확정집계
2026-06-01,G20902,여성 의류 소매업,1125,1125,관측체계 내 확정집계
2026-06-01,G20903,유아용 의류 소매업,160,160,관측체계 내 확정집계
2026-06-01,G20904,한복 소매업,16,16,관측체계 내 확정집계
2026-06-01,G20905,기타 의류 소매업,2044,2044,관측체계 내 확정집계
2026-06-01,G20906,침구류/커튼 소매업,339,339,관측체계 내 확정집계
2026-06-01,G20907,액세서리/잡화 소매업,255,255,관측체계 내 확정집계
2026-06-01,G20908,가발 소매업,26,26,관측체계 내 확정집계
2026-06-01,G20909,실/섬유제품 소매업,92,92,관측체계 내 확정집계
2026-06-01,G20910,신발 소매업,269,269,관측체계 내 확정집계
2026-06-01,G20911,가방 소매업,143,143,관측체계 내 확정집계
2026-06-01,G21001,철물/공구 소매업,433,433,관측체계 내 확정집계
2026-06-01,G21002,벽지/장판/마루 소매업,160,160,관측체계 내 확정집계
2026-06-01,G21003,건설/건축자재 소매업,27,27,관측체계 내 확정집계
2026-06-01,G21099,기타 건설/건축자재 소매업,49,49,관측체계 내 확정집계
2026-06-01,G21101,가구 소매업,306,306,관측체계 내 확정집계
2026-06-01,G21201,전기용품/조명장치 소매업,198,198,관측체계 내 확정집계
2026-06-01,G21202,주방/가정용품 소매업,329,329,관측체계 내 확정집계
2026-06-01,G21203,악기 소매업,54,54,관측체계 내 확정집계
2026-06-01,G21301,서점,253,253,관측체계 내 확정집계
2026-06-01,G21302,문구/회화용품 소매업,299,299,관측체계 내 확정집계
2026-06-01,G21303,음반/비디오물 소매업,8,8,관측체계 내 확정집계
2026-06-01,G21304,운동용품 소매업,294,294,관측체계 내 확정집계
2026-06-01,G21305,자전거 소매업,96,96,관측체계 내 확정집계
2026-06-01,G21306,장난감 소매업,121,121,관측체계 내 확정집계
2026-06-01,G21401,주유소,264,264,관측체계 내 확정집계
2026-06-01,G21402,가스 충전소,42,42,관측체계 내 확정집계
2026-06-01,G21403,가정용 연료 소매업,114,114,관측체계 내 확정집계
2026-06-01,G21501,약국,782,782,관측체계 내 확정집계
2026-06-01,G21502,의료기기 소매업,232,232,관측체계 내 확정집계
2026-06-01,G21503,화장품 소매업,921,921,관측체계 내 확정집계
2026-06-01,G21601,사무기기 소매업,64,64,관측체계 내 확정집계
2026-06-01,G21602,안경렌즈 소매업,323,323,관측체계 내 확정집계
2026-06-01,G21603,사진기/기타 광학기기 소매업,22,22,관측체계 내 확정집계
2026-06-01,G21701,시계/귀금속 소매업,340,340,관측체계 내 확정집계
2026-06-01,G21801,예술품 소매업,144,144,관측체계 내 확정집계
2026-06-01,G21802,기념품점,162,162,관측체계 내 확정집계
2026-06-01,G21901,꽃집,594,594,관측체계 내 확정집계
2026-06-01,G22001,애완동물/애완용품 소매업,353,353,관측체계 내 확정집계
2026-06-01,G22199,그 외 기타 상품 전문 소매업,331,331,관측체계 내 확정집계
2026-06-01,G22201,중고 상품 소매업,363,363,관측체계 내 확정집계
2026-06-01,I10101,호텔/리조트,41,41,관측체계 내 확정집계
2026-06-01,I10102,여관/모텔,526,526,관측체계 내 확정집계
2026-06-01,I10103,펜션,274,274,관측체계 내 확정집계
2026-06-01,I10104,캠핑/글램핑,9,9,관측체계 내 확정집계
2026-06-01,I10201,기숙사/고시원,48,48,관측체계 내 확정집계
2026-06-01,I10299,그 외 기타 숙박업,6,6,관측체계 내 확정집계
2026-06-01,I20101,백반/한정식,5111,5111,관측체계 내 확정집계
2026-06-01,I20102,국/탕/찌개류,891,891,관측체계 내 확정집계
2026-06-01,I20103,족발/보쌈,208,208,관측체계 내 확정집계
2026-06-01,I20104,전/부침개,24,24,관측체계 내 확정집계
2026-06-01,I20105,국수/칼국수,760,760,관측체계 내 확정집계
2026-06-01,I20106,냉면/밀면,99,99,관측체계 내 확정집계
2026-06-01,I20107,돼지고기 구이/찜,1708,1708,관측체계 내 확정집계
2026-06-01,I20108,소고기 구이/찜,212,212,관측체계 내 확정집계
2026-06-01,I20109,곱창 전골/구이,194,194,관측체계 내 확정집계
2026-06-01,I20110,닭/오리고기 구이/찜,229,229,관측체계 내 확정집계
2026-06-01,I20111,횟집,407,407,관측체계 내 확정집계
2026-06-01,I20112,해산물 구이/찜,352,352,관측체계 내 확정집계
2026-06-01,I20113,복 요리 전문,19,19,관측체계 내 확정집계
2026-06-01,I20199,기타 한식 음식점,77,77,관측체계 내 확정집계
2026-06-01,I20201,중국집,730,730,관측체계 내 확정집계
2026-06-01,I20202,마라탕/훠궈,136,136,관측체계 내 확정집계
2026-06-01,I20301,일식 회/초밥,625,625,관측체계 내 확정집계
2026-06-01,I20302,일식 카레/돈가스/덮밥,75,75,관측체계 내 확정집계
2026-06-01,I20303,일식 면 요리,78,78,관측체계 내 확정집계
2026-06-01,I20399,기타 일식 음식점,9,9,관측체계 내 확정집계
2026-06-01,I20401,경양식,562,562,관측체계 내 확정집계
2026-06-01,I20402,파스타/스테이크,71,71,관측체계 내 확정집계
2026-06-01,I20403,패밀리레스토랑,13,13,관측체계 내 확정집계
2026-06-01,I20499,기타 서양식 음식점,39,39,관측체계 내 확정집계
2026-06-01,I20501,베트남식 전문,141,141,관측체계 내 확정집계
2026-06-01,I20599,기타 동남아식 전문,12,12,관측체계 내 확정집계
2026-06-01,I20601,분류 안된 외국식 음식점,0,0,관측체계 내 확정집계
2026-06-01,I20701,구내식당,164,164,관측체계 내 확정집계
2026-06-01,I20702,뷔페,57,57,관측체계 내 확정집계
2026-06-01,I21001,빵/도넛,881,881,관측체계 내 확정집계
2026-06-01,I21002,떡/한과,266,266,관측체계 내 확정집계
2026-06-01,I21003,피자,533,533,관측체계 내 확정집계
2026-06-01,I21004,버거,196,196,관측체계 내 확정집계
2026-06-01,I21005,토스트/샌드위치/샐러드,115,115,관측체계 내 확정집계
2026-06-01,I21006,치킨,1211,1211,관측체계 내 확정집계
2026-06-01,I21007,김밥/만두/분식,1409,1409,관측체계 내 확정집계
2026-06-01,I21008,아이스크림/빙수,77,77,관측체계 내 확정집계
2026-06-01,I21099,그 외 기타 간이 음식점,174,174,관측체계 내 확정집계
2026-06-01,I21101,일반 유흥 주점,266,266,관측체계 내 확정집계
2026-06-01,I21102,무도 유흥 주점,18,18,관측체계 내 확정집계
2026-06-01,I21103,생맥주 전문,450,450,관측체계 내 확정집계
2026-06-01,I21104,요리 주점,1415,1415,관측체계 내 확정집계
2026-06-01,I21201,카페,3836,3836,관측체계 내 확정집계
2026-06-01,L10203,부동산 중개/대리업,2803,2803,관측체계 내 확정집계
2026-06-01,M10301,변호사,297,297,관측체계 내 확정집계
2026-06-01,M10302,변리사,118,118,관측체계 내 확정집계
2026-06-01,M10303,법무사,195,195,관측체계 내 확정집계
2026-06-01,M10306,행정사,111,111,관측체계 내 확정집계
2026-06-01,M10307,공인노무사,41,41,관측체계 내 확정집계
2026-06-01,M10399,기타 법무관련 서비스업,9,9,관측체계 내 확정집계
2026-06-01,M10401,공인회계사,35,35,관측체계 내 확정집계
2026-06-01,M10402,세무사,322,322,관측체계 내 확정집계
2026-06-01,M10499,기타 회계 관련 서비스업,2,2,관측체계 내 확정집계
2026-06-01,M10501,광고 대행업,775,775,관측체계 내 확정집계
2026-06-01,M10502,옥외/전시 광고 대행업,52,52,관측체계 내 확정집계
2026-06-01,M10503,광고 매체 판매업,19,19,관측체계 내 확정집계
2026-06-01,M10504,광고물 설계/제작업,277,277,관측체계 내 확정집계
2026-06-01,M10599,기타 광고 관련 서비스업,58,58,관측체계 내 확정집계
2026-06-01,M10601,시장 조사 및 여론 조사업,49,49,관측체계 내 확정집계
2026-06-01,M10703,경영 컨설팅업,1270,1270,관측체계 내 확정집계
2026-06-01,M10901,건축 설계 및 관련 서비스업,515,515,관측체계 내 확정집계
2026-06-01,M10902,도시 계획 및 조경 설계 서비스업,45,45,관측체계 내 확정집계
2026-06-01,M10903,건물 및 토목 엔지니어링 서비스업,173,173,관측체계 내 확정집계
2026-06-01,M10904,환경 관련 엔지니어링 서비스업,73,73,관측체계 내 확정집계
2026-06-01,M10999,기타 엔지니어링 서비스업,311,311,관측체계 내 확정집계
2026-06-01,M11101,동물병원,111,111,관측체계 내 확정집계
2026-06-01,M11201,인테리어 디자인업,734,734,관측체계 내 확정집계
2026-06-01,M11202,제품 디자인업,100,100,관측체계 내 확정집계
2026-06-01,M11203,시각 디자인업,360,360,관측체계 내 확정집계
2026-06-01,M11204,패션/섬유/기타 전문 디자인업,23,23,관측체계 내 확정집계
2026-06-01,M11301,사진촬영업,570,570,관측체계 내 확정집계
2026-06-01,M11401,명함/간판/광고물 제작,629,629,관측체계 내 확정집계
2026-06-01,M11502,번역/통역 서비스업,57,57,관측체계 내 확정집계
2026-06-01,M11504,사업/무형 재산권 중개업,74,74,관측체계 내 확정집계
2026-06-01,N10101,사업시설 유지·관리 서비스업,232,232,관측체계 내 확정집계
2026-06-01,N10201,건축물 일반 청소업,903,903,관측체계 내 확정집계
2026-06-01,N10202,"산업설비, 운송장비 및 공공장소 청소업",123,123,관측체계 내 확정집계
2026-06-01,N10203,"소독, 구충 및 방제 서비스업",168,168,관측체계 내 확정집계
2026-06-01,N10301,조경 유지·관리 서비스업,40,40,관측체계 내 확정집계
2026-06-01,N10401,고용 알선업,277,277,관측체계 내 확정집계
2026-06-01,N10402,임시/일용 인력 공급업,161,161,관측체계 내 확정집계
2026-06-01,N10403,상용 인력 공급 및 인사관리 서비스업,67,67,관측체계 내 확정집계
2026-06-01,N10501,여행사,316,316,관측체계 내 확정집계
2026-06-01,N10599,기타 여행 보조/예약 서비스업,31,31,관측체계 내 확정집계
2026-06-01,N10703,복사업,104,104,관측체계 내 확정집계
2026-06-01,N10799,기타 사무 지원 서비스업,29,29,관측체계 내 확정집계
2026-06-01,N10802,전시/컨벤션/행사 대행 서비스업,387,387,관측체계 내 확정집계
2026-06-01,N10805,포장/충전업,31,31,관측체계 내 확정집계
2026-06-01,N10901,자동차 대여업,104,104,관측체계 내 확정집계
2026-06-01,N10999,기타 운송장비 대여업,26,26,관측체계 내 확정집계
2026-06-01,N11001,스포츠/레크리에이션 용품 대여업,41,41,관측체계 내 확정집계
2026-06-01,N11002,음반/비디오물 대여업,5,5,관측체계 내 확정집계
2026-06-01,N11003,만화방,27,27,관측체계 내 확정집계
2026-06-01,N11004,의류 대여업,71,71,관측체계 내 확정집계
2026-06-01,N11099,기타 개인/가정용품 대여업,149,149,관측체계 내 확정집계
2026-06-01,N11101,건설기계/장비 대여업,60,60,관측체계 내 확정집계
2026-06-01,N11102,컴퓨터/사무기기 대여업,68,68,관측체계 내 확정집계
2026-06-01,N11199,기타 산업용 기계/장비 대여업,87,87,관측체계 내 확정집계
2026-06-01,P10501,입시·교과학원,1783,1783,관측체계 내 확정집계
2026-06-01,P10601,태권도/무술학원,394,394,관측체계 내 확정집계
2026-06-01,P10603,요가/필라테스 학원,567,567,관측체계 내 확정집계
2026-06-01,P10605,레크리에이션 교육기관,139,139,관측체계 내 확정집계
2026-06-01,P10607,청소년 수련시설,11,11,관측체계 내 확정집계
2026-06-01,P10609,음악학원,537,537,관측체계 내 확정집계
2026-06-01,P10611,미술학원,272,272,관측체계 내 확정집계
2026-06-01,P10613,기타 예술/스포츠 교육기관,150,150,관측체계 내 확정집계
2026-06-01,P10615,외국어학원,158,158,관측체계 내 확정집계
2026-06-01,P10617,전문자격/고시학원,21,21,관측체계 내 확정집계
2026-06-01,P10619,사회교육시설,25,25,관측체계 내 확정집계
2026-06-01,P10621,직원 훈련기관,85,85,관측체계 내 확정집계
2026-06-01,P10623,운전학원,16,16,관측체계 내 확정집계
2026-06-01,P10625,기타 기술/직업 훈련학원,546,546,관측체계 내 확정집계
2026-06-01,P10627,컴퓨터 학원,48,48,관측체계 내 확정집계
2026-06-01,P10629,그 외 기타 교육기관,232,232,관측체계 내 확정집계
2026-06-01,P10701,교육컨설팅업,175,175,관측체계 내 확정집계
2026-06-01,P10799,기타 교육지원 서비스업,240,240,관측체계 내 확정집계
2026-06-01,Q10101,종합병원,9,9,관측체계 내 확정집계
2026-06-01,Q10102,일반병원,38,38,관측체계 내 확정집계
2026-06-01,Q10103,치과병원,8,8,관측체계 내 확정집계
2026-06-01,Q10104,한방병원,15,15,관측체계 내 확정집계
2026-06-01,Q10105,요양병원,50,50,관측체계 내 확정집계
2026-06-01,Q10201,내과/소아과 의원,255,255,관측체계 내 확정집계
2026-06-01,Q10202,외과 의원,113,113,관측체계 내 확정집계
2026-06-01,Q10203,신경/정신과 의원,66,66,관측체계 내 확정집계
2026-06-01,Q10204,피부/비뇨기과 의원,145,145,관측체계 내 확정집계
2026-06-01,Q10205,안과 의원,37,37,관측체계 내 확정집계
2026-06-01,Q10206,이비인후과 의원,56,56,관측체계 내 확정집계
2026-06-01,Q10207,산부인과 의원,42,42,관측체계 내 확정집계
2026-06-01,Q10208,성형외과 의원,42,42,관측체계 내 확정집계
2026-06-01,Q10209,기타 의원,108,108,관측체계 내 확정집계
2026-06-01,Q10210,치과의원,429,429,관측체계 내 확정집계
2026-06-01,Q10211,한의원,379,379,관측체계 내 확정집계
2026-06-01,Q10212,방사선 진단/병리 검사 의원,21,21,관측체계 내 확정집계
2026-06-01,Q10402,유사 의료업,131,131,관측체계 내 확정집계
2026-06-01,R10202,독서실/스터디 카페,361,361,관측체계 내 확정집계
2026-06-01,R10306,종합 스포츠시설,30,30,관측체계 내 확정집계
2026-06-01,R10307,헬스장,467,467,관측체계 내 확정집계
2026-06-01,R10308,수영장,15,15,관측체계 내 확정집계
2026-06-01,R10309,볼링장,37,37,관측체계 내 확정집계
2026-06-01,R10310,당구장,332,332,관측체계 내 확정집계
2026-06-01,R10311,골프 연습장,346,346,관측체계 내 확정집계
2026-06-01,R10312,테니스장,78,78,관측체계 내 확정집계
2026-06-01,R10313,탁구장,49,49,관측체계 내 확정집계
2026-06-01,R10314,기타 스포츠시설 운영업,64,64,관측체계 내 확정집계
2026-06-01,R10316,스쿼시/라켓볼장,6,6,관측체계 내 확정집계
2026-06-01,R10402,비디오방,3,3,관측체계 내 확정집계
2026-06-01,R10404,전자 게임장,109,109,관측체계 내 확정집계
2026-06-01,R10405,기타 오락장,172,172,관측체계 내 확정집계
2026-06-01,R10406,PC방,222,222,관측체계 내 확정집계
2026-06-01,R10407,노래방,1121,1121,관측체계 내 확정집계
2026-06-01,R10408,낚시터 운영업,5,5,관측체계 내 확정집계
2026-06-01,R10409,수상/해양 레저업,6,6,관측체계 내 확정집계
2026-06-01,R10410,복권 발행/판매업,192,192,관측체계 내 확정집계
2026-06-01,R10414,바둑/장기/체스 경기 운영업,13,13,관측체계 내 확정집계
2026-06-01,R10499,기타 오락관련 서비스업,61,61,관측체계 내 확정집계
2026-06-01,S20101,컴퓨터/노트북/프린터 수리업,273,273,관측체계 내 확정집계
2026-06-01,S20201,핸드폰/통신장비 수리업,58,58,관측체계 내 확정집계
2026-06-01,S20301,자동차 정비소,1248,1248,관측체계 내 확정집계
2026-06-01,S20302,자동차 세차장,498,498,관측체계 내 확정집계
2026-06-01,S20401,모터사이클 수리업,90,90,관측체계 내 확정집계
2026-06-01,S20501,가전제품 수리업,463,463,관측체계 내 확정집계
2026-06-01,S20601,의류/이불 수선업,287,287,관측체계 내 확정집계
2026-06-01,S20602,가죽/가방/신발 수선업,22,22,관측체계 내 확정집계
2026-06-01,S20603,시계/귀금속/악기 수리업,9,9,관측체계 내 확정집계
2026-06-01,S20699,그 외 기타 개인/가정용품 수리업,267,267,관측체계 내 확정집계
2026-06-01,S20701,미용실,4024,4024,관측체계 내 확정집계
2026-06-01,S20702,피부 관리실,1233,1233,관측체계 내 확정집계
2026-06-01,S20703,네일숍,888,888,관측체계 내 확정집계
2026-06-01,S20801,목욕탕/사우나,84,84,관측체계 내 확정집계
2026-06-01,S20802,마사지/안마,203,203,관측체계 내 확정집계
2026-06-01,S20803,체형/비만 관리,122,122,관측체계 내 확정집계
2026-06-01,S20901,세탁소,669,669,관측체계 내 확정집계
2026-06-01,S20902,셀프 빨래방,214,214,관측체계 내 확정집계
2026-06-01,S21001,장례식장,181,181,관측체계 내 확정집계
2026-06-01,S21002,화장터/묘지/납골당,40,40,관측체계 내 확정집계
2026-06-01,S21101,예식장업,26,26,관측체계 내 확정집계
2026-06-01,S21105,결혼 상담 서비스업,90,90,관측체계 내 확정집계
